t,inp,resp
0,11.9333022404596,11.6494227519159
0.0200000000000102,11.9388603692295,11.6547753460521
0.0400000000000205,11.9444184979994,11.6601279401882
0.0600000000000023,11.9499766267693,11.6654805343244
0.0800000000000125,11.9555347555393,11.6708331284606
0.100000000000023,11.9610928843092,11.6761857225967
0.120000000000005,11.9666510130791,11.6815383167329
0.140000000000015,11.972209141849,11.6868909108691
0.159999999999997,11.9777672706189,11.6922435050053
0.180000000000007,11.9833253993888,11.6975960991414
0.200000000000017,11.9888835281587,11.7029486932776
0.219999999999999,11.9944416569286,11.7083012874138
0.240000000000009,11.9999997856985,11.7139205679085
0.260000000000019,11.9999996799809,11.7210749669578
0.280000000000001,11.9999996799809,11.7302460994944
0.300000000000011,12.0000008804166,11.7398604512645
0.320000000000022,12.0000006593709,11.7457883792469
0.340000000000003,11.9999997751881,11.7450158339028
0.360000000000014,11.9999997751881,11.7413918605588
0.379999999999995,11.9999998488014,11.7392503305188
0.400000000000006,12.0000001689196,11.7475161623505
0.420000000000016,12.0000002459153,11.754966942839
0.439999999999998,12.0000002711878,11.7654501945239
0.460000000000008,12.0000002883313,11.770028845974
0.480000000000018,12.0000002003203,11.7739067443525
0.5,12.0000002003203,11.7786252048066
0.52000000000001,12.0000002761356,11.7871560818016
0.54000000000002,12.0000005035816,11.8021292208362
0.560000000000002,12.0000004040196,11.8187120910138
0.580000000000013,12.0000000057713,11.8322531592727
0.600000000000023,12.0000000088421,11.8382207265115
0.620000000000005,11.9999999754188,11.8406636641171
0.640000000000015,11.9999998382987,11.845433770234
0.659999999999997,11.9999998579552,11.8528254318603
0.680000000000007,11.9999999365812,11.8592031759533
0.700000000000017,11.9999999365812,11.8596718671918
0.719999999999999,11.9999998902215,11.8579977092025
0.740000000000009,11.9999997047827,11.8556758087723
0.760000000000019,11.9999996964358,11.8560047536068
0.780000000000001,11.9999996797421,11.8610406593014
0.800000000000011,11.9999995841094,11.8659809578863
0.820000000000022,11.9999992015784,11.863417078355
0.840000000000003,11.9999995121599,11.8595067983939
0.860000000000014,11.9999999780322,11.8597574641641
0.879999999999995,11.9999999780322,11.8636962761024
0.900000000000006,11.9999996878669,11.8705128732825
0.920000000000016,12.0000002675229,11.877447440144
0.939999999999998,12.0000003019675,11.8817148124683
0.960000000000008,12.0000003019675,11.88624719005
0.980000000000018,12.0000001770305,11.8935341314787
1,12.000000152043,11.902701981222
1.02000000000001,12.000000152043,11.9073604867255
1.04000000000002,11.9999995537364,11.9111036081262
1.06,11.9999998894861,11.9120843157812
1.08000000000001,11.9999999566361,11.9133804303482
1.10000000000002,11.9999999566361,11.9153453133961
1.12,11.9999994007297,11.9187182325152
1.14000000000001,11.9999994007297,11.9208648288891
1.16,-12.0000004950187,11.9175701511366
1.18000000000001,-12.0000004950187,11.9142412281741
1.20000000000002,-11.9999996516261,11.9139630558519
1.22,-11.9999996516261,11.6330631560251
1.24000000000001,-11.9999998267816,9.37143555199271
1.26000000000002,-12.0000005300856,6.51178141220961
1.28,-12.0000004980262,3.17804794677042
1.30000000000001,-12.0000004437539,0.391338525273173
1.32000000000002,-12.0000002266645,-1.92952543283367
1.34,-12.0000001168644,-3.09206896079264
1.36000000000001,-11.999999677664,-4.43157449957249
1.38,-11.999999677664,-6.13829209823286
1.40000000000001,-11.9999997557525,-7.54361056920076
1.42000000000002,-12.0000000681065,-8.66380898436291
1.44,-12.0000000022569,-8.6862293802116
1.46000000000001,-11.9999997388584,-8.47802266533242
1.48000000000002,-11.9999998322195,-8.52830284423543
1.5,-12.0000002056639,-8.97224306329483
1.52000000000001,-12.0000002374712,-9.50699771187969
1.54000000000002,-12.0000003231788,-9.89476030265686
1.56,-12.0000001810697,-9.82062114911203
1.58000000000001,-12.0000002769829,-9.46770594757033
1.60000000000002,-12.0000002990418,-9.3707168110002
1.62,-12.0000003500376,-9.45559221791056
1.64000000000001,-12.0000001638391,-9.96222411720377
1.66,-12.0000000893597,-10.1888061709148
1.68000000000001,-12.0000000893597,-10.2197927102595
1.70000000000002,-11.9999999995242,-10.1288677012599
1.72,-11.9999997749355,-10.0642378615886
1.74000000000001,-11.9999997749355,-10.1399039529895
1.76000000000002,-12.0000000275216,-10.3130124161492
1.78,-12.0000002801076,-10.4260306412974
1.80000000000001,-12.0000001725643,-10.4978099840019
1.82000000000002,-11.9999999933255,-10.4879296639718
1.84,-11.9999998185414,-10.4884724632204
1.86000000000001,-11.9999997020187,-10.5124548988235
1.88,-11.9999997635704,-10.5919254848986
1.90000000000001,-11.9999998046049,-10.6762228830267
1.92000000000002,-12.000000111252,-10.7147498175264
1.94,-12.0000002273639,-10.7359635372175
1.96000000000001,-12.0000002273639,-10.7627127008733
1.98000000000002,-12.0000001173186,-10.8115108355824
2,-12.0000001173186,-10.8724201885665
2.02000000000001,-12.0000000480963,-10.9158407626719
2.04000000000002,-11.9999997712071,-10.9439192208234
2.06,-11.999999767949,-10.9630790286265
2.08000000000001,-11.9999997549165,-11.0104320183812
2.10000000000002,-11.9999998945283,-11.0415849855413
2.12,-12.0000001737519,-11.0736207226681
2.14000000000001,-12.0000001737519,-11.0929127711299
2.16,-12.0000001130349,-11.1044366178004
2.18000000000001,-11.9999998701668,-11.1164864615919
2.20000000000002,-11.9999998274836,-11.1341204731024
2.22,-11.9999997710637,-11.1667383073883
2.24000000000001,-11.9999998785079,-11.1834202718299
2.26000000000002,-11.9999998436977,-11.1896855345234
2.28,-11.9999997044568,-11.193708347104
2.30000000000001,-11.9999997044568,-11.2006569021083
2.32000000000002,-11.9999998989978,-11.2185337346345
2.34,-12.0000006771615,-11.2303409912187
2.36000000000001,-12.0000004651444,-11.239833659976
2.38,-11.9999996170761,-11.2502768419247
2.40000000000001,-11.9999997114837,-11.2644290214385
2.42000000000002,-12.0000000891141,-11.2806256486396
2.44,-12.0000000652647,-11.2928864346075
2.46000000000001,-11.9999999698669,-11.3080396424819
2.48000000000002,-11.9999999698669,-11.3280548262093
2.5,-12.0000000239574,-11.3503182823672
2.52000000000001,-12.0000002403194,-11.3698773715288
2.54000000000002,-12.0000001563919,-11.3835504800858
2.56,-11.9999997367547,-11.3975570114644
2.58000000000001,-11.9999996142754,-11.4129700441746
2.60000000000002,-11.9999996142754,-11.4311097048061
2.62,-11.9999995688893,-11.4500906016905
2.64000000000001,-11.9999995688893,-11.4645752762396
2.66,-11.9999995688893,-11.4764234117067
2.68000000000001,-11.9999999357122,-11.485419270742
2.70000000000002,-11.9999998846462,-11.4906077787634
2.72,-11.9999996993128,-11.4985356103935
2.74000000000001,-11.9999997750343,-11.5061708610591
2.76000000000002,-11.9999997684828,-11.5136725554599
2.78,-11.9999997357253,-11.5210609456533
2.80000000000001,-11.9999997357253,-11.5289060120668
2.82000000000002,-11.9999997357253,-11.5355663783896
2.84,-11.999999466087,-11.5433185826018
2.86000000000001,-11.999999466087,-11.5504983385487
2.88,-11.9999996696813,-11.5598541283553
2.90000000000001,-11.9999996696813,-11.571684221058
2.92000000000002,-12.000000512404,-11.5825844314464
2.94,-12.000000512404,-11.5930787699684
2.96000000000001,-12.000000512404,-11.6039495593982
2.98000000000002,-11.9999995059648,-11.6146829346294
3,-11.9999995059648,-11.6245720076638
3.02000000000001,-11.9999994040104,-11.6350127602625
3.04000000000002,-11.9999999773422,-11.6456626473222
3.06,-11.9999999773422,-11.6533720161333
3.08000000000001,-11.9999999773422,-11.6585679437112
3.10000000000002,-11.9999997080066,-11.6620601025964
3.12,-11.9999997080066,-11.6647178219766
3.14000000000001,-12.000000104271,-11.6685704125851
3.16,-12.0000001835238,-11.6754568710822
3.18000000000001,-12.000000205596,-11.6827565705719
3.20000000000002,-12.0000002100104,-11.686823906243
3.22,-12.0000008116598,-11.6896334627163
3.24000000000001,-12.0000008116598,-11.6923824759261
3.26000000000002,-12.0000008116598,-11.6961784122511
3.28,-12.0000002098546,-11.7015465191384
3.30000000000001,-12.0000000894936,-11.7077199804722
3.32000000000002,-11.9999993925083,-11.7153323213193
3.34,-12.0000000454673,-11.722983199667
3.36000000000001,-12.0000000454673,-11.7286754737894
3.38,-12.0000000454673,-11.7324762297415
3.40000000000001,-12.0000003659584,-11.7359029579228
3.42000000000002,-12.0000003659584,-11.740678059543
3.44,-12.000000100929,-11.7482045432403
3.46000000000001,-12.000000100929,-11.7564379158228
3.48000000000002,-12.0000004554203,-11.7632200273984
3.5,-12.0000004554203,-11.7692542990623
3.52000000000001,-11.9999999909727,-11.7731844344666
3.54000000000002,-11.9999999909727,-11.7734024172141
3.56,-12.0000000697206,-11.7718862488012
3.58000000000001,-12.0000000697206,-11.7724369441395
3.60000000000002,-12.0000001394205,-11.7769824938755
3.62,-12.0000003352459,-11.7844225529044
3.64000000000001,-12.0000000033494,-11.7903722951299
3.66,-12.0000000033494,-11.795158481468
3.68000000000001,-11.9999999544155,-11.7999024573326
3.70000000000002,-11.9999999544155,-11.8059593732668
3.72,-11.9999999544155,-11.8140576244663
3.74000000000001,-12.0000007685273,-11.821950380135
3.76000000000002,-12.0000006218647,-11.8280523105972
3.78,-12.0000000352145,-11.833294017823
3.80000000000001,-12.0000000841367,-11.8355505616773
3.82000000000002,-12.0000002798258,-11.8371656455035
3.84,-12.0000002798258,-11.8399477515245
3.86000000000001,-12.0000003902617,-11.8457389139475
3.88,-12.0000003902617,-11.847748387382
3.90000000000001,-12.0000002588542,-11.8493454606596
3.92000000000002,-11.9999997848183,-11.8479679805647
3.94,-11.999999991195,-11.844268881739
3.96000000000001,-11.999999991195,-11.8403394113318
3.98000000000002,-12.0000000489141,-11.8401799568007
4,-12.0000002797904,-11.8440422022741
4.02000000000001,-12.0000001578677,-11.8469228376646
4.04000000000002,-11.9999996701769,-11.8479241307612
4.06,-11.9999997784688,-11.8454527921602
4.08000000000001,-12.0000002116365,-11.8460559884832
4.10000000000002,-12.0000001337149,-11.8524898608393
4.12,-11.9999998999502,-11.8623652842113
4.14000000000001,-12.0000002083702,-11.8659191622194
4.16,-12.0000005503335,-11.8671497220834
4.18000000000001,-12.0000001141732,-11.8702588927459
4.20000000000002,-11.9999995296921,-11.8716502555436
4.22,-11.9999995404376,-11.8764815659638
4.24000000000001,-11.9999995834196,-11.8821698718426
4.26000000000002,-11.9999995834196,-11.8840405605782
4.28,-11.9999998620293,-11.8875568997988
4.30000000000001,-12.0000002799439,-11.8902464545631
4.32000000000002,-12.0000000613828,-11.8935390026919
4.34,-11.9999995149802,-11.8926683171045
4.36000000000001,-11.9999995736374,-11.8908791590539
4.38,-11.9999998771518,-11.8902307494713
4.40000000000001,-11.9999999211502,-11.8915495070319
4.42000000000002,-11.9999995022083,-11.8944066350787
4.44,-11.9999996732487,-11.8976467282166
4.46000000000001,-11.9999999298093,-11.9006098796074
4.48000000000002,-11.9999998167048,-11.9011433269129
4.5,-11.9999996470479,-11.904386146476
4.52000000000001,-2.39999989981123,-11.9119003302455
4.54000000000002,11.9999997426063,-11.9172880127454
4.56,11.9999998204627,-11.9180842619059
4.58000000000001,11.9999999245549,-11.9133604124834
4.60000000000002,11.9999998872443,-11.5545073459227
4.62,11.9999997753124,-9.87587866689021
4.64000000000001,11.9999997753124,-7.4950031788073
4.66,11.9999996866534,-3.11828832585262
4.68000000000001,11.9999994206764,-0.164499619969208
4.70000000000002,11.9999998476657,1.79341895119367
4.72,12.0000004881497,2.98268494476254
4.74000000000001,12.0000004351744,4.26049601161739
4.76000000000002,12.0000003292238,5.96926714387701
4.78,11.9999999928237,7.43327963150535
4.80000000000001,11.9999994882235,8.43125549099262
4.82000000000002,11.9999994882235,8.71908680429079
4.84,11.9999995489327,8.71774753153228
4.86000000000001,11.9999999265226,8.83329207798667
4.88,12.0000003563117,9.42255653744013
4.90000000000001,11.9999999926312,9.98176949643139
4.92000000000002,11.9999994471106,10.2065329140676
4.94,11.9999998363148,10.0506773014616
4.96000000000001,12.0000004201212,9.7058724380627
4.98000000000002,12.0000002399159,9.72469109566193
5,11.9999999696079,9.9923176341146
5.02000000000001,11.9999999257414,10.2741473143803
5.04000000000002,11.9999997502754,10.3945934847412
5.06,11.9999997502754,10.3856320069867
5.08000000000001,11.9999997703174,10.2830242218901
5.10000000000002,11.9999998504856,10.2319593614562
5.12,12.0000000370245,10.2660414594181
5.14000000000001,12.0000002857431,10.3235127509904
5.16,12.0000002639615,10.4566182107105
5.18000000000001,12.0000000559663,10.4825937648616
5.20000000000002,12.0000001679663,10.4771058328996
5.22,12.0000007304422,10.4908742275434
5.24000000000001,12.0000006949097,10.5461128134377
5.26000000000002,12.000000641611,10.620617200425
5.28,12.0000005164126,10.677262811597
5.30000000000001,12.000000328615,10.7025051967091
5.32000000000002,12.0000003106355,10.7196331859366
5.34,12.0000002387176,10.7527315939546
5.36000000000001,11.9999999795845,10.7957890204762
5.38,11.9999994613184,10.8662152477606
5.40000000000001,11.9999994613184,10.9036677383322
5.42000000000002,11.9999995304021,10.9287408925205
5.44,11.9999996340275,10.9499642972779
5.46000000000001,11.9999998740297,10.9759664326338
5.48000000000002,12.000000234033,11.0212944542741
5.5,12.0000001807489,11.0657327382769
5.52000000000001,11.9999999476259,11.0906730416981
5.54000000000002,11.9999998605182,11.1077796888593
5.56,11.999999894716,11.125858989291
5.58000000000001,12.000000065155,11.1490346522306
5.60000000000002,12.0000007469109,11.1729193142853
5.62,12.0000006587822,11.1923204331696
5.64000000000001,12.0000005265891,11.2072466193601
5.66,12.0000001306578,11.21698317287
5.68000000000001,11.9999995367609,11.2275781755356
5.70000000000002,11.9999995367609,11.2427641209556
5.72,11.9999995667602,11.266243797633
5.74000000000001,11.9999996567581,11.2924254207609
5.76000000000002,11.9999997748034,11.307200510735
5.78,12.0000000108939,11.314331735058
5.80000000000001,11.9999998191733,11.3225443743979
5.82000000000002,11.9999995315922,11.3385705774062
5.84,11.9999998394329,11.3626271683377
5.86000000000001,12.0000000618626,11.3850466732615
5.88,11.9999998997202,11.3971665466458
5.90000000000001,12.000000195002,11.4034825257637
5.92000000000002,12.0000001135577,11.4123282110887
5.94,11.999999950669,11.4298336778775
5.96000000000001,11.999999950669,11.4505602957414
5.98000000000002,11.9999998262124,11.4648912394583
6,11.9999996395275,11.4716187349735
6.02000000000001,11.9999995943911,11.4782886211868
6.04000000000002,11.999999458982,11.4907027113031
6.06,11.9999997409177,11.5071120621466
6.08000000000001,12.0000001638211,11.5211568649415
6.10000000000002,12.0000000028801,11.5292982887694
6.12,11.9999998329449,11.5333447291745
6.14000000000001,12.0000000926163,11.535884452905
6.16,12.0000003213019,11.5483635098657
6.18000000000001,12.0000001810239,11.562081388001
6.20000000000002,11.9999999706069,11.5796546816405
6.22,11.9999999600593,11.5913387716378
6.24000000000001,11.9999999284167,11.6011720311073
6.26000000000002,11.9999999917267,11.6067161706286
6.28,12.0000000866917,11.6131217956134
6.30000000000001,12.0000000866917,11.6224412203143
6.32000000000002,12.0000000282888,11.6334438652017
6.34,11.9999999406846,11.6466972419706
6.36000000000001,11.9999999682586,11.6556635761051
6.38000000000002,12.0000000096196,11.6637480325206
6.40000000000001,11.9999999194215,11.6711033533008
6.42000000000002,11.9999997841244,11.6784181195933
6.44,11.9999998681443,11.684281842376
6.46000000000001,12.0000001327375,11.6908588046275
6.48000000000002,11.9999998185394,11.6954644306266
6.5,11.9999993190418,11.7009255831391
6.52000000000001,11.9999996902946,11.7084517032862
6.54000000000002,12.0000002471737,11.7156691168175
6.56,12.000000144786,11.7209376127623
6.58000000000001,11.9999999912043,11.724958368935
6.60000000000002,12.0000000183381,11.728396931142
6.62,12.0000000590388,11.7356448306637
6.64000000000001,12.0000000590388,11.7428091712343
6.66,12.0000000344105,11.7492394667434
6.68000000000001,11.999999997468,11.7548946772994
6.70000000000002,11.9999999169744,11.7606492044482
6.72,11.9999997888726,11.7631180370917
6.74000000000001,12.0000001359817,11.7679031811136
6.76000000000002,12.0000004015426,11.773370485257
6.78,11.9999999548908,11.7786167204077
6.80000000000001,11.999999284913,11.7875673629909
6.82000000000002,11.9999997108378,11.7919557018681
6.84,12.000000349725,11.7924311427548
6.86000000000001,12.000000349725,11.7931768941488
6.88000000000002,12.0000002656608,11.7993210293623
6.90000000000001,12.0000001395646,11.8038913390697
6.92000000000002,12.0000000332476,11.810343074844
6.94,11.9999998737722,11.8187017484328
6.96000000000001,11.9999999134135,11.8207184045103
6.98000000000002,11.9999999728755,11.8215487739862
7,11.9999997951047,11.8211006678191
7.02000000000001,11.9999997428628,11.8219349613054
7.04000000000002,12.0000000399297,11.8263209033046
7.06,11.9999999908203,11.8296551276304
7.08000000000001,11.9999999972671,11.8338509710672
7.10000000000002,12.0000000069374,11.8373445283333
7.12,11.9999997905314,11.8401880516589
7.14000000000001,11.9999994659223,11.8454133045994
7.16,11.9999994659223,11.8510095828263
7.18000000000001,11.9999997509085,11.8567604498941
7.20000000000002,12.0000001783878,11.8616558736732
7.22,12.0000001625354,11.8654951506531
7.24000000000001,12.0000001308307,11.8682139810212
7.26000000000002,12.0000000527433,11.8704853855944
7.28,11.9999999356123,11.8743716690625
7.30000000000001,11.9999998782139,11.8747415017879
7.32000000000002,12.000000109054,11.8741740066706
7.34,12.0000002576438,11.8757190560158
7.36000000000001,11.9999997674186,11.8792000604061
7.38000000000002,11.9999997094457,11.8864355645939
7.40000000000001,11.9999996224864,11.8886402033214
7.42000000000002,11.9999996648594,11.887775844186
7.44,11.9999997496054,11.8855631192192
7.46000000000001,11.9999997496054,11.8867545524912
7.48000000000002,11.9999996676088,11.8926229810029
7.5,11.999999544614,11.8981898010286
7.52000000000001,11.9999995289385,11.8992557320454
7.54000000000002,11.9999995054254,11.8989101279238
7.56,2.39999967511493,11.8980846061763
7.58000000000001,-12.0000001919582,11.8992325165517
7.60000000000002,-12.0000003462876,11.9049033237667
7.62,-12.0000003041263,11.7944250555745
7.64000000000001,-12.0000000078527,10.9400537328865
7.66,-11.9999995634423,8.76079106073239
7.68000000000001,-11.9999998831296,6.06995347615471
7.70000000000002,-12.0000003626605,2.08422848443615
7.72,-12.0000003626605,-0.138338370955965
7.74000000000001,-12.0000001069734,-1.80132545134189
7.76000000000002,-11.9999997234427,-2.8241919811246
7.78,-12.0000000410137,-4.15250167165158
7.80000000000001,-12.0000005173702,-5.83786201371096
7.82000000000002,-12.0000002988722,-7.27244230157949
7.84,-12.00000008419,-7.9924524477107
7.86000000000001,-12.0000001248581,-8.04318511859337
7.88000000000002,-11.9999999314648,-8.03283148876874
7.90000000000001,-11.9999998097493,-8.43379112800161
7.92000000000002,-11.9999996271761,-9.17593719693956
7.94,-11.9999995666459,-9.81741292082944
7.96000000000001,-11.9999993850554,-9.980647204713
7.98000000000002,-11.9999997356388,-9.7440450302054
8,-12.0000002426223,-9.49510213775124
8.02000000000001,-12.0000000122479,-9.54074514009411
8.04000000000002,-11.9999997091923,-9.85321733510176
8.06,-11.9999999309439,-10.1640637814258
8.08000000000001,-12.0000002635712,-10.3708055354167
8.10000000000002,-12.000000193361,-10.3279400311203
8.12,-12.0000000880456,-10.214002208969
8.14000000000001,-12.0000000880456,-10.1504957180893
8.16,-12.0000001647883,-10.2006575334532
8.18000000000001,-12.0000002799023,-10.3593341532923
8.20000000000002,-12.0000002417745,-10.4538499868301
8.22,-12.0000001845827,-10.4738923908451
8.24000000000001,-12.0000002434679,-10.4545864414256
8.26000000000002,-12.0000001947772,-10.4579433158022
8.28,-11.9999999593902,-10.5104204394364
8.30000000000001,-11.9999999146012,-10.5868982877534
8.32000000000002,-12.0000000880157,-10.6440984016916
8.34,-12.0000003481374,-10.6665410398446
8.36000000000001,-12.0000004588046,-10.678231343604
8.38000000000002,-12.0000006248055,-10.7094041972269
8.40000000000001,-12.0000006248055,-10.7628701507454
8.42000000000002,-12.0000004827744,-10.8202883409587
8.44,-12.0000002697278,-10.8604234069266
8.46000000000001,-12.000000048724,-10.8817715066636
8.48000000000002,-11.9999997172184,-10.9020228622101
8.5,-11.9999995465264,-10.9341768547635
8.52000000000001,-11.9999992904883,-10.9762259759166
8.54000000000002,-11.9999994463379,-11.0153247027182
8.56,-11.9999998543163,-11.0429108060682
8.58000000000001,-12.000000038483,-11.0605130733196
8.60000000000002,-11.9999999227741,-11.0813225687451
8.62,-11.999999763106,-11.1082386029647
8.64000000000001,-11.9999995236038,-11.1332268877399
8.66,-11.9999997445749,-11.1520754048501
8.68000000000001,-12.0000000760316,-11.1665922142958
8.70000000000002,-11.9999999388848,-11.1841033423992
8.72,-11.9999997331647,-11.2035380746488
8.74000000000001,-11.9999997331647,-11.2227846121572
8.76000000000002,-11.9999998011944,-11.2410786616267
8.78,-11.999999903239,-11.2588552687093
8.80000000000001,-11.999999763974,-11.2766139890536
8.82000000000002,-11.9999996169751,-11.2948821690083
8.84,-11.9999997921492,-11.3109983993399
8.86000000000001,-11.9999999156387,-11.3269514053179
8.88000000000002,-11.9999999042036,-11.341944312786
8.90000000000001,-11.9999998870511,-11.3554497761336
8.92000000000002,-11.9999999494499,-11.3732086664672
8.94,-12.0000000430481,-11.3914453684471
8.96000000000001,-12.0000002623781,-11.4065618687003
8.98000000000002,-12.0000005913733,-11.4186361264454
9,-12.0000005913733,-11.4301174870903
9.02000000000001,-12.0000000896405,-11.4427915843291
9.04000000000002,-11.9999993370413,-11.4557359879555
9.06,-11.9999997032216,-11.4694720537128
9.08000000000001,-12.0000003488004,-11.4863706449056
9.10000000000002,-12.0000003036585,-11.4990997153414
9.12,-12.0000000192516,-11.507276053521
9.14000000000001,-11.999999796697,-11.5129064051218
9.16,-11.9999994628652,-11.5215985935964
9.18000000000001,-11.9999995621157,-11.5319910508308
9.20000000000002,-11.9999997109916,-11.5423571170584
9.22,-11.9999997844635,-11.5555859873666
9.24000000000001,-11.9999998946714,-11.561552641078
9.26000000000002,-11.9999997429444,-11.5734252856509
9.28,-11.9999995153538,-11.5863209799625
9.30000000000001,-11.9999995153538,-11.604950370917
9.32000000000002,-11.9999997658061,-11.6230647961503
9.34,-12.0000001414845,-11.6317916077057
9.36000000000001,-12.0000001209376,-11.6339651336877
9.38000000000002,-12.0000000901173,-11.6351509409851
9.40000000000001,-11.9999999851334,-11.6417999456766
9.42000000000002,-11.999999751519,-11.6507436796783
9.44,-11.9999998057607,-11.6614164971495
9.46000000000001,-12.0000001426594,-11.6673159294678
9.48000000000002,-11.9999997601265,-11.6756755741769
9.5,-11.9999991863272,-11.673902237659
9.52000000000001,-11.9999996344505,-11.6516680017527
9.54000000000002,-12.0000003066353,-11.6572397734297
9.56,-12.0000000352651,-11.6624812521706
9.58000000000001,-11.9999996569286,-11.6696908742799
9.60000000000002,-11.9999999183029,-11.6760376965037
9.62,-11.9999994546272,-11.6854974389534
9.64000000000001,-11.999999632256,-11.6959614935941
9.66,-12.0000001651427,-11.7065949464967
9.68000000000001,-12.0000001655319,-11.7148257794386
9.70000000000002,-12.0000001661157,-11.7236875755305
9.72,-12.0000003220173,-11.733711287473
9.74000000000001,-12.0000006338205,-11.7463509864765
9.76000000000002,-12.0000005350066,-11.7579370217757
9.78,-12.0000001397509,-11.7659865624429
9.80000000000001,-12.0000001397509,-11.7736579206105
9.82000000000002,-12.000000132503,-11.7806372783178
9.84,-12.0000001035113,-11.7848966785226
9.86000000000001,-11.9999999590354,-11.7865092065176
9.88000000000002,-11.9999993811315,-11.7917326592982
9.90000000000001,-11.9999995613352,-11.7979037490159
9.92000000000002,-12.000000156568,-11.8037725556177
9.94,-11.9999997426321,-11.8082382514855
9.96000000000001,-12.0000000962049,-11.8095019834093
9.98000000000002,-12.0000000998111,-11.8115033113766
10,-12.0000001142359,-11.8164322614935
10.02,-12.0000001896203,-11.8194362899609
10.04,-12.0000004911578,-11.8209123327991
10.06,-12.0000003267299,-11.8249631357803
10.08,-11.9999996690183,-11.8314467755605
10.1,-11.9999996690183,-11.838116056845
10.12,-11.9999997564334,-11.8404594293988
10.14,-12.0000001060938,-11.8419267062766
10.16,-12.000000113832,-11.8462809682911
10.18,-12.0000001329807,-11.854687494784
10.2,-12.0000000464395,-11.8662494409958
10.22,-11.9999998891389,-11.8749999591431
10.24,-11.9999998009834,-11.8814088839227
10.26,-11.9999994483614,-11.8831784728442
10.28,-11.9999995248065,-11.8859865220103
10.3,-11.9999998305869,-11.8928570720057
10.32,-11.9999998539919,-11.9017850733758
10.34,-11.9999999242068,-11.9084369849787
10.36,-11.9999999828496,-11.9111652323459
10.38,-12.0000000708138,-11.9117143279937
10.4,-12.0000001501473,-11.9119065488134
10.42,-12.0000002691475,-11.9101856351424
10.44,-12.0000002691475,-11.9053452484973
10.46,-12.0000001694678,-11.8992755718077
10.48,-12.0000000199482,-11.8959719311376
10.5,-11.9999998080494,-11.893455714354
10.52,-11.9999998019508,-11.8921238899831
10.54,-12.0000000445609,-11.8941012691397
10.56,-11.9999997070399,-11.8968368868733
10.58,-11.9999999517188,-11.8990293595871
10.6,-12.0000003187371,-11.9021908018933
10.62,-12.0000002308392,-11.9041497030264
10.64,-11.9999999671453,-11.9062183323026
10.66,-12.0000000836592,-11.9107621470863
10.68,-12.0000003166869,-11.9164126755659
10.7,-12.0000003166869,-11.9237372830705
10.72,-12.0000003108651,-11.9308916368887
10.74,-12.000000287578,-11.9362785611041
10.76,-4.00000004326657,-11.9405255705826
10.78,12.0000004454131,-11.9423115558877
10.8,12.0000003204995,-11.9423002018939
10.82,11.999999892579,-11.8823699192634
10.84,11.9999994115278,-11.4492706478841
10.86,12.0000003368142,-9.95729981918235
10.88,12.0000003505378,-6.80475429329821
10.9,12.0000003779848,-2.99672106158973
10.92,12.000000428444,-0.332854451972527
10.94,12.0000005293623,1.46608951073548
10.96,12.0000002798344,2.85738586277771
10.98,11.9999997579428,4.09149540120015
11,12.0000001678344,5.7574112117076
11.02,11.999999993866,7.14146456016475
11.04,12.0000000785808,8.06321719752346
11.06,12.0000002480105,8.53083538738426
11.08,12.000000185395,8.57649594579136
11.1,12.000000060164,8.70517160460425
11.12,11.9999999372693,9.14431238400123
11.14,11.9999997529273,9.72771843165515
11.16,11.9999997529273,9.99735972613197
11.18,11.9999998565001,9.95777452460889
11.2,12.0000002707917,9.77582040503358
11.22,12.0000001255451,9.64823780448231
11.24,11.9999997507248,9.75051707359418
11.26,11.9999994381387,9.99005364258453
11.28,11.9999994433988,10.1714054518249
11.3,11.9999996206028,10.2597981557551
11.32,11.9999998864089,10.2266262848788
11.34,11.9999999911404,10.1628187408296
11.36,12.0000001482377,10.1640504920063
11.38,12.0000001122167,10.2449812408241
11.4,12.0000000401746,10.3432413822661
11.42,12.0000002171104,10.4198446127485
11.44,12.0000004825141,10.4595050215546
11.46,12.0000004825141,10.483192436105
11.48,12.000000014307,10.5245925588251
11.5,11.9999994143099,10.5826793873905
11.52,11.9999995677803,10.6554813932225
11.54,11.9999995677803,10.7005466733625
11.56,11.9999997503093,10.7248032125408
11.58,12.0000002978963,10.7536408101296
11.6,12.0000001954825,10.8019644111479
11.62,11.9999998882411,10.8566600098815
11.64,11.9999999002358,10.894475721545
11.66,11.9999999242253,10.9189384216857
11.68,12.0000000665474,10.9321560348988
11.7,12.0000002800306,10.9495105151345
11.72,12.0000002660731,10.9759899425173
11.74,12.0000002451368,11.0108911652518
11.76,12.0000002451368,11.0354837566269
11.78,11.9999999668453,11.0534154296726
11.8,11.9999995494081,11.0696694851803
11.82,11.9999997137211,11.0905870462145
11.84,12.0000001906614,11.12158214628
11.86,12.0000005363677,11.1498444134681
11.88,12.0000002775938,11.1711323946148
11.9,11.9999998894329,11.1840985850652
11.92,11.9999998894329,11.1988542455108
11.94,12.0000000624717,11.2193813866671
11.96,12.0000003220299,11.2441247067056
11.98,11.9999999946433,11.2714834841985
12,11.9999995035634,11.2890889189429
12.02,11.9999998341015,11.3024748526013
12.04,12.0000003299087,11.3145025091889
12.06,11.9999999540386,11.3258522478392
12.08,11.9999993902335,11.3405338112912
12.1,11.9999994539623,11.3611384056342
12.12,11.9999995495555,11.3756953891909
12.14,11.9999995423038,11.3848659884705
12.16,11.9999995314263,11.3920679157999
12.18,11.9999995707263,11.4019795212904
12.2,11.9999996296762,11.4191612458463
12.22,11.9999996296762,11.4387859862701
12.24,11.9999996391319,11.4524864156753
12.26,11.9999996580434,11.4624338774209
12.28,11.9999998581005,11.4745172020874
12.3,12.0000003288383,11.48735759904
12.32,12.0000005848165,11.5016007039145
12.34,12.0000005848165,11.5169959547566
12.36,12.0000004611646,11.5291509493684
12.38,12.0000002756867,11.5390279748035
12.4,12.000000386549,11.5489805245822
12.42,12.0000007191357,11.5614001928006
12.44,12.000000373804,11.5729832253354
12.46,11.9999998558065,11.5820501484933
12.48,11.9999998558065,11.5890089738579
12.5,11.9999998883889,11.5944508894965
12.52,11.9999999535535,11.6001674535361
12.54,12.0000001261525,11.6086139764877
12.56,11.999999955147,11.6162993310676
12.58,11.9999993102911,11.6198630177875
12.6,11.9999995516371,11.6220970419075
12.62,11.9999999136561,11.6275736390333
12.64,11.9999999792335,11.6394829982963
12.66,12.0000000775996,11.6567585112211
12.68,12.0000000775996,11.6687248331348
12.7,11.9999998858726,11.6745384452537
12.72,11.9999995982822,11.6799107546662
12.74,11.999999814765,11.6888241104495
12.76,12.0000001394891,11.6994716807017
12.78,12.0000001330537,11.7110157063307
12.8,12.0000001234005,11.7210652500461
12.82,12.0000002055198,11.7265865353149
12.84,12.000000169754,11.7316240808819
12.86,11.9999999470599,11.7370805399326
12.88,11.9999999706446,11.7443333266277
12.9,11.9999999920743,11.7508454273783
12.92,12.0000000242189,11.7520614982863
12.94,12.0000000242189,11.7505855225494
12.96,12.0000000379356,11.7485387682281
12.98,12.0000000585106,11.7476155087857
13,12.0000000414199,11.751214904212
13.02,12.000000015784,11.7579664170288
13.04,12.0000002612371,11.7651168755537
13.06,12.0000006294169,11.7691761939649
13.08,12.0000005769875,11.7695196393461
13.1,12.0000004983434,11.7715067265325
13.12,12.0000004983434,11.7808721517308
13.14,12.0000003768557,11.7929771631966
13.16,12.0000002271841,11.8012442294163
13.18,12.000000276024,11.8085674930159
13.2,12.00000022227,11.8129529045631
13.22,12.0000001416391,11.8195866796428
13.24,12.0000001416391,11.8284670732954
13.26,12.0000002502713,11.8329991695826
13.28,12.0000004132196,11.8361688591736
13.3,12.0000000444792,11.8407537519176
13.32,11.9999994913687,11.8454740867006
13.34,11.9999996278558,11.8464794634994
13.36,11.9999998325866,11.8444759043472
13.38,11.9999997992239,11.8428100752449
13.4,11.9999997491797,11.8429356933373
13.42,11.9999997491797,11.8448826344398
13.44,11.9999998907055,11.8478635396094
13.46,12.0000001931773,11.8518217520439
13.48,12.000000328452,11.8545425950603
13.5,12.0000002230974,11.8560196974582
13.52,12.0000000650656,11.8570302545942
13.54,12.0000000650656,11.857152583847
13.56,12.0000000142781,11.8589860991114
13.58,11.9999999127031,11.86760230199
13.6,12.0000000551792,11.8767117070334
13.62,12.0000002688934,11.8831136767969
13.64,12.0000003173773,11.8866067195848
13.66,12.0000003901032,11.8880125555971
13.68,12.0000001738839,11.8881979548026
13.7,11.9999998495549,11.890129346114
13.72,11.9999998495549,11.893249057854
13.74,11.9999998278309,11.8952707018551
13.76,11.9999998979268,11.8952670265137
13.78,12.0000000519496,11.8938578454183
13.8,12.0000000519496,11.8914919762975
13.82,11.9999999379152,11.8915498331245
13.84,11.9999995958119,11.8944701100534
13.86,11.9999999630262,11.8989076233299
13.88,12.0000005138477,11.9011584893842
13.9,12.0000002661659,11.9024194197447
13.92,11.9999998946433,11.9075858560054
13.94,11.9999999261495,11.9122530529042
13.96,11.9999999734088,11.9185432574991
13.98,11.9999999734088,11.9230340671503
14,2.39999984090023,11.9227058373851
14.02,-12.0000005011607,11.9225061116368
14.04,-12.0000007160566,11.9249393127981
14.06,-12.0000001844184,11.9241860721952
14.08,-11.9999993869612,11.544840982121
14.1,-11.9999996201554,9.98838990117157
14.12,-11.9999999699468,7.07626458999754
14.14,-11.9999999699468,3.55333798236094
14.16,-12.0000000938133,0.532229188296613
14.18,-12.000000279613,-1.53099419828635
14.2,-12.000000094046,-2.92924250495451
14.22,-11.9999998156955,-4.25670437676501
14.24,-11.9999999054968,-5.80655125398149
14.26,-12.0000000401987,-7.30489754968748
14.28,-12.0000000833699,-8.3274785067442
14.3,-12.0000001481268,-8.71601847361878
14.32,-12.0000001481268,-8.78230152183032
14.34,-12.0000002132922,-8.96913348040266
14.36,-12.0000001919212,-9.44098386906252
14.38,-12.0000000132425,-9.93661179404057
14.4,-11.9999999746355,-10.161120457785
14.42,-11.9999999167251,-10.0408105507825
14.44,-11.9999999167251,-9.78242471386223
14.46,-11.9999999971053,-9.65837839009709
14.48,-12.0000001176756,-9.77475957969361
14.5,-12.0000001986318,-10.0339393329443
14.52,-12.0000003200661,-10.2358549051384
14.54,-12.000000324391,-10.2920827421697
14.56,-12.0000003308783,-10.2398405600496
14.58,-12.0000000704805,-10.1871913449734
14.6,-11.9999996798838,-10.2073207190834
14.62,-11.9999996798838,-10.3010776789424
14.64,-11.9999998877587,-10.4135379054083
14.66,-12.000000199571,-10.4955151330417
14.68,-12.0000002909455,-10.5342954808409
14.7,-12.0000002517026,-10.5529677469621
14.72,-11.9999999872459,-10.5834985422056
14.74,-11.9999999872459,-10.6355499000507
14.76,-12.0000000040939,-10.6868931765466
14.78,-12.0000000293659,-10.7439594407848
14.8,-12.0000000636382,-10.7737944350618
14.82,-12.0000001150467,-10.7956601830042
14.84,-12.0000000809296,-10.8228903667667
14.86,-12.000000029754,-10.8568246555916
14.88,-12.000000029754,-10.9117991387234
14.9,-11.9999999648204,-10.9557198169239
14.92,-12.0000001124348,-10.9830653615896
14.94,-12.0000004799569,-11.0047061376475
14.96,-12.0000003548564,-11.0273158776505
14.98,-12.0000001672058,-11.0667044918318
15,-12.0000001672058,-11.1026724096073
15.02,-11.9999999953323,-11.1264252241271
15.04,-11.9999997375222,-11.1426586923738
15.06,-11.9999997781131,-11.1517808200209
15.08,-11.9999998998856,-11.165254695273
15.1,-11.9999999583936,-11.1909079329735
15.12,-12.0000000461555,-11.2113063307194
15.14,-12.000000057276,-11.2293109007197
15.16,-12.0000000739567,-11.2435303117085
15.18,-12.0000000739567,-11.2584176026802
15.2,-12.0000000940193,-11.2701657831053
15.22,-11.9999999653517,-11.2845356655526
15.24,-11.9999997272092,-11.3027082767211
15.26,-12.0000000617358,-11.3173713918925
15.28,-12.0000005635257,-11.3326689924702
15.3,-12.0000005635257,-11.3509645953302
15.32,-12.0000005235922,-11.3650324506998
15.34,-12.0000004636919,-11.3773612260305
15.36,-12.0000004870443,-11.3889012981891
15.38,-12.0000005220728,-11.4017865158688
15.4,-12.0000006118963,-11.4190319024689
15.42,-12.0000007466315,-11.4373378815911
15.44,-12.0000007466315,-11.4526604186468
15.46,-12.0000004236539,-11.4630848449511
15.48,-11.9999999104968,-11.4731594868963
15.5,-11.9999998674608,-11.4848117164153
15.52,-11.9999997369411,-11.4983769189981
15.54,-11.9999995411615,-11.5115102738188
15.56,-11.9999995411615,-11.5249990483438
15.58,-11.9999995968984,-11.5314706290718
15.6,-11.999999764109,-11.5350085413555
15.62,-11.9999998778026,-11.5412771072289
15.64,-12.0000000483431,-11.5499369620797
15.66,-12.0000000256487,-11.5614204521028
15.68,-11.999999991607,-11.5732118560906
15.7,-12.0000001775819,-11.5832702046802
15.72,-12.0000004565443,-11.5878034454591
15.74,-12.0000002035621,-11.5949530811187
15.76,-11.9999997227219,-11.6101311316289
15.78,-11.9999998742777,-11.6233273493828
15.8,-12.0000003296872,-11.6336502700208
15.82,-12.0000000506402,-11.6446023434483
15.84,-11.9999996320697,-11.6525059586736
15.86,-12.0000000391659,-11.6626122405695
15.88,-12.0000006498103,-11.6699599377835
15.9,-12.0000006498103,-11.6762501604804
15.92,-12.0000003867799,-11.6832397911273
15.94,-12.0000001075186,-11.6914959130239
15.96,-12.0000002804452,-11.6962880854775
15.98,-12.000000289566,-11.7016532159254
16,-12.0000003032473,-11.7052960413252
16.02,-12.0000001777969,-11.7134949146618
16.04,-11.9999999896213,-11.7225082260852
16.06,-12.0000000391147,-11.7259093149207
16.08,-12.0000001133548,-11.7279866435184
16.1,-12.0000001133548,-11.7292971535654
16.12,-11.9999999780352,-11.7312754506766
16.14,-11.9999997750558,-11.7352288996661
16.16,-11.99999989344,-11.7408884207777
16.18,-12.0000000710162,-11.745614768102
16.2,-12.0000001466004,-11.7488768866418
16.22,-12.0000002599768,-11.7534061086439
16.24,-12.0000001340047,-11.7637556751088
16.26,-11.9999999450467,-11.772000484324
16.28,-12.0000001089513,-11.7776284490228
16.3,-12.0000002328995,-11.7778974802035
16.32,-11.9999999131876,-11.7801371523481
16.34,-11.9999997079144,-11.7874922899554
16.36,-11.9999997864506,-11.7997347684534
16.38,-11.9999999042547,-11.8109896264345
16.4,-11.9999999042547,-11.8176809977226
16.42,-11.9999997974864,-11.8173988240019
16.44,-11.9999995839497,-11.8164769687761
16.46,-11.999999811032,-11.815532747714
16.48,-12.0000001516553,-11.8193497435925
16.5,-12.0000000449273,-11.8262511958792
16.52,-11.9999998587168,-11.8323021273601
16.54,-11.9999999407397,-11.8373546901228
16.56,-12.0000003435186,-11.8388682370594
16.58,-12.0000002184171,-11.8422516506426
16.6,-11.9999999682139,-11.8459668253907
16.62,-11.9999999682139,-11.847985112965
16.64,-11.9999999198625,-11.845389066448
16.66,-11.9999997748082,-11.845368442778
16.68,-11.9999997891034,-11.8503195993463
16.7,-11.999999831989,-11.8528948375769
16.72,-11.999999824387,-11.8542110862597
16.74,-11.9999998091831,-11.8550578947297
16.76,-11.9999997885898,-11.853946554127
16.78,-11.9999997474031,-11.8554824771561
16.8,-11.9999998881915,-11.8589518527734
16.82,-11.9999999816641,-11.8644464728361
16.84,-11.999999814517,-11.8685270681874
16.86,-12.0000003038049,-11.8702357054852
16.88,-12.0000000859497,-11.8747151766474
16.9,-11.9999996502392,-11.881272448047
16.92,-11.9999996502392,-11.8896967487535
16.94,-11.9999996621675,-11.895043297144
16.96,-11.9999996800599,-11.8956509884044
16.98,-11.9999996909383,-11.896971115495
17,-11.999999707256,-11.9009183873319
17.02,-11.9999999351369,-11.9090608331809
17.04,-12.0000003908987,-11.9115813402965
17.06,-12.0000004564906,-11.9128558905317
17.08,-12.0000005548784,-11.9116566270836
17.1,-12.0000005548784,-11.9103860030432
17.12,-12.0000004449731,-11.911231139341
17.14,-12.0000000892978,-11.9134722134971
17.16,-11.9999997076629,-11.9162009680114
17.18,-11.9999998934378,-11.9132278191464
17.2,-12.0000001721001,-11.9083767271265
17.22,-2.40000028873858,-11.9057431933915
17.24,11.9999995363377,-11.9068487094789
17.26,11.9999997856614,-11.9105184179591
17.28,11.9999999641564,-11.9158369525006
17.3,12.0000000430192,-11.6355767248033
17.32,12.000000601167,-10.1165975764684
17.34,12.0000004950455,-7.1259928604956
17.36,12.0000001766812,-3.46161244549616
17.38,12.0000001766812,-0.335541966039752
17.4,12.0000000448706,1.36229054427918
17.42,11.9999998471546,3.00311982303391
17.44,11.9999997549899,4.25465734261503
17.46,11.9999996167427,5.77828637958825
17.48,11.9999998186418,7.34383894737602
17.5,12.0000001214904,8.42703118230028
17.52,12.0000000674244,8.81537524793872
17.54,11.9999999863255,8.82889221408169
17.56,11.9999999849112,8.94862168644194
17.58,12.0000001468715,9.37436401674118
17.6,12.0000002633034,9.89161202856795
17.62,12.0000000687673,10.1372415397368
17.64,11.9999997522155,10.1259850566771
17.66,11.9999992773878,9.89064081504165
17.68,11.9999995259264,9.70798534634997
17.7,11.9999998987343,9.79243486275038
17.72,11.9999998987343,9.9991230750047
17.74,11.9999999364263,10.1688443705193
17.76,11.9999999652304,10.2482829187532
17.78,11.9999999236294,10.2002174497398
17.8,11.9999998401398,10.154082123186
17.82,11.9999997149054,10.1562542718594
17.84,11.9999996342205,10.24052703262
17.86,11.9999994728508,10.383094809369
17.88,11.9999994728508,10.4524780115767
17.9,11.9999995554147,10.4907621165546
17.92,11.9999996792604,10.5031135773037
17.94,11.9999999535185,10.5339941170422
17.96,12.0000003649056,10.5895164195203
17.98,12.0000001927398,10.6462268194324
18,11.9999999344909,10.6973488362918
18.02,12.0000001024058,10.7200595548143
18.04,12.0000001979546,10.7411104089431
18.06,11.9999997251125,10.7805318108214
18.08,11.9999993675772,10.8383382438999
18.1,11.9999996473119,10.8908235507792
18.12,12.0000000669138,10.9314941693223
18.14,12.0000000669138,10.951962066323
18.16,12.0000002660836,10.9829823013831
18.18,12.0000005648383,11.0256618820655
18.2,12.0000003996984,11.0687296175859
18.22,12.0000001519886,11.1009956712397
18.24,12.0000001343351,11.1213862278167
18.26,12.0000001078547,11.1394445591823
18.28,12.0000001519448,11.153312084623
18.3,12.0000002180799,11.1759830976763
18.32,12.000000104886,11.1960212456312
18.34,12.0000000431022,11.2066738956055
18.36,12.0000002514869,11.2113463884747
18.38,12.0000003210481,11.2150146659831
18.4,12.0000003225808,11.2229385238295
18.42,12.0000003248799,11.234241021178
18.44,12.000000367256,11.2467240048057
18.46,12.0000004308201,11.2591044625332
18.48,12.0000004308201,11.2748708177396
18.5,12.0000001273168,11.2909535819381
18.52,11.9999996720618,11.3070342034578
18.54,11.9999997213923,11.3266741462843
18.56,11.9999997953881,11.3535176236354
18.58,11.9999998711555,11.3743259457764
18.6,12.0000001106266,11.3997506355854
18.62,12.0000003870091,11.423712253451
18.64,12.0000005184874,11.444064206051
18.66,12.0000004231044,11.4635704658734
18.68,12.00000028003,11.4765374647835
18.7,12.0000001874537,11.4903532606682
18.72,12.0000000485894,11.497652503781
18.74,12.000000164108,11.5031214093073
18.76,12.0000003373858,11.5114478926627
18.78,12.0000003373858,11.5210486032352
18.8,11.9999999673161,11.5254115671026
18.82,11.9999994122116,11.5282197099345
18.84,11.9999999271653,11.5327559203663
18.86,12.0000006995959,11.5345598729185
18.88,12.0000006243235,11.5415695472449
18.9,12.0000000569475,11.5445352591367
18.92,11.9999995254811,11.553578557375
18.94,11.9999997508328,11.5634717754946
18.96,11.9999997893101,11.5781631709985
18.98,11.9999998470259,11.5943722969336
19,11.9999999776836,11.6087968552182
19.02,12.0000001736701,11.6160675651611
19.04,12.000000238833,11.6275440482361
19.06,12.0000003365774,11.6441358927859
19.08,12.0000003365774,11.6579897098954
19.1,12.0000001660476,11.6683721046144
19.12,11.999999910253,11.6788583722197
19.14,11.9999998185875,11.6829382182036
19.16,11.9999996810892,11.6892114986137
19.18,11.999999523379,11.6994628600906
19.2,11.9999995864097,11.7077779284957
19.22,11.9999998674845,11.7191700093627
19.24,11.9999996150057,11.7212294194801
19.26,11.999999674339,11.7203614636134
19.28,11.9999997633388,11.7208902694277
19.3,11.9999997207798,11.7274542199813
19.32,11.9999996569414,11.7344132727014
19.34,11.9999997105325,11.7391658153941
19.36,11.9999997909192,11.7388096633994
19.38,11.9999997588548,11.7394773015973
19.4,11.9999997107581,11.7461087730421
19.42,11.9999997107581,11.7564336486396
19.44,11.9999997983767,11.7628258407558
19.46,11.9999999298045,11.767155485423
19.48,11.9999999205012,11.7694764496875
19.5,11.9999999065464,11.7732912142898
19.52,12.0000001126174,11.779360321179
19.54,12.0000004217239,11.7859536721705
19.56,12.000000409311,11.7917416427208
19.58,12.0000002469265,11.7983064956629
19.6,11.9999997350752,11.8042518193338
19.62,11.9999992488763,11.8097015509831
19.64,11.9999993580405,11.8155135415467
19.66,11.9999995217868,11.8224547071419
19.68,11.9999996756496,11.8328535859414
19.7,11.9999999064437,11.8446221428111
19.72,11.9999999753948,11.8536873293819
19.74,12.0000001862538,11.8569206330253
19.76,12.0000002684194,11.8582694848341
19.78,12.0000001499448,11.8601645663451
19.8,11.9999998899877,11.8632193278605
19.82,11.999999500052,11.8667701295904
19.84,12.0000000521589,11.8693061669092
19.86,12.0000008803193,11.8690997811423
19.88,12.0000006619828,11.8654847343972
19.9,12.0000002406607,11.8637112237151
19.92,12.0000002942137,11.8641123391945
19.94,12.0000003054642,11.8634430746093
19.96,12.0000001930855,11.8609228777866
19.98,12.0000000245174,11.8569244171577
20,11.99999980754,11.8541173564275
20.02,11.9999994820738,11.8542128878818
20.04,11.9999994618777,11.8596013424673
20.06,11.9999994315837,11.8667470200922
20.08,11.9999994315837,11.8714587387844
20.1,11.999999810799,11.8765000016415
20.12,12.0000003796219,11.8796889915842
20.14,12.0000002968015,11.882309963799
20.16,12.0000002403039,11.8856009977727
20.18,12.0000001462047,11.8903397018823
20.2,11.9999998526564,11.8969053036546
20.22,11.9999997233216,11.904225830887
20.24,11.9999995293193,11.9116854897185
20.26,11.9999996955409,11.916933935083
20.28,11.9999999448733,11.9199892840002
20.3,11.9999998016499,11.9211332509848
20.32,11.9999995868149,11.9254713732881
20.34,11.9999995868149,11.9325751151597
20.36,11.9999997217234,11.936961678186
20.38,11.9999999240862,11.9378410219992
20.4,12.0000000131905,11.9357085610242
20.42,4.00000029394876,11.9335020533694
20.44,-11.9999997813305,11.9301186678183
20.46,-12.0000000876695,11.926765865928
20.48,-11.9999999550912,11.8091140186836
20.5,-11.9999994247778,11.2026369838915
20.52,-11.9999996553552,9.19861968180488
20.54,-12.0000001165101,6.01526796164251
20.56,-12.0000001049069,2.93743289997659
20.58,-12.0000000700972,0.224558238172939
20.6,-12.0000000700972,-1.59900198346049
20.62,-11.9999998648303,-2.80827884959829
20.64,-11.9999992490297,-3.95261383377333
20.66,-11.9999993950153,-5.67462561916977
20.68,-11.9999998329723,-7.399748551801
20.7,-11.9999998536192,-8.16721107963427
20.72,-12.0000000422535,-8.39176173868557
20.74,-12.0000003889078,-8.33764527830586
20.76,-11.9999996607826,-8.52260198509336
20.78,-11.9999998367602,-9.06965158800011
20.8,-12.0000001887155,-9.63699864844389
20.82,-12.000000265562,-9.96693774801734
20.84,-12.0000004192549,-9.88008102730821
20.86,-12.0000003354566,-9.61546772941337
20.88,-12.0000001678599,-9.50103535647586
20.9,-12.0000001371198,-9.70438946563183
20.92,-12.0000000910095,-10.0172107709216
20.94,-12.0000000910095,-10.2287005760497
20.96,-12.0000001712585,-10.2593973198096
20.98,-12.0000001842003,-10.1836465420677
21,-11.9999998930536,-10.1047809461554
21.02,-11.9999996330554,-10.1312996103396
21.04,-11.9999998335272,-10.24362386407
21.06,-12.0000001342348,-10.3644748358532
21.08,-12.0000002204868,-10.4327711163007
21.1,-12.0000003498648,-10.4468994218177
21.12,-12.0000002139509,-10.4510939840416
21.14,-12.0000000100801,-10.4892949073791
21.16,-12.0000000219356,-10.5607648177565
21.18,-12.0000000397189,-10.6299712073527
21.2,-12.0000000397189,-10.6699401072238
21.22,-12.0000000678172,-10.6872674995651
21.24,-11.9999999877258,-10.7087792891606
21.26,-11.9999998043676,-10.7610975284167
21.28,-11.9999998043676,-10.8232020322287
21.3,-11.9999997204037,-10.8721139208377
21.32,-11.9999995944578,-10.8973354886302
21.34,-11.9999996022593,-10.9168171599756
21.36,-11.9999996139614,-10.9455266803535
21.38,-11.9999996147,-10.9887223342637
21.4,-11.9999996158078,-11.0336900305605
21.42,-11.9999997045398,-11.0656279889953
21.44,-11.9999998376378,-11.0840767219441
21.46,-11.9999998376378,-11.0985709748526
21.48,-11.9999999140123,-11.1216811662867
21.5,-11.9999999088021,-11.1506590579317
21.52,-11.9999997291442,-11.1725188899554
21.54,-11.9999999876713,-11.1832219390373
21.56,-12.0000003754619,-11.1870085871526
21.58,-12.0000003754619,-11.1934924931443
21.6,-12.0000002333118,-11.206093562875
21.62,-12.0000000200868,-11.2269199109581
21.64,-11.9999998016056,-11.2491726480243
21.66,-11.9999994738838,-11.2672171092516
21.68,-11.9999997269911,-11.283322506654
21.7,-12.0000001066521,-11.2992267701063
21.72,-12.0000000747978,-11.3173594546766
21.74,-12.0000000270165,-11.3374617163543
21.76,-12.000000098078,-11.3578273976317
21.78,-12.0000002046704,-11.3780121843852
21.8,-12.0000002046704,-11.3976737274927
21.82,-12.0000000919027,-11.415629432451
21.84,-11.9999999227512,-11.4309123043845
21.86,-11.9999999340467,-11.4453299778792
21.88,-12.0000000711929,-11.4608882487073
21.9,-12.0000002514974,-11.4740059131414
21.92,-12.0000002514974,-11.4832519045404
21.94,-12.0000003506586,-11.4899446933182
21.96,-12.0000004994006,-11.4964514853161
21.98,-12.0000002201153,-11.5049351276124
22,-11.9999998011874,-11.5154343211562
22.02,-11.9999998011874,-11.5236082012546
22.04,-11.9999997848906,-11.5272546505621
22.06,-11.9999997604453,-11.5295580563047
22.08,-12.0000000167217,-11.5363266982009
22.1,-12.0000004448944,-11.5468729025774
22.12,-12.0000005105315,-11.5583409515829
22.14,-12.0000005105315,-11.5691037644207
22.16,-12.0000003214421,-11.5799389800081
22.18,-12.0000000378079,-11.592332680304
22.2,-11.9999997796546,-11.6053726884068
22.22,-11.9999993924246,-11.6171546026479
22.24,-11.9999997915844,-11.6278210149844
22.26,-12.000000390324,-11.6378386731478
22.28,-12.000000341459,-11.6474325334075
22.3,-12.0000002681614,-11.6569200570927
22.32,-12.0000002464369,-11.6650290774624
22.34,-12.0000002138502,-11.6722427283398
22.36,-12.0000002138502,-11.6791783707015
22.38,-12.0000001637241,-11.6855811016742
22.4,-12.0000001652361,-11.6908996114019
22.42,-12.0000002802879,-11.6960816870723
22.44,-12.0000002802879,-11.7007064324342
22.46,-12.0000001480314,-11.7043980282704
22.48,-11.9999999496467,-11.70691191593
22.5,-11.9999998414048,-11.7105664628974
22.52,-11.9999996790419,-11.7174227449021
22.54,-11.9999996963312,-11.7269139068854
22.56,-11.9999997222653,-11.7401913818063
22.58,-11.9999998019394,-11.7495128564377
22.6,-11.9999999214506,-11.752646304793
22.62,-12.0000000189562,-11.7544597023089
22.64,-12.0000001652145,-11.7582378482116
22.66,-12.0000001652145,-11.76635373933
22.68,-11.9999999163901,-11.7748181029632
22.7,-11.9999997229095,-11.779883190994
22.72,-11.9999999925438,-11.7824875712274
22.74,-11.9999999925438,-11.7865667339678
22.76,-11.9999999930464,-11.790355527383
22.78,-11.9999999938003,-11.7945262655539
22.8,-11.999999825371,-11.7979651131009
22.82,-11.9999995727271,-11.8003907800206
22.84,-11.9999997843357,-11.8035173610926
22.86,-12.0000001017486,-11.8064064247829
22.88,-12.0000001017486,-11.8091062642003
22.9,-12.0000000986266,-11.8146680192742
22.92,-11.9999999636462,-11.8200149976092
22.94,-11.9999997752249,-11.8233574338737
22.96,-11.9999999884118,-11.8849642809341
22.98,-12.0000003081923,-11.8784905551934
23,-12.0000001638356,-11.8816043003833
23.02,-11.9999999473004,-11.8880007295803
23.04,-11.9999999473004,-11.8871624991516
23.06,-11.9999999165897,-11.8796443437483
23.08,-11.9999998705237,-11.8701711767887
23.1,-11.9999997985744,-11.8687280480412
23.12,-11.9999996906506,-11.8790938785276
23.14,-11.9999996162703,-11.8903798402316
23.16,-11.9999993931293,-11.8989243787912
23.18,-11.9999995388213,-11.9016715138659
23.2,-12.0000000068421,-11.8980056228988
23.22,-12.0000000826672,-11.8946598923854
23.24,-12.0000001384082,-11.8892779154024
23.26,-11.9999999979771,-11.8862388629962
23.28,-11.999999717115,-11.8880923449209
23.3,-11.9999997405112,-11.887880581641
23.32,-11.9999998340958,-11.8846479818588
23.34,-11.9999999736519,-11.8754445356395
23.36,-12.000000182986,-11.8708239127153
23.38,-12.000000182986,-11.8689281599209
23.4,-12.0000002476407,-11.873524155505
23.42,-12.0000003446229,-11.88190780532
23.44,-12.0000000389849,-11.887752436052
23.46,-11.999999580528,-11.8887502922106
23.48,-11.9999998650055,-11.8886432446569
23.5,-12.0000002505453,-11.89166177279
23.52,-12.0000000147052,-11.8970823070144
23.54,-11.9999997535923,-11.9050104212288
23.56,-11.9999995409042,-11.9094982313046
23.58,-11.999999221872,-11.9106738070386
23.6,-2.39999962804542,-11.9136992637277
23.62,11.9999997627286,-11.9159076535998
23.64,11.9999998771889,-11.9242946538465
23.66,12.0000000488793,-11.9231262018555
23.68,12.0000000488793,-11.0323932853536
23.7,12.0000002670925,-9.39248298464796
23.72,12.0000005944124,-6.13211609451819
23.74,12.0000003513544,-2.60585291038538
23.76,11.9999999867676,0.212451331236197
23.78,11.9999999867676,1.48260900459923
23.8,11.9999998820869,2.71247279217259
23.82,11.9999999002825,3.76773271307276
23.84,12.0000001631075,5.47172063840553
23.86,12.0000002542127,7.13889614674822
23.88,12.0000003908704,8.09083292885729
23.9,12.0000003908704,8.23354686066657
23.92,11.9999999620806,8.08655984174888
23.94,11.9999993188959,8.24767594999111
23.96,11.9999996655596,9.01447111851108
23.98,12.0000001855551,9.55190507013552
24,11.9999998809884,9.85125813581041
24.02,11.9999994241383,9.63153208883368
24.04,11.9999994566805,9.39999525142998
24.06,11.9999997234917,9.36295686514312
24.08,11.999999910156,9.59399353301713
24.1,11.9999996996572,10.0549657860517
24.12,11.9999996285856,10.2566102592272
24.14,11.999999521978,10.2936577145979
24.16,11.9999996820844,10.1703903132765
24.18,11.9999999222441,10.1167276396938
24.2,11.9999999222441,10.1806282973337
24.22,11.9999999555544,10.2922816371823
24.24,12.0000000055198,10.4137108511901
24.26,12.0000000674201,10.4574429916382
24.28,12.0000001602705,10.4395489523475
24.3,11.9999998568768,10.4311895235847
24.32,11.9999994017862,10.4919332796825
24.34,11.9999994017862,10.5612050358541
24.36,11.9999996818998,10.6310578560562
24.38,11.9999999897468,10.661869915123
24.4,11.9999998212614,10.6692214290417
24.42,11.9999999325147,10.6904038458808
24.44,12.0000000993946,10.758336556042
24.46,12.0000001499806,10.8136808076353
24.48,12.0000002258596,10.8716405489455
24.5,12.0000002258596,10.8916788145204
24.52,11.9999997877906,10.9079416561084
24.54,11.9999991306871,10.9376438922683
24.56,11.9999995101585,10.9800978841046
24.58,12.0000000793655,11.0334346652163
24.6,11.9999997174699,11.0638481043894
24.62,11.9999991746263,11.0758277402124
24.64,11.9999991472024,11.0861835553232
24.66,11.9999994991507,11.1005830695864
24.68,12.0000000654938,11.136830566326
24.7,12.0000000305689,11.159960006993
24.72,12.0000000794227,11.177640703029
24.74,12.0000001527034,11.1830645013947
24.76,12.0000000775399,11.1888679535581
24.78,11.9999999647947,11.2100335576866
24.8,12.0000000532431,11.2316810328922
24.82,11.9999999134331,11.2577430444515
24.84,11.9999995207722,11.2714459137358
24.86,11.9999995448667,11.2902008111937
24.88,11.9999998105653,11.3083586696491
24.9,12.0000002091133,11.3244591428438
24.92,12.0000001152164,11.3548565021124
24.94,11.9999999743711,11.3776953264117
24.96,11.9999999743711,11.4026875745008
24.98,12.0000000286145,11.4172417694196
25,12.0000001099795,11.424001347815
25.02,12.0000001113992,11.4347300182207
25.04,12.0000001135288,11.449576956666
25.06,12.0000001288136,11.4726938028937
25.08,12.0000001517406,11.4895811570567
25.1,12.0000001272336,11.4944038022757
25.12,12.0000001103391,11.4935053142893
25.14,12.0000002064859,11.4947166550616
25.16,12.0000003060074,11.5023423398795
25.18,12.0000000349207,11.51401790736
25.2,11.9999996282908,11.5221849502737
25.22,12.0000000598986,11.5298066209286
25.24,12.0000007073103,11.5365567144492
25.26,12.0000003601224,11.5458637633568
25.28,11.9999998393404,11.5589474543034
25.3,11.9999998393404,11.5747429170362
25.32,11.9999998268143,11.5930584118562
25.34,11.9999998080251,11.6097526569708
25.36,11.9999997883939,11.6174831555842
25.38,11.999999758947,11.6237533439434
25.4,11.9999999292948,11.6367125519633
25.42,12.000000045015,11.6501756587492
25.44,12.0000000133823,11.665211065514
25.46,12.0000002804864,11.6751974209622
25.48,12.0000002536503,11.6780026297141
25.5,12.0000002133961,11.6775432587873
25.52,12.0000002518334,11.678785623596
25.54,12.0000003094895,11.682986966677
25.56,12.0000003094895,11.6895781065417
25.58,12.0000004304804,11.6962027079382
25.6,12.0000006119667,11.6985960041191
25.62,12.0000005098069,11.6992577744602
25.64,12.0000003565673,11.7003504432945
25.66,12.0000001911503,11.7042399401643
25.68,11.9999999430248,11.7103758015787
25.7,12.0000001273639,11.720959331142
25.72,12.0000002226769,11.7330813171843
25.74,12.0000000947603,11.7429175878115
25.76,12.0000003105755,11.7492378490904
25.78,11.9999998967669,11.7562165647185
25.8,11.999999276054,11.7662949728746
25.82,11.9999993543379,11.779466811923
25.84,11.9999994717638,11.7931394025666
25.86,11.9999997180522,11.8053391040489
25.88,12.0000000874847,11.8103509917502
25.9,12.0000000874847,11.8130854825598
25.92,12.0000000456159,11.8173548137052
25.94,11.9999999828128,11.8276187152128
25.96,11.9999996594235,11.8359577914314
25.98,11.9999991743397,11.8398645728146
26,11.9999994937191,11.835852206193
26.02,11.9999999104627,11.832879908197
26.04,12.0000002254046,11.8341469306161
26.06,12.0000008380499,11.8390081304347
26.08,12.0000004241507,11.8429988586963
26.1,11.999999803302,11.8427586780217
26.12,11.999999872637,11.8380289068051
26.14,11.9999999766394,11.8320124923784
26.16,11.9999999766394,11.8285500204884
26.18,11.9999999003815,11.8327647272644
26.2,11.9999997859945,11.8400070697203
26.22,11.999999906501,11.8440729373912
26.24,12.0000000872608,11.844687472763
26.26,12.00000010137,11.8463407833417
26.28,12.0000001225338,11.8565292990254
26.3,11.9999999872884,11.8707522325814
26.32,11.9999997161757,11.8813519330335
26.34,11.9999997452574,11.8888013114844
26.36,11.9999999424306,11.891435773854
26.38,11.9999998170679,11.8971169149113
26.4,11.9999996290238,11.9073806710973
26.42,12.0000000097487,11.9199977003358
26.44,12.000000580836,11.9284614431793
26.46,12.000000580836,11.93256827543
26.48,12.0000005371315,11.932977839132
26.5,12.0000001521702,11.9320832048725
26.52,11.9999996730634,11.9326555438893
26.54,11.9999998772916,11.9344830353814
26.56,12.0000001836339,11.935894468354
26.58,11.9999998889497,11.9338765434143
26.6,11.9999994469233,11.9281136851429
26.62,11.9999996875446,11.922454426008
26.64,12.0000000484766,11.9184040054622
26.66,12.0000000484766,11.9166405835915
26.68,11.9999999599932,11.9166473219019
26.7,11.999999827268,11.9164001374533
26.72,11.9999998902415,11.9139922462572
26.74,11.9999999847017,11.9092441264524
26.76,2.39999996569592,11.9060199984948
26.78,-12.0000000628809,11.9067224921149
26.8,-11.9999998806054,11.9075921859636
26.82,-11.9999998296245,11.8338599951399
26.84,-12.0000000675511,11.1134696159466
26.86,-11.9999999239682,8.84001397439561
26.88,-11.9999998608349,5.94855774214237
26.9,-11.999999766135,2.0165723142055
26.92,-11.9999997812071,-0.30574653035822
26.94,-11.9999998038154,-1.59377277296517
26.96,-11.9999998038154,-2.78338395220667
26.98,-11.9999998824124,-3.93930056136463
27,-12.000000000308,-5.74087758882306
27.02,-12.0000002373514,-6.95548023289463
27.04,-12.0000005929165,-7.89710621713718
27.06,-12.0000004971331,-8.01306011103182
27.08,-12.0000004035715,-8.00761026852684
27.1,-12.0000004094188,-8.28227785261227
27.12,-12.0000003054343,-8.90433975027757
27.14,-12.0000002311853,-9.54088084213605
27.16,-12.0000001198117,-9.8312183506229
27.18,-11.9999999046365,-9.73849046068341
27.2,-11.9999995818737,-9.52410689789422
27.22,-11.9999995818737,-9.54658054402864
27.24,-11.9999997305437,-9.80287238609754
27.26,-11.9999999535487,-10.0571531294794
27.28,-11.9999998046167,-10.2475872104734
27.3,-11.9999995812186,-10.2462541796274
27.32,-11.9999998570924,-10.1609056770071
27.34,-12.0000002709029,-10.0992148650654
27.36,-12.0000002074918,-10.1526146797325
27.38,-12.0000001617437,-10.2674214549016
27.4,-12.0000002538042,-10.3941611339741
27.42,-12.0000002808155,-10.4474071693722
27.44,-12.0000001386543,-10.4519407080488
27.46,-11.9999999254125,-10.4556129543836
27.48,-11.9999999628611,-10.5080837497407
27.5,-12.0000000564826,-10.5797384853284
27.52,-12.0000000564826,-10.6423239881861
27.54,-11.999999908155,-10.6864096217727
27.56,-12.0000000887161,-10.6990446215619
27.58,-11.9999998596007,-10.7163360295851
27.6,-11.9999998596007,-10.7614328831267
27.62,-12.0000005231902,-10.8246835252517
27.64,-12.0000005231902,-10.8750029207728
27.66,-11.9999998957675,-10.899137158708
27.68,-11.9999999148674,-10.91519952758
27.7,-12.0000000103671,-10.9413976085298
27.72,-11.9999998309516,-10.9738359577837
27.74,-12.00000017499,-11.007916169485
27.76,-12.000000092531,-11.0289826800157
27.78,-11.9999996802363,-11.0357876697007
27.8,-11.9999996802363,-11.0439731630025
27.82,-11.9999999510167,-11.0677070609743
27.84,-11.9999999510167,-11.103966118254
27.86,-11.9999995486632,-11.138818863651
27.88,-11.9999996499052,-11.1624120094998
27.9,-12.0000000548734,-11.1753633964429
27.92,-12.0000000548734,-11.1873072546842
27.94,-12.0000000835109,-11.2066404752594
27.96,-12.000000198061,-11.233947918728
27.98,-12.0000000947273,-11.2633811713095
28,-11.9999996813929,-11.2873770042149
28.02,-11.9999998288195,-11.3021645309205
28.04,-12.0000002393017,-11.312882475938
28.06,-11.999999586775,-11.3291678047247
28.08,-11.9999998442571,-11.3520404644374
28.1,-11.9999999340328,-11.3720805947939
28.12,-12.0000002931357,-11.3852657458227
28.14,-12.0000002509951,-11.3942190708505
28.16,-12.0000000824328,-11.404959807516
28.18,-12.0000000824328,-11.4197745645729
28.2,-12.0000001013418,-11.4342760281431
28.22,-12.0000002030479,-11.4459501307309
28.24,-12.0000006098724,-11.4552264960172
28.26,-12.0000005612947,-11.465295070522
28.28,-12.0000003669839,-11.4773358906331
28.3,-12.0000003669839,-11.4885578015444
28.32,-12.0000003696297,-11.497347290376
28.34,-12.0000003802132,-11.5056532861264
28.36,-12.0000003492682,-11.5160624368417
28.38,-12.0000001798695,-11.5275523450999
28.4,-12.0000000498033,-11.5385148141662
28.42,-12.0000002594392,-11.5467224669624
28.44,-12.0000001625037,-11.5523830405233
28.46,-11.9999997747617,-11.559920138655
28.48,-11.9999997362024,-11.572399943303
28.5,-11.9999995819653,-11.5866066793619
28.52,-11.9999995739526,-11.6000785925166
28.54,-11.9999995419017,-11.6097730156586
28.56,-11.9999996879565,-11.6170209372319
28.58,-12.0000002721757,-11.622425836887
28.6,-12.0000002721757,-11.6289852170257
28.62,-12.0000002524435,-11.6378221999137
28.64,-12.0000001735146,-11.6477641074278
28.66,-12.0000001095025,-11.6567797890146
28.68,-11.9999998153814,-11.6639143946022
28.7,-11.9999996200199,-11.6714024754751
28.72,-11.9999994477402,-11.6792420517881
28.74,-11.9999994909917,-11.6853702199205
28.76,-11.9999996639977,-11.6892094671552
28.78,-11.9999996845758,-11.6919840978245
28.8,-11.9999997668881,-11.6979370978352
28.82,-11.9999997914501,-11.705711546835
28.84,-11.9999998896984,-11.7133046260416
28.86,-11.9999998896984,-11.7197114193878
28.88,-11.9999999621994,-11.7229294451724
28.9,-12.0000002522034,-11.7266697282417
28.92,-12.0000001537329,-11.7340767320582
28.94,-11.9999998278999,-11.7404392955507
28.96,-12.0000001000961,-11.7447239621259
28.98,-12.0000001000961,-11.7497228731603
29,-12.0000001279296,-11.7571485580792
29.02,-12.0000002392637,-11.7634649738102
29.04,-12.0000002525064,-11.7654006932783
29.06,-12.0000003054773,-11.7665566500684
29.08,-12.0000002926034,-11.7712932226409
29.1,-12.0000002411079,-11.7806885880675
29.12,-12.0000002059424,-11.7860403842271
29.14,-12.0000000652802,-11.7873498513282
29.16,-12.00000009847,-11.7884175671408
29.18,-12.0000002312294,-11.7907966748165
29.2,-12.0000002312294,-11.7948441096799
29.22,-12.0000001797652,-11.7997733299863
29.24,-11.9999999741054,-11.8064770598792
29.26,-11.999999974894,-11.8120200753689
29.28,-12.0000000421095,-11.8146334191859
29.3,-12.0000003109715,-11.8168341625945
29.32,-12.0000003109715,-11.8211536406151
29.34,-12.0000001332146,-11.8293792824731
29.36,-11.9999994221869,-11.835797085982
29.38,-11.9999995131543,-11.8391196022487
29.4,-11.9999997648511,-11.8418160772027
29.42,-11.9999993161607,-11.8461106754241
29.44,-11.9999995158741,-11.8512133717174
29.46,-12.0000003147274,-11.8544266174812
29.48,-12.0000003147274,-11.8575790254259
29.5,-12.0000001323717,-11.8615289104263
29.52,-11.999999402949,-11.8674431369224
29.54,-11.9999994501023,-11.8752559947882
29.56,-11.9999997343386,-11.8804327430009
29.58,-12.0000002124546,-11.8811029929435
29.6,-12.0000002124546,-11.8776360873724
29.62,-12.0000002093741,-11.8750908123044
29.64,-12.0000001970521,-11.8869218953086
29.66,-12.0000002608868,-11.9170966065467
29.68,-12.0000003885562,-11.9435527894662
29.7,-12.0000002665739,-11.942071076833
29.72,-12.0000000226095,-11.9182611006438
29.74,-12.0000001340842,-11.8974398287349
29.76,-12.0000003570336,-11.8882019383936
29.78,-12.0000002431347,-11.8943786400797
29.8,-11.9999997875391,-11.8993945322853
29.82,-11.9999997875391,-11.8987214160068
29.84,-11.9999998790756,-11.8937638730985
29.86,-12.000000153685,-11.8865287996069
29.88,-12.0000002306906,-11.8826465371947
29.9,-12.0000004315047,-11.8850992572233
29.92,-12.0000005719136,-11.8904206437447
29.94,-4.00000032343933,-11.894246754842
29.96,12.0000001735661,-11.8969625578074
29.98,12.0000001735661,-11.8985535660963
30,12.0000000072618,-11.8396122875262
30.02,11.9999996746532,-11.1552162404109
30.04,11.9999996918942,-9.16520939229972
30.06,11.9999997049484,-6.0049900967676
30.08,11.9999996793336,-2.60899313644631
30.1,11.9999996793336,0.077261300234743
30.12,11.9999996482813,1.79925545695618
30.14,11.9999996017028,3.02146508226591
30.16,11.9999996388379,4.34899572751743
30.18,11.9999997502433,5.93527413989535
30.2,12.000000003717,7.38482262108951
30.22,12.0000007641382,8.22782143270262
30.24,12.0000005314237,8.43291858465585
30.26,12.0000001823521,8.42622827095955
30.28,12.0000003572702,8.66074638734544
30.3,12.0000006196475,9.20262998307557
30.32,12.0000006196475,9.74589986849186
30.34,12.000000190965,9.96333935060613
30.36,11.9999995479413,9.82029759487825
30.38,11.9999996612728,9.57719446925424
30.4,11.9999997829634,9.53288391468406
30.42,11.9999997105032,9.75493179663014
30.44,11.9999997105032,10.0757538240837
30.46,11.9999998063422,10.276199988252
30.48,11.9999999501007,10.2927173997542
30.5,12.0000000619407,10.2060276613261
30.52,12.0000002297006,10.1520259802296
30.54,12.0000001467254,10.206738792891
30.56,12.0000000222625,10.3347108773897
30.58,11.9999999677959,10.4491587913733
30.6,11.999999886096,10.4950281332043
30.62,11.9999998498697,10.4914223995162
30.64,11.9999997955303,10.4948243518964
30.66,11.9999997955303,10.5407785616101
30.68,11.9999999052582,10.6165674196656
30.7,12.0000000698501,10.6793308454416
30.72,11.9999998811179,10.7050278962991
30.74,11.9999995727185,10.7132469237606
30.76,11.9999995347669,10.7381167709339
30.78,11.9999999265092,10.7931383027073
30.8,12.0000005141225,10.8597846607627
30.82,12.0000005141225,10.9070688391956
30.84,12.0000004429122,10.9261704392174
30.86,12.0000003360966,10.9360035216984
30.88,12.0000000546632,10.9618127467386
30.9,11.9999996325131,11.005781518683
30.92,11.9999996325131,11.0481833186523
30.94,11.9999999529546,11.0832582972275
30.96,12.000000433617,11.1006425057488
30.98,12.0000005094473,11.1090860458568
31,12.0000004021092,11.1274075053225
31.02,12.0000000704838,11.1558415173709
31.04,12.0000000704838,11.1828955954279
31.06,11.9999999170497,11.200816484181
31.08,11.9999996868986,11.2119415149015
31.1,11.9999997247806,11.2271709802297
31.12,11.9999997816035,11.2483874053718
31.14,11.9999998662043,11.2714689663499
31.16,11.9999999931055,11.2927774660651
31.18,11.9999999931055,11.3104960318946
31.2,12.0000002560179,11.3243971528489
31.22,12.0000002062324,11.3379443478828
31.24,11.9999995400011,11.3539606865146
31.26,11.9999995400011,11.3680512036489
31.28,11.9999997454891,11.3846267550243
31.3,12.0000000537211,11.4005936113771
31.32,11.9999999205619,11.4166751785357
31.34,11.999999720823,11.4272300516553
31.36,11.9999999693806,11.4363585534636
31.38,12.000000342217,11.4484142919829
31.4,12.0000003087205,11.4634843787405
31.42,12.0000002417274,11.4757911185149
31.44,12.0000002417274,11.4870323821648
31.46,11.9999999602083,11.4986330649767
31.48,11.9999999892871,11.511022152526
31.5,12.0000006663236,11.5201618441898
31.52,12.0000003740882,11.5273643435141
31.54,11.9999999357352,11.5400516983514
31.56,11.9999999357352,11.5582911410199
31.58,12.0000000308724,11.5744569300529
31.6,12.0000001735784,11.5865527361399
31.62,12.0000002502383,11.5962420038023
31.64,12.0000000323716,11.6041104347145
31.66,11.9999995330867,11.6126576023464
31.68,11.9999995330867,11.623110666459
31.7,11.9999998755061,11.6348218658706
31.72,12.0000003891351,11.6428350415545
31.74,12.0000003068863,11.6451256631239
31.76,12.000000183513,11.6485669480033
31.78,12.0000000469621,11.655091616314
31.8,11.9999998421357,11.6645224508611
31.82,12.0000000408045,11.6732492915034
31.84,12.0000003388078,11.6792911805458
31.86,12.0000003388078,11.6826941282414
31.88,11.9999999826868,11.6843730914496
31.9,11.9999996028494,11.6904510452062
31.92,11.9999998343657,11.7022926712265
31.94,11.9999997269411,11.7165175493915
31.96,11.9999995658042,11.7239514386131
31.98,11.9999995658042,11.7272031917732
32,11.9999998901268,11.7320685451641
32.02,12.0000003766107,11.7384040544682
32.04,12.0000000396625,11.7460817113076
32.06,11.9999995342401,11.754726462787
32.08,11.9999996097353,11.7610564116227
32.1,11.9999997229781,11.7652179787006
32.12,11.9999997108927,11.768289997395
32.14,11.9999996927645,11.7742514410594
32.16,11.9999996927645,11.7810688448659
32.18,11.9999998859301,11.7882554381201
32.2,12.000000132644,11.7917838270407
32.22,12.000000068092,11.7950712994478
32.24,12.0000001676729,11.8005323608927
32.26,12.0000004664155,11.8083527181665
32.28,12.0000004664155,11.8141984104749
32.3,12.000000200127,11.817471467791
32.32,11.9999998006942,11.8225252133534
32.34,11.9999996777333,11.8271628629526
32.36,11.999999493292,11.8339867773536
32.38,11.999999600762,11.8417347603056
32.4,11.999999761967,11.8463350200619
32.42,11.9999998762798,11.8497761190229
32.44,12.0000000477489,11.8547211638379
32.46,11.9999999803064,11.8617693834495
32.48,11.9999998791426,11.8664841656531
32.5,11.9999998791426,11.8672150831518
32.52,11.999999858449,11.8687496136374
32.54,11.9999996725028,11.8720052837842
32.56,11.9999994401441,11.8732437840628
32.58,11.9999994401441,11.8720611089841
32.6,11.9999996587828,11.87062762856
32.62,11.9999999867408,11.8714670216644
32.64,12.0000001638555,11.8728677847987
32.66,12.0000004295275,11.8726194836273
32.68,12.0000001775122,11.8707333707658
32.7,11.9999997994894,11.8708379522388
32.72,11.9999997994894,11.8759866571791
32.74,11.9999997481711,11.8825004618319
32.76,11.9999996711937,11.8851637090454
32.78,11.9999998687073,11.8853826978398
32.8,12.0000000711564,11.8847877929687
32.82,11.9999999304244,11.884963847825
32.84,11.9999998317004,11.8870814055868
32.86,11.9999996836145,11.8927071505569
32.88,11.9999996836145,11.8974377748056
32.9,11.9999996346648,11.9014710903925
32.92,11.9999995612404,11.903515624096
32.94,11.9999997155822,11.9030295735881
32.96,11.999999947095,11.906963292077
32.98,12.0000000127621,11.9111675836421
33,12.0000001112628,11.9143937774424
33.02,11.9999998386961,11.9148751438336
33.04,11.9999994298461,11.9153808980635
33.06,11.9999994298461,11.9138178862523
33.08,2.39999975664917,11.9139265374549
33.1,-11.9999998063912,11.916032675146
33.12,-11.9999998861564,11.9186222580666
33.14,-12.0000000083149,11.8918512658627
33.16,-12.0000001915525,11.4546239864347
33.18,-12.0000000543488,9.2498985952645
33.2,-11.9999996427375,5.99593543328632
33.22,-11.9999996427375,2.58090205742394
33.24,-11.9999995859832,-0.0569231812017266
33.26,-12.0000000526293,-1.63524931032928
33.28,-12.0000008802958,-2.70328810466324
33.3,-12.0000004576,-3.74027294335266
33.32,-11.9999998235562,-5.54969464656434
33.34,-11.9999998235562,-7.14050004636977
33.36,-11.9999999624279,-8.06955239447653
33.38,-12.0000001707356,-8.31797983377434
33.4,-11.9999999588979,-8.31003974967997
33.42,-11.9999995352227,-8.56892869130264
33.44,-11.9999997004929,-9.05158665821193
33.46,-11.9999999483981,-9.72824552961043
33.48,-11.9999999840672,-10.00931721201
33.5,-12.0000000554054,-9.9294105261295
33.52,-12.0000000554054,-9.67692822621858
33.54,-12.0000000040102,-9.60687317956624
33.56,-11.999999827756,-9.81902181560093
33.58,-11.999999679014,-10.0758819367284
33.6,-11.9999997173621,-10.2921589804532
33.62,-11.9999997748842,-10.3200792080825
33.64,-11.9999997748842,-10.217437218213
33.66,-11.9999997150552,-10.157453216011
33.68,-11.9999996253117,-10.1897770925531
33.7,-11.9999998413081,-10.3041010102756
33.72,-12.0000001653027,-10.4247639649364
33.74,-11.9999998680935,-10.4888401708233
33.76,-11.9999994222798,-10.4948154884532
33.78,-11.9999995634182,-10.4973865011417
33.8,-11.9999997751258,-10.5491570683553
33.82,-11.9999999290827,-10.6149357488602
33.84,-12.0000001600179,-10.6842391248059
33.86,-12.0000001600179,-10.7232759830347
33.88,-12.000000131327,-10.7385040377094
33.9,-12.0000001611015,-10.7559278740844
33.92,-12.0000002703178,-10.8079786720676
33.94,-12.000000276621,-10.8590124784046
33.96,-12.000000286076,-10.9038720947457
33.98,-12.000000286076,-10.9272206527106
34,-12.00000019104,-10.940709957495
34.02,-12.0000000484859,-10.9604384942713
34.04,-11.9999999585446,-10.9952327535752
34.06,-11.9999998236325,-11.0468131248415
34.08,-11.9999998910849,-11.0775107304899
34.1,-11.9999999922635,-11.0933457477153
34.12,-11.9999998638421,-11.0985428939278
34.14,-11.99999967121,-11.113351917947
34.16,-11.9999997988851,-11.1425142745779
34.18,-12.0000001937158,-11.1736980564318
34.2,-12.0000003364975,-11.1916943824983
34.22,-12.0000000932044,-11.2069365240241
34.24,-11.9999999102439,-11.2111702129257
34.26,-11.9999996358031,-11.220193024555
34.28,-11.9999998338008,-11.2337762396791
34.3,-12.0000001307973,-11.2540920486877
34.32,-12.0000001307973,-11.2710150275001
34.34,-11.9999999093021,-11.2862528169311
34.36,-11.9999995770593,-11.2976068586071
34.38,-11.999999915033,-11.3109734249489
34.4,-12.0000004219935,-11.3258342459252
34.42,-12.0000003782028,-11.3481710459046
34.44,-12.0000003125167,-11.3662316459734
34.46,-12.0000002510871,-11.3799730820508
34.48,-12.0000001589426,-11.3923996556413
34.5,-12.0000001325511,-11.4110453834111
34.52,-11.9999999329284,-11.4302411346107
34.54,-11.9999997847756,-11.4442273939156
34.56,-11.9999999226264,-11.4597935412912
34.58,-11.9999999995789,-11.4741425376763
34.6,-12.0000001150077,-11.4853370632011
34.62,-12.0000001150077,-11.494279973214
34.64,-11.9999999606808,-11.5021454618356
34.66,-11.9999997291906,-11.5084337731328
34.68,-11.999999910697,-11.5162348402092
34.7,-12.0000001829567,-11.5275882607039
34.72,-12.0000001724551,-11.5388749276713
34.74,-12.0000001244802,-11.5480560708476
34.76,-12.0000002033868,-11.5559154129306
34.78,-12.0000003942475,-11.5619181261475
34.8,-12.0000002461036,-11.5697841108088
34.82,-12.0000000238879,-11.5814285350639
34.84,-12.0000001490353,-11.5957463572736
34.86,-12.0000003367563,-11.6053773531368
34.88,-12.0000003367563,-11.6161509564715
34.9,-12.0000001545475,-11.6238220635269
34.92,-11.9999998812343,-11.6301565540186
34.94,-11.9999999716361,-11.6417712161056
34.96,-12.0000001072388,-11.6528057326941
34.98,-12.0000002257423,-11.670675051677
35,-12.0000004034975,-11.6780097660117
35.02,-12.0000003391355,-11.6839531177096
35.04,-12.0000002425924,-11.6853584806679
35.06,-11.999999967816,-11.6878566459329
35.08,-11.9999996167688,-11.6935691521018
35.1,-11.9999997289264,-11.706708887742
35.12,-11.9999997596487,-11.7163009775471
35.14,-11.9999999405427,-11.7239162758547
35.16,-12.0000002118837,-11.7231538157553
35.18,-12.0000001703846,-11.7206029252146
35.2,-12.0000000458873,-11.7240534107067
35.22,-12.0000000458873,-11.7291224953533
35.24,-11.9999998921004,-11.7391160999261
35.26,-11.99999966142,-11.7460868137707
35.28,-11.9999998666729,-11.7485445580381
35.3,-12.0000001745523,-11.7522365375232
35.32,-11.9999998839662,-11.756767139484
35.34,-11.999999448087,-11.765364565593
35.36,-11.9999994060923,-11.7799833629792
35.38,-11.9999994728939,-11.7858286900995
35.4,-12.0000003637111,-11.7913292790552
35.42,-12.0000001704961,-11.7920711042089
35.44,-12.0000000386813,-11.7963332752293
35.46,-11.9999997750518,-11.8005530875761
35.48,-11.9999997750518,-11.8065850882681
35.5,-11.9999999006559,-11.8090355514729
35.52,-12.0000004030726,-11.8123551884178
35.54,-12.0000002281705,-11.81160915448
35.56,-11.9999998783663,-11.8158189780738
35.58,-11.9999998584365,-11.8211521317995
35.6,-11.999999818577,-11.8194386431226
35.62,-11.999999818577,-11.8202285912141
35.64,-11.9999998710722,-11.8248287706819
35.66,-12.0000001685752,-11.8315765245598
35.68,-12.0000004967156,-11.8439981862896
35.7,-12.0000002820605,-11.8503071108968
35.72,-11.9999999600778,-11.8508227294691
35.74,-11.9999999917176,-11.8461011634018
35.76,-12.0000000549971,-11.8468586410536
35.78,-11.9999998929979,-11.8530434567574
35.8,-11.9999995689995,-11.8627258781585
35.82,-11.9999995689995,-11.8701855249914
35.84,-11.9999996270808,-11.871879965261
35.86,-11.9999998013245,-11.8680589339488
35.88,-11.9999998017339,-11.8658518782547
35.9,-11.999999802348,-11.8688270915488
35.92,-11.9999998201068,-11.8727731932734
35.94,-11.9999998467449,-11.8783172335135
35.96,-11.9999999420027,-11.8810530364518
35.98,-12.0000000503875,-11.8796119292367
36,-12.0000001927815,-11.8793279122832
36.02,-12.0000004840016,-11.8790311094174
36.04,-12.0000003954556,-11.8838685885805
36.06,-12.0000002626367,-11.8877568057762
36.08,-12.0000002077086,-11.891517600891
36.1,-12.0000001253164,-11.8997701475945
36.12,-12.0000001912941,-11.905103996847
36.14,-12.0000002902607,-11.9084017185101
36.16,-12.0000002902607,-11.9089465134652
36.18,-12.0000000701579,-11.9107084484776
36.2,-11.9999997400037,-11.9115304496978
36.22,-11.99999963936,-11.9156009171673
36.24,-11.9999994883944,-11.9188780533992
36.26,-2.39999959757954,-11.9224138190323
36.28,12.0000002387109,-11.9239502543284
36.3,11.9999998731843,-11.9241899703233
36.32,11.9999994774136,-11.9237670227168
36.34,11.9999998214234,-11.2822338944381
36.36,11.9999999942697,-9.88160848456414
36.38,11.9999999479223,-6.21419919826135
36.4,11.9999998784012,-3.22372025063102
36.42,11.9999999491808,0.0213709211306292
36.44,12.0000000553501,1.54934108113724
36.46,11.9999999245459,2.92680687378763
36.48,11.9999997283396,4.1915976487071
36.5,11.9999997283396,5.7705263227818
36.52,11.9999999473661,7.22374684630814
36.54,12.000000275906,8.1157822542386
36.56,12.0000001971808,8.41172221420648
36.58,12.0000000790929,8.38255854094396
36.6,12.0000001931734,8.58992861754911
36.62,12.0000003642941,9.14223495417692
36.64,12.000000034598,9.71162004191141
36.66,11.9999996888063,9.98245678264426
36.68,11.9999998804483,9.81702698463701
36.7,11.9999998332181,9.56002448552376
36.72,11.9999999431675,9.49972457846491
36.74,12.0000001080916,9.70404515697129
36.76,12.0000000007243,10.0241925127718
36.78,11.9999998396733,10.2430363605393
36.8,12.0000000873902,10.2741199884318
36.82,12.0000004589656,10.1960307793483
36.84,12.0000004589656,10.1496030659718
36.86,12.0000003564456,10.2083015755955
36.88,12.0000002026655,10.3365412382848
36.9,12.0000003594638,10.4514732819772
36.92,12.0000005946612,10.5016523304215
36.94,12.0000003149657,10.5064462092418
36.96,11.9999999325625,10.5173764160916
36.98,12.000000079026,10.5666023684207
37,12.0000002151566,10.6394855143112
37.02,12.0000004108034,10.6973683434024
37.04,12.0000007042736,10.7225844807785
37.06,12.0000004348881,10.737809629066
37.08,12.00000003081,10.7694285063207
37.1,11.999999900895,10.817363819195
37.12,11.9999997060226,10.8658609431087
37.14,11.9999997060226,10.9010476868212
37.16,11.9999997055847,10.9260437596032
37.18,11.9999997049279,10.9501859910509
37.2,11.9999998266988,10.9842466960007
37.22,12.0000000093552,11.0244735097747
37.24,11.9999998219375,11.0626140187496
37.26,11.999999540811,11.0889461078112
37.28,11.9999997451568,11.1072087355413
37.3,12.0000001381919,11.1263622237855
37.32,12.0000001115334,11.1488703354447
37.34,11.9999998768837,11.1741064490284
37.36,12.0000001557285,11.1957023948301
37.38,12.0000005739957,11.2141122421974
37.4,12.0000002309031,11.2283567295035
37.42,11.9999997162642,11.240506714487
37.44,11.9999998685849,11.2518134745012
37.46,11.9999999921119,11.2648358901043
37.48,11.999999801923,11.2781643695486
37.5,11.9999997527864,11.2974014406636
37.52,11.9999997871891,11.311304681877
37.54,11.9999998387931,11.3234251122338
37.56,12.0000000663681,11.3360820176652
37.58,12.0000004077305,11.3534807998801
37.6,12.0000001522561,11.3717687229866
37.62,11.9999997690444,11.3909049236975
37.64,11.9999997690444,11.404769708674
37.66,11.9999998549506,11.4182679922504
37.68,11.9999999838099,11.4300023613647
37.7,12.0000000786549,11.444811711416
37.72,12.0000002209224,11.4622322545389
37.74,11.999999889394,11.4793968614619
37.76,11.9999993921014,11.4924641242312
37.78,11.9999996602161,11.5025062570339
37.8,12.0000000859944,11.513211221821
37.82,12.0000000014106,11.5215569722815
37.84,11.999999821421,11.531065849478
37.86,11.9999998889573,11.542025998033
37.88,11.9999999902617,11.5510081475502
37.9,11.9999999863154,11.5577140172642
37.92,11.999999980396,11.5650561968954
37.94,12.0000000173294,11.5732637278495
37.96,12.0000000727295,11.5803634558896
37.98,12.0000000727295,11.5877378514906
38,12.000000034549,11.5972830513132
38.02,11.9999999772783,11.6067754629412
38.04,11.9999999941386,11.6188897705862
38.06,12.0000000194291,11.6321849892238
38.08,12.0000000519689,11.6409037798714
38.1,12.0000000234627,11.6502700970996
38.12,12.0000000779849,11.6583310765686
38.14,12.0000003337292,11.6677288641403
38.16,12.000000188398,11.6788605486126
38.18,11.9999999704013,11.6888565924971
38.2,12.0000001123099,11.6952875011753
38.22,12.0000003251728,11.701076504999
38.24,12.0000001251167,11.7073769172777
38.26,11.9999998250325,11.7184690880018
38.28,11.9999998250325,11.7295191927334
38.3,12.0000001194043,11.7365785041137
38.32,12.000000560962,11.7354237678386
38.34,12.0000002847418,11.733099825351
38.36,11.9999998704115,11.7352011377091
38.38,11.9999998016493,11.7428699505403
38.4,11.999999698506,11.7506198862248
38.42,11.9999998268938,11.7548436795089
38.44,11.9999999277749,11.7588648941052
38.46,11.9999998058691,11.7613895897233
38.48,11.9999998293366,11.7654761970175
38.5,11.9999999740325,11.7669154437033
38.52,12.0000001910763,11.7727469770106
38.54,12.0000003244496,11.7816673378614
38.56,12.0000005245094,11.7914194323996
38.58,12.0000002806514,11.7977185191065
38.6,11.9999999148645,11.8012196067195
38.62,11.9999999148645,11.8047585844571
38.64,11.9999999791187,11.8071422224204
38.66,12.0000000754999,11.8125103116237
38.68,12.0000002284704,11.8177636792945
38.7,12.000000457926,11.819574427619
38.72,12.0000005708552,11.819882140296
38.74,12.000000740249,11.8209573000595
38.76,12.0000005873592,11.8246800367679
38.78,12.0000001939363,11.8305368460959
38.8,12.0000000174732,11.8348997471187
38.82,12.0000001219772,11.8373244023339
38.84,11.9999997883504,11.8390287914896
38.86,11.9999992879103,11.8404241315132
38.88,11.9999997102385,11.8438708214229
38.9,12.0000003437307,11.8499965527821
38.92,12.0000003446285,11.8545320074003
38.94,12.0000003459752,11.853932790677
38.96,12.0000002557669,11.8551618112805
38.98,12.0000001204545,11.8617299331713
39,12.0000001204545,11.8686411384286
39.02,12.0000001306988,11.8746076732321
39.04,12.0000001460651,11.876642314973
39.06,12.0000001533916,11.876397449955
39.08,12.0000001643813,11.877331304429
39.1,11.999999877351,11.8793002678903
39.12,11.9999995129776,11.8821225923256
39.14,11.9999999217719,11.8870350240294
39.16,12.0000003860764,11.8901494691239
39.18,12.0000003825072,11.8905446237113
39.2,12.0000003771533,11.8893788756233
39.22,12.0000004505496,11.8880376956838
39.24,12.0000005606441,11.8892290183526
39.26,12.0000000665125,11.8959809268403
39.28,11.999999325315,11.9021470122869
39.3,11.9999994308237,11.9070695047587
39.32,11.9999995890867,11.9088945613614
39.34,11.9999995890867,11.9077185038545
39.36,11.9999998451079,11.9060762048579
39.38,12.0000002291398,11.9067444759781
39.4,12.0000000990299,11.9122198039704
39.42,11.9999999038651,11.9181200019448
39.44,2.39999972240925,11.9194538157943
39.46,-12.0000004881748,11.9177737882101
39.48,-12.0000004264643,11.9208587304916
39.5,-12.0000004725746,11.8870638608659
39.52,-12.0000003080274,11.3948071851356
39.54,-12.0000000612066,9.70695189465449
39.56,-11.9999999535287,6.72092012406908
39.58,-11.9999997920118,3.25246060433881
39.6,-12.0000000037172,0.351412660211544
39.62,-12.0000003212753,-1.60210166768309
39.64,-12.0000004010317,-2.91642076947873
39.66,-12.0000005206663,-4.20767508495566
39.68,-12.0000005206663,-5.73508412737303
39.7,-12.0000003584926,-7.20685721661606
39.72,-12.0000001152322,-8.18373364941434
39.74,-12.0000000414134,-8.53629495435077
39.76,-11.9999999306851,-8.5832765266873
39.78,-11.9999998899914,-8.77543954740667
39.8,-11.999999803976,-9.26401113697428
39.82,-11.9999999612896,-9.80540139644705
39.84,-12.0000002534533,-10.0692264215241
39.86,-12.0000001323831,-9.97802096745404
39.88,-11.9999999507778,-9.74439055576921
39.9,-12.0000002013842,-9.64563323497713
39.92,-12.0000005772937,-9.77738075138743
39.94,-12.0000004468037,-10.0364600110554
39.96,-12.0000002510686,-10.246206626366
39.98,-12.0000002510686,-10.3090719837452
40,-12.0000000495485,-10.2601449608296
40.02,-11.9999997472685,-10.2041310969776
40.04,-11.9999998820644,-10.2166746279526
40.06,-12.0000000842584,-10.2986187150575
40.08,-12.000000003198,-10.4031892208845
40.1,-11.9999999261709,-10.4819125109786
40.12,-11.9999999058467,-10.5200441489682
40.14,-11.9999997750927,-10.5404054176204
40.16,-12.0000000211182,-10.5731428104148
40.18,-12.0000003901564,-10.626690610964
40.2,-12.0000000611878,-10.6845470125151
40.22,-11.999999567735,-10.7275011766031
40.24,-11.9999996276308,-10.7539246444182
40.26,-11.9999997474225,-10.778002258594
40.28,-11.999999828233,-10.8148890840205
40.3,-11.9999999494488,-10.8576217275771
40.32,-11.9999999494488,-10.8972020200995
40.34,-12.0000000102403,-10.9294931326316
40.36,-12.0000001014276,-10.9491883566058
40.38,-12.0000000255361,-10.9753338877522
40.4,-11.999999911699,-11.0101229170118
40.42,-11.9999999207506,-11.0521092308311
40.44,-11.9999999543987,-11.0840438845219
40.46,-11.9999999608664,-11.1043278112597
40.48,-11.9999999559581,-11.1183372312611
40.5,-12.0000000854832,-11.1354532573049
40.52,-12.0000002797709,-11.1636737818928
40.54,-12.000000187101,-11.1941056777901
40.56,-12.0000000480961,-11.2150179523614
40.58,-12.0000001333969,-11.2249701307993
40.6,-12.0000002613481,-11.2330700121819
40.62,-12.0000000885877,-11.2512308765394
40.64,-11.9999998294471,-11.2782765319069
40.66,-11.9999998294471,-11.3050755230666
40.68,-11.9999996879272,-11.3198962763143
40.7,-11.9999994756474,-11.3232559275878
40.72,-11.999999735374,-11.3294777225279
40.74,-11.9999999536041,-11.3462797548254
40.76,-11.9999996965646,-11.3704226757279
40.78,-11.9999996965646,-11.3925979498415
40.8,-11.9999996743896,-11.4066666369143
40.82,-11.999999641127,-11.4185544774589
40.84,-11.9999996397885,-11.4326900368784
40.86,-11.9999996344346,-11.4514129485378
40.88,-11.9999997127492,-11.474393376356
40.9,-12.0000000260074,-11.4944301110108
40.92,-12.0000000382061,-11.5084087886321
40.94,-12.000000087001,-11.5202931515419
40.96,-12.000000087001,-11.5330010808806
40.98,-12.0000000430899,-11.5446787906143
41,-11.9999998674454,-11.5538542520412
41.02,-11.9999998421116,-11.5595563805096
41.04,-11.9999997876369,-11.5612058722058
41.06,-11.9999999750804,-11.5608382418067
41.08,-11.9999999750804,-11.562490379489
41.1,-11.9999999893652,-11.5664739088901
41.12,-12.0000000465043,-11.5682258938157
41.14,-12.0000001346651,-11.5678973442065
41.16,-12.0000004873084,-11.5715012534587
41.18,-12.0000003223495,-11.5794162382959
41.2,-11.9999996625142,-11.588576626573
41.22,-11.9999998379353,-11.598296571556
41.24,-12.0000003641986,-11.6086866228772
41.26,-12.000000169941,-11.6209457630899
41.28,-11.9999995871682,-11.6324178095199
41.3,-11.9999995871682,-11.6451946156767
41.32,-11.9999996876836,-11.6603312905225
41.34,-11.9999998253707,-11.6798117054962
41.36,-11.9999995719964,-11.6962911513724
41.38,-11.9999995719964,-11.7062736620673
41.4,-11.9999997106844,-11.7118056864837
41.42,-12.0000002654363,-11.7195772231692
41.44,-12.0000002009828,-11.7316590056802
41.46,-12.0000000720759,-11.7445526096382
41.48,-12.0000001460548,-11.7521055769796
41.5,-12.0000003679917,-11.7520874133994
41.52,-12.0000002433489,-11.747083050524
41.54,-11.9999998694203,-11.7443660457353
41.56,-11.9999998694203,-11.7456273108838
41.58,-11.9999998374015,-11.7493100860914
41.6,-11.9999998801514,-11.7522974203716
41.62,-12.0000001577638,-11.7522265634421
41.64,-12.0000001577638,-11.7488839590726
41.66,-12.0000001883517,-11.7439566628881
41.68,-12.0000002801154,-11.74352941563
41.7,-12.0000002396654,-11.7482033503906
41.72,-12.0000001183155,-11.7540367057914
41.74,-12.0000001512818,-11.7600848467647
41.76,-12.000000250181,-11.7656476546451
41.78,-12.0000001614908,-11.7709403933053
41.8,-11.9999998954203,-11.7774497747112
41.82,-11.9999998954203,-11.7873193656031
41.84,-12.0000002466274,-11.797287957624
41.86,-12.0000002723094,-11.8034890898476
41.88,-11.9999995206165,-11.8086978216573
41.9,-11.9999995206165,-11.8154399703664
41.92,-11.9999994362486,-11.8254277449353
41.94,-11.9999993096966,-11.8369354144812
41.96,-11.9999995828406,-11.8453537651834
41.98,-11.9999999925565,-11.8488341850378
42,-12.0000001044963,-11.8484322113
42.02,-12.0000004403155,-11.8470962515319
42.04,-12.0000003012366,-11.8489727737728
42.06,-12.0000000926184,-11.8527856392182
42.08,-12.0000000926184,-11.8552874730315
42.1,-11.9999999655074,-11.8546608546946
42.12,-11.9999999480242,-11.8516728841232
42.14,-12.0000002943907,-11.8482906670504
42.16,-12.0000002943907,-11.8447954798462
42.18,-12.000000222204,-11.8448043531632
42.2,-12.0000000056438,-11.8484602990356
42.22,-11.9999999361096,-11.8547418143723
42.24,-11.9999998318083,-11.8632818856041
42.26,-11.9999999582176,-11.8699262644277
42.28,-12.0000001478316,-11.8734243644282
42.3,-12.0000002335199,-11.875444135546
42.32,-12.0000003620522,-11.8776421298472
42.34,-12.0000003620522,-11.8810777802589
42.36,-12.0000002527612,-11.8869870366304
42.38,-12.0000000834072,-11.8941150620883
42.4,-12.0000000752811,-11.8991949189255
42.42,-12.0000000752811,-11.9008771066019
42.44,-12.0000001569618,-11.9001121075305
42.46,-12.0000002794827,-11.899337351633
42.48,-12.0000000777309,-11.9014995862322
42.5,-11.9999997751032,-11.9059164534422
42.52,-11.999999861697,-11.9093576552128
42.54,-11.9999999915878,-11.9125374153445
42.56,-11.9999999710814,-11.9154243590456
42.58,-11.9999999403219,-11.9171499630888
42.6,-11.9999999403219,-11.9185602531415
42.62,-2.39999987006991,-11.918793721122
42.64,12.0000002352911,-11.9178364332571
42.66,12.0000000417092,-11.9166945192261
42.68,11.9999996695459,-11.8415495760486
42.7,11.9999995468602,-11.1017550526762
42.72,11.9999997404315,-9.16307457032405
42.74,12.0000000307884,-5.50821969500851
42.76,12.0000000307884,-2.47524910092973
42.78,11.9999998900816,0.211494873568431
42.8,11.9999996790215,1.5520139959051
42.82,11.9999997572125,2.72597846315872
42.84,11.9999998744989,4.12781002756926
42.86,11.9999998225306,5.74109388899952
42.88,11.9999997445782,7.1370394503398
42.9,11.999999682957,7.85714120670346
42.92,11.9999995905254,7.97928940145921
42.94,11.9999995905254,8.01111983512347
42.96,11.9999997101756,8.30647390972066
42.98,11.9999998725345,9.04927145735754
43,11.9999998468597,9.67737125561095
43.02,12.0000001280514,9.85145375396549
43.04,12.0000005498389,9.65053235265497
43.06,12.0000000669972,9.36362618538007
43.08,11.9999993427345,9.41430692159499
43.1,11.9999996191538,9.7204597292752
43.12,12.0000000337829,10.0968343307921
43.14,12.0000000337829,10.310177219764
43.16,12.0000001321877,10.300641906231
43.18,12.000000279795,10.1901629086263
43.2,12.0000001482829,10.1445426300451
43.22,11.9999999510148,10.2309886179503
43.24,11.9999998805919,10.3855750227544
43.26,11.9999997749575,10.5027757161765
43.28,11.9999999982858,10.5241939473402
43.3,12.0000003332783,10.4873000324256
43.32,12.0000003332783,10.4745714254914
43.34,12.0000000724145,10.5288162358896
43.36,11.9999999926533,10.6174269993047
43.38,12.0000004599553,10.6847960390764
43.4,12.000000210038,10.7034752182083
43.42,11.9999998351621,10.7026520671375
43.44,11.9999998351621,10.7311713086264
43.46,12.0000001282881,10.7912828759431
43.48,12.0000005679772,10.8612262716736
43.5,12.0000003699366,10.9033703680749
43.52,12.0000000728757,10.9196986252301
43.54,11.9999999571922,10.9312079991644
43.56,11.9999997836669,10.9587846744633
43.58,11.9999998471762,11.0041281660295
43.6,11.99999994244,11.0465590592932
43.62,11.9999997297338,11.0741154637924
43.64,11.9999995380857,11.0864815372678
43.66,11.9999997948919,11.0997853104335
43.68,11.9999999262705,11.124609966674
43.7,12.0000000052261,11.1571496993669
43.72,12.0000001236596,11.1832095696798
43.74,12.0000001236596,11.1915510195608
43.76,12.0000001262736,11.1937659586227
43.78,12.0000001301946,11.2023754143028
43.8,12.000000022742,11.2251181211916
43.82,11.9999998615631,11.2534025322875
43.84,11.9999999144057,11.2773217818176
43.86,11.9999999936697,11.2891229771792
43.88,12.0000000416159,11.2924345581666
43.9,12.0000001135353,11.3023773110609
43.92,12.0000001135353,11.322792201523
43.94,12.0000001845614,11.3458809358642
43.96,12.0000001521198,11.3620631161029
43.98,11.9999999436487,11.3770699844027
44,12.0000000287214,11.3865116069898
44.02,12.0000001563304,11.3995546112016
44.04,11.9999999714094,11.4191885389773
44.06,11.999999694028,11.4405091587753
44.08,11.999999694028,11.4576288410664
44.1,11.999999643803,11.4679966130363
44.12,11.9999995684655,11.479560455837
44.14,11.9999999404195,11.4926765975771
44.16,12.0000004983505,11.5056281560124
44.18,12.0000004140937,11.5228959820068
44.2,12.0000002877086,11.5334002397451
44.22,12.0000002311624,11.535001274831
44.24,12.0000000437273,11.5399400078162
44.26,11.9999999211744,11.5494006097785
44.28,11.999999968231,11.5662604062637
44.3,11.9999998498101,11.5777361087934
44.32,11.9999996721787,11.5863230960493
44.34,11.9999999218249,11.5896572999138
44.36,12.0000002962941,11.5947315658416
44.38,12.0000002962941,11.6032486070301
44.4,12.0000001684662,11.614893649297
44.42,11.9999999767243,11.632410311311
44.44,12.0000000600302,11.640982445538
44.46,12.000000184989,11.647618738168
44.48,12.0000000789288,11.6523341933351
44.5,11.9999998211569,11.6585030716058
44.52,11.9999998437279,11.6671193123593
44.54,12.0000000830157,11.6804354347635
44.56,11.9999999927417,11.6853291213931
44.58,11.9999998573307,11.688433258435
44.6,12.0000000826,11.6910756640116
44.62,12.0000004205038,11.699602576636
44.64,12.0000004205038,11.7139192345245
44.66,12.0000003035512,11.7280468555003
44.68,12.0000001281223,11.7320459646677
44.7,12.0000001500271,11.7319019269797
44.72,12.0000001828844,11.7345110035936
44.74,11.9999999885633,11.7419893577899
44.76,11.9999996970817,11.7585657331306
44.78,11.9999996970817,11.7689122840469
44.8,11.9999997253345,11.776395211553
44.82,11.9999998004893,11.7762392637476
44.84,11.9999998496525,11.7795735379538
44.86,12.0000000368912,11.7813297051765
44.88,12.0000003177491,11.7827416520396
44.9,12.0000003792049,11.7841907138555
44.92,12.0000004713886,11.7856949594469
44.94,12.0000003261367,11.7892961842745
44.96,12.0000001082589,11.7913629106668
44.98,12.0000001082589,11.7978512480331
45,12.0000000904429,11.8013358555665
45.02,12.0000000637189,11.802718760942
45.04,11.9999998332298,11.8053401472752
45.06,11.9999994874961,11.8099545311007
45.08,11.9999994781358,11.8192901626261
45.1,11.9999995474113,11.8272784277368
45.12,11.9999999500589,11.832964527199
45.14,12.0000003665699,11.8360187599509
45.16,12.0000001386047,11.8381802589267
45.18,11.9999997966569,11.8446292284826
45.2,12.0000001905329,11.8516262072332
45.22,12.0000007813469,11.8568806895839
45.24,12.0000006533682,11.8618729575331
45.26,12.0000004614001,11.8632802339766
45.28,12.0000004614001,11.8624681626355
45.3,12.000000151807,11.865235822202
45.32,11.9999996874172,11.8652276170447
45.34,11.9999997833698,11.8648581979826
45.36,11.9999999272986,11.8660674217421
