0,0,0,0,0,0,0,0,0,0,0,0,0,0,0,0,0,0,0,0
2e-10,2e-10,2e-10,2e-10,2e-10,2e-10,2e-10,2e-10,2e-10,2e-10,2e-10,2e-10,2e-10,2e-10,2e-10,2e-10,2e-10,2e-10,2e-10,2e-10
2e-10,2e-10,2e-10,2e-10,2e-10,2e-10,2e-10,2e-10,2e-10,2e-10,2e-10,2e-10,2e-10,2e-10,2e-10,2e-10,2e-10,2e-10,2e-10,2e-10
2e-10,2e-10,2e-10,2e-10,2e-10,2e-10,2e-10,2e-10,2e-10,2e-10,2e-10,2e-10,2e-10,2e-10,2e-10,2e-10,2e-10,2e-10,2e-10,2e-10
2e-10,2e-10,2e-10,2e-10,2e-10,2e-10,2e-10,2e-10,2e-10,2e-10,2e-10,2e-10,2e-10,2e-10,2e-10,2e-10,2e-10,2e-10,2e-10,2e-10
2e-10,2e-10,2e-10,2e-10,2e-10,2e-10,2e-10,2e-10,2e-10,2e-10,2e-10,2e-10,2e-10,2e-10,2e-10,2e-10,2e-10,2e-10,2e-10,2e-10
2e-10,2e-10,2e-10,2e-10,2e-10,2e-10,2e-10,2e-10,2e-10,2e-10,2e-10,2e-10,2e-10,2e-10,2e-10,2e-10,2e-10,2e-10,2e-10,2e-10
2e-10,2e-10,2e-10,2e-10,2e-10,2e-10,2e-10,2e-10,2e-10,2e-10,2e-10,2e-10,2e-10,2e-10,2e-10,2e-10,2e-10,2e-10,2e-10,2e-10
2e-10,2e-10,2e-10,2e-10,2e-10,2e-10,2e-10,2e-10,2e-10,2e-10,2e-10,2e-10,2e-10,2e-10,2e-10,2e-10,2e-10,2e-10,2e-10,2e-10
2e-10,2e-10,2e-10,2e-10,2e-10,2e-10,2e-10,2e-10,2e-10,2e-10,2e-10,2e-10,2e-10,2e-10,2e-10,2e-10,2e-10,2e-10,2e-10,2e-10
2e-10,2e-10,2e-10,2e-10,2e-10,2e-10,2e-10,2e-10,2e-10,2e-10,2e-10,2e-10,2e-10,2e-10,2e-10,2e-10,2e-10,2e-10,2e-10,2e-10
2e-10,2e-10,2e-10,2e-10,2e-10,2e-10,2e-10,2e-10,2e-10,2e-10,2e-10,2e-10,2e-10,2e-10,2e-10,2e-10,2e-10,2e-10,2e-10,2e-10
2e-10,2e-10,2e-10,2e-10,2e-10,2e-10,2e-10,2e-10,2e-10,2e-10,2e-10,2e-10,2e-10,2e-10,2e-10,2e-10,2e-10,2e-10,2e-10,2e-10
2e-10,2e-10,2e-10,2e-10,2e-10,2e-10,2e-10,2e-10,2e-10,2e-10,2e-10,2e-10,2e-10,2e-10,2e-10,2e-10,2e-10,2e-10,2e-10,2e-10
2e-10,2e-10,2e-10,2e-10,2e-10,2e-10,2e-10,2e-10,2e-10,2e-10,2e-10,2e-10,2e-10,2e-10,2e-10,2e-10,2e-10,2e-10,2e-10,2e-10
2e-10,2e-10,2e-10,2e-10,2e-10,2e-10,2e-10,2e-10,2e-10,2e-10,2e-10,2e-10,2e-10,2e-10,2e-10,2e-10,2e-10,2e-10,2e-10,2e-10
2e-10,2e-10,2e-10,2e-10,2e-10,2e-10,2e-10,2e-10,2e-10,2e-10,2e-10,2e-10,2e-10,2e-10,2e-10,2e-10,2e-10,2e-10,2e-10,2e-10
2e-10,2e-10,2e-10,2e-10,2e-10,2e-10,2e-10,2e-10,2e-10,2e-10,2e-10,2e-10,2e-10,2e-10,2e-10,2e-10,2e-10,2e-10,2e-10,2e-10
2e-10,2e-10,2e-10,2e-10,2e-10,2e-10,2e-10,2e-10,2e-10,2e-10,2e-10,2e-10,2e-10,2e-10,2e-10,2e-10,2e-10,2e-10,2e-10,2e-10
2e-10,2e-10,2e-10,2e-10,2e-10,2e-10,2e-10,2e-10,2e-10,2e-10,2e-10,2e-10,2e-10,2e-10,2e-10,2e-10,2e-10,2e-10,2e-10,2e-10
2e-10,2e-10,2e-10,2e-10,2e-10,2e-10,2e-10,2e-10,2e-10,2e-10,2e-10,2e-10,2e-10,2e-10,2e-10,2e-10,2e-10,2e-10,2e-10,2e-10
2e-10,2e-10,2e-10,2e-10,2e-10,2e-10,2e-10,2e-10,2e-10,2e-10,2e-10,2e-10,2e-10,2e-10,2e-10,2e-10,2e-10,2e-10,2e-10,2e-10
2e-10,2e-10,2e-10,2e-10,2e-10,2e-10,2e-10,2e-10,2e-10,2e-10,2e-10,2e-10,2e-10,2e-10,2e-10,2e-10,2e-10,2e-10,2e-10,2e-10
2e-10,2e-10,2e-10,2e-10,2e-10,2e-10,2e-10,2e-10,2e-10,2e-10,2e-10,2e-10,2e-10,2e-10,2e-10,2e-10,2e-10,2e-10,2e-10,2e-10
2e-10,2e-10,2e-10,2e-10,2e-10,2e-10,2e-10,2e-10,2e-10,2e-10,2e-10,2e-10,2e-10,2e-10,2e-10,2e-10,2e-10,2e-10,2e-10,2e-10
2e-10,2e-10,2e-10,2e-10,2e-10,2e-10,2e-10,2e-10,2e-10,2e-10,2e-10,2e-10,2e-10,2e-10,2e-10,2e-10,2e-10,2e-10,2e-10,2e-10
2e-10,2e-10,2e-10,2e-10,2e-10,2e-10,2e-10,2e-10,2e-10,2e-10,2e-10,2e-10,2e-10,2e-10,2e-10,2e-10,2e-10,2e-10,2e-10,2e-10
2e-10,2e-10,2e-10,2e-10,2e-10,2e-10,2e-10,2e-10,2e-10,2e-10,2e-10,2e-10,2e-10,2e-10,2e-10,2e-10,2e-10,2e-10,2e-10,2e-10
2e-10,2e-10,2e-10,2e-10,2e-10,2e-10,2e-10,2e-10,2e-10,2e-10,2e-10,2e-10,2e-10,2e-10,2e-10,2e-10,2e-10,2e-10,2e-10,2e-10
2e-10,2e-10,2e-10,2e-10,2e-10,2e-10,2e-10,2e-10,2e-10,2e-10,2e-10,2e-10,2e-10,2e-10,2e-10,2e-10,2e-10,2e-10,2e-10,2e-10
2e-10,2e-10,2e-10,2e-10,2e-10,2e-10,2e-10,2e-10,2e-10,2e-10,2e-10,2e-10,2e-10,2e-10,2e-10,2e-10,2e-10,2e-10,2e-10,2e-10
2e-10,2e-10,2e-10,2e-10,2e-10,2e-10,2e-10,2e-10,2e-10,2e-10,2e-10,2e-10,2e-10,2e-10,2e-10,2e-10,2e-10,2e-10,2e-10,2e-10
2e-10,2e-10,2e-10,2e-10,2e-10,2e-10,2e-10,2e-10,2e-10,2e-10,2e-10,2e-10,2e-10,2e-10,2e-10,2e-10,2e-10,2e-10,2e-10,2e-10
2e-10,2e-10,2e-10,2e-10,2e-10,2e-10,2e-10,2e-10,2e-10,2e-10,2e-10,2e-10,2e-10,2e-10,2e-10,2e-10,2e-10,2e-10,2e-10,2e-10
2e-10,2e-10,2e-10,2e-10,2e-10,2e-10,2e-10,2e-10,2e-10,2e-10,2e-10,2e-10,2e-10,2e-10,2e-10,2e-10,2e-10,2e-10,2e-10,2e-10
2e-10,2e-10,2e-10,2e-10,2e-10,2e-10,2e-10,2e-10,2e-10,2e-10,2e-10,2e-10,2e-10,2e-10,2e-10,2e-10,2e-10,2e-10,2e-10,2e-10
2e-10,2e-10,2e-10,2e-10,2e-10,2e-10,2e-10,2e-10,2e-10,2e-10,2e-10,2e-10,2e-10,2e-10,2e-10,2e-10,2e-10,2e-10,2e-10,2e-10
2e-10,2e-10,2e-10,2e-10,2e-10,2e-10,2e-10,2e-10,2e-10,2e-10,2e-10,2e-10,2e-10,2e-10,2e-10,2e-10,2e-10,2e-10,2e-10,2e-10
2e-10,2e-10,2e-10,2e-10,2e-10,2e-10,2e-10,2e-10,2e-10,2e-10,2e-10,2e-10,2e-10,2e-10,2e-10,2e-10,2e-10,2e-10,2e-10,2e-10
2e-10,2e-10,2e-10,2e-10,2e-10,2e-10,2e-10,2e-10,2e-10,2e-10,2e-10,2e-10,2e-10,2e-10,2e-10,2e-10,2e-10,2e-10,2e-10,2e-10
2e-10,2e-10,2e-10,2e-10,2e-10,2e-10,2e-10,2e-10,2e-10,2e-10,2e-10,2e-10,2e-10,2e-10,2e-10,2e-10,2e-10,2e-10,2e-10,2e-10
2e-10,2e-10,2e-10,2e-10,2e-10,2e-10,2e-10,2e-10,2e-10,2e-10,2e-10,2e-10,2e-10,2e-10,2e-10,2e-10,2e-10,2e-10,2e-10,2e-10
2e-10,2e-10,2e-10,2e-10,2e-10,2e-10,2e-10,2e-10,2e-10,2e-10,2e-10,2e-10,2e-10,2e-10,2e-10,2e-10,2e-10,2e-10,2e-10,2e-10
2e-10,2e-10,2e-10,2e-10,2e-10,2e-10,2e-10,2e-10,2e-10,2e-10,2e-10,2e-10,2e-10,2e-10,2e-10,2e-10,2e-10,2e-10,2e-10,2e-10
2e-10,2e-10,2e-10,2e-10,2e-10,2e-10,2e-10,2e-10,2e-10,2e-10,2e-10,2e-10,2e-10,2e-10,2e-10,2e-10,2e-10,2e-10,2e-10,2e-10
2e-10,2e-10,2e-10,2e-10,2e-10,2e-10,2e-10,2e-10,2e-10,2e-10,2e-10,2e-10,2e-10,2e-10,2e-10,2e-10,2e-10,2e-10,2e-10,2e-10
2e-10,2e-10,2e-10,2e-10,2e-10,2e-10,2e-10,2e-10,2e-10,2e-10,2e-10,2e-10,2e-10,2e-10,2e-10,2e-10,2e-10,2e-10,2e-10,2e-10
2e-10,2e-10,2e-10,2e-10,2e-10,2e-10,2e-10,2e-10,2e-10,2e-10,2e-10,2e-10,2e-10,2e-10,2e-10,2e-10,2e-10,2e-10,2e-10,2e-10
2e-10,2e-10,2e-10,2e-10,2e-10,2e-10,2e-10,2e-10,2e-10,2e-10,2e-10,2e-10,2e-10,2e-10,2e-10,2e-10,2e-10,2e-10,2e-10,2e-10
2e-10,2e-10,2e-10,2e-10,2e-10,2e-10,2e-10,2e-10,2e-10,2e-10,2e-10,2e-10,2e-10,2e-10,2e-10,2e-10,2e-10,2e-10,2e-10,2e-10
2e-10,2e-10,2e-10,2e-10,2e-10,2e-10,2e-10,2e-10,2e-10,2e-10,2e-10,2e-10,2e-10,2e-10,2e-10,2e-10,2e-10,2e-10,2e-10,2e-10
2e-10,2e-10,2e-10,2e-10,2e-10,2e-10,2e-10,2e-10,2e-10,2e-10,2e-10,2e-10,2e-10,2e-10,2e-10,2e-10,2e-10,2e-10,2e-10,2e-10
2e-10,2e-10,2e-10,2e-10,2e-10,2e-10,2e-10,2e-10,2e-10,2e-10,2e-10,2e-10,2e-10,2e-10,2e-10,2e-10,2e-10,2e-10,2e-10,2e-10
2e-10,2e-10,2e-10,2e-10,2e-10,2e-10,2e-10,2e-10,2e-10,2e-10,2e-10,2e-10,2e-10,2e-10,2e-10,2e-10,2e-10,2e-10,2e-10,2e-10
2e-10,2e-10,2e-10,2e-10,2e-10,2e-10,2e-10,2e-10,2e-10,2e-10,2e-10,2e-10,2e-10,2e-10,2e-10,2e-10,2e-10,2e-10,2e-10,2e-10
2e-10,2e-10,2e-10,2e-10,2e-10,2e-10,2e-10,2e-10,2e-10,2e-10,2e-10,2e-10,2e-10,2e-10,2e-10,2e-10,2e-10,2e-10,2e-10,2e-10
2e-10,2e-10,2e-10,2e-10,2e-10,2e-10,2e-10,2e-10,2e-10,2e-10,2e-10,2e-10,2e-10,2e-10,2e-10,2e-10,2e-10,2e-10,2e-10,2e-10
2e-10,2e-10,2e-10,2e-10,2e-10,2e-10,2e-10,2e-10,2e-10,2e-10,2e-10,2e-10,2e-10,2e-10,2e-10,2e-10,2e-10,2e-10,2e-10,2e-10
2e-10,2e-10,2e-10,2e-10,2e-10,2e-10,2e-10,2e-10,2e-10,2e-10,2e-10,2e-10,2e-10,2e-10,2e-10,2e-10,2e-10,2e-10,2e-10,2e-10
2e-10,2e-10,2e-10,2e-10,2e-10,2e-10,2e-10,2e-10,2e-10,2e-10,2e-10,2e-10,2e-10,2e-10,2e-10,2e-10,2e-10,2e-10,2e-10,2e-10
2e-10,2e-10,2e-10,2e-10,2e-10,2e-10,2e-10,2e-10,2e-10,2e-10,2e-10,2e-10,2e-10,2e-10,2e-10,2e-10,2e-10,2e-10,2e-10,2e-10
2e-10,2e-10,2e-10,2e-10,2e-10,2e-10,2e-10,2e-10,2e-10,2e-10,2e-10,2e-10,2e-10,2e-10,2e-10,2e-10,2e-10,2e-10,2e-10,2e-10
2e-10,2e-10,2e-10,2e-10,2e-10,2e-10,2e-10,2e-10,2e-10,2e-10,2e-10,2e-10,2e-10,2e-10,2e-10,2e-10,2e-10,2e-10,2e-10,2e-10
2e-10,2e-10,2e-10,2e-10,2e-10,2e-10,2e-10,2e-10,2e-10,2e-10,2e-10,2e-10,2e-10,2e-10,2e-10,2e-10,2e-10,2e-10,2e-10,2e-10
2e-10,2e-10,2e-10,2e-10,2e-10,2e-10,2e-10,2e-10,2e-10,2e-10,2e-10,2e-10,2e-10,2e-10,2e-10,2e-10,2e-10,2e-10,2e-10,2e-10
2e-10,2e-10,2e-10,2e-10,2e-10,2e-10,2e-10,2e-10,2e-10,2e-10,2e-10,2e-10,2e-10,2e-10,2e-10,2e-10,2e-10,2e-10,2e-10,2e-10
2e-10,2e-10,2e-10,2e-10,2e-10,2e-10,2e-10,2e-10,2e-10,2e-10,2e-10,2e-10,2e-10,2e-10,2e-10,2e-10,2e-10,2e-10,2e-10,2e-10
2e-10,2e-10,2e-10,2e-10,2e-10,2e-10,2e-10,2e-10,2e-10,2e-10,2e-10,2e-10,2e-10,2e-10,2e-10,2e-10,2e-10,2e-10,2e-10,2e-10
2e-10,2e-10,2e-10,2e-10,2e-10,2e-10,2e-10,2e-10,2e-10,2e-10,2e-10,2e-10,2e-10,2e-10,2e-10,2e-10,2e-10,2e-10,2e-10,2e-10
2e-10,2e-10,2e-10,2e-10,2e-10,2e-10,2e-10,2e-10,2e-10,2e-10,2e-10,2e-10,2e-10,2e-10,2e-10,2e-10,2e-10,2e-10,2e-10,2e-10
2e-10,2e-10,2e-10,2e-10,2e-10,2e-10,2e-10,2e-10,2e-10,2e-10,2e-10,2e-10,2e-10,2e-10,2e-10,2e-10,2e-10,2e-10,2e-10,2e-10
2e-10,2e-10,2e-10,2e-10,2e-10,2e-10,2e-10,2e-10,2e-10,2e-10,2e-10,2e-10,2e-10,2e-10,2e-10,2e-10,2e-10,2e-10,2e-10,2e-10
2e-10,2e-10,2e-10,2e-10,2e-10,2e-10,2e-10,2e-10,2e-10,2e-10,2e-10,2e-10,2e-10,2e-10,2e-10,2e-10,2e-10,2e-10,2e-10,2e-10
2e-10,2e-10,2e-10,2e-10,2e-10,2e-10,2e-10,2e-10,2e-10,2e-10,2e-10,2e-10,2e-10,2e-10,2e-10,2e-10,2e-10,2e-10,2e-10,2e-10
2e-10,2e-10,2e-10,2e-10,2e-10,2e-10,2e-10,2e-10,2e-10,2e-10,2e-10,2e-10,2e-10,2e-10,2e-10,2e-10,2e-10,2e-10,2e-10,2e-10
2e-10,2e-10,2e-10,2e-10,2e-10,2e-10,2e-10,2e-10,2e-10,2e-10,2e-10,2e-10,2e-10,2e-10,2e-10,2e-10,2e-10,2e-10,2e-10,2e-10
2e-10,2e-10,2e-10,2e-10,2e-10,2e-10,2e-10,2e-10,2e-10,2e-10,2e-10,2e-10,2e-10,2e-10,2e-10,2e-10,2e-10,2e-10,2e-10,2e-10
2e-10,2e-10,2e-10,2e-10,2e-10,2e-10,2e-10,2e-10,2e-10,2e-10,2e-10,2e-10,2e-10,2e-10,2e-10,2e-10,2e-10,2e-10,2e-10,2e-10
2e-10,2e-10,2e-10,2e-10,2e-10,2e-10,2e-10,2e-10,2e-10,2e-10,2e-10,2e-10,2e-10,2e-10,2e-10,2e-10,2e-10,2e-10,2e-10,2e-10
2e-10,2e-10,2e-10,2e-10,2e-10,2e-10,2e-10,2e-10,2e-10,2e-10,2e-10,2e-10,2e-10,2e-10,2e-10,2e-10,2e-10,2e-10,2e-10,2e-10
2e-10,2e-10,2e-10,2e-10,2e-10,2e-10,2e-10,2e-10,2e-10,2e-10,2e-10,2e-10,2e-10,2e-10,2e-10,2e-10,2e-10,2e-10,2e-10,2e-10
2e-10,2e-10,2e-10,2e-10,2e-10,2e-10,2e-10,2e-10,2e-10,2e-10,2e-10,2e-10,2e-10,2e-10,2e-10,2e-10,2e-10,2e-10,2e-10,2e-10
2e-10,2e-10,2e-10,2e-10,2e-10,2e-10,2e-10,2e-10,2e-10,2e-10,2e-10,2e-10,2e-10,2e-10,2e-10,2e-10,2e-10,2e-10,2e-10,2e-10
2e-10,2e-10,2e-10,2e-10,2e-10,2e-10,2e-10,2e-10,2e-10,2e-10,2e-10,2e-10,2e-10,2e-10,2e-10,2e-10,2e-10,2e-10,2e-10,2e-10
2e-10,2e-10,2e-10,2e-10,2e-10,2e-10,2e-10,2e-10,2e-10,2e-10,2e-10,2e-10,2e-10,2e-10,2e-10,2e-10,2e-10,2e-10,2e-10,2e-10
2e-10,2e-10,2e-10,2e-10,2e-10,2e-10,2e-10,2e-10,2e-10,2e-10,2e-10,2e-10,2e-10,2e-10,2e-10,2e-10,2e-10,2e-10,2e-10,2e-10
2e-10,2e-10,2e-10,2e-10,2e-10,2e-10,2e-10,2e-10,2e-10,2e-10,2e-10,2e-10,2e-10,2e-10,2e-10,2e-10,2e-10,2e-10,2e-10,2e-10
2e-10,2e-10,2e-10,2e-10,2e-10,2e-10,2e-10,2e-10,2e-10,2e-10,2e-10,2e-10,2e-10,2e-10,2e-10,2e-10,2e-10,2e-10,2e-10,2e-10
2e-10,2e-10,2e-10,2e-10,2e-10,2e-10,2e-10,2e-10,2e-10,2e-10,2e-10,2e-10,2e-10,2e-10,2e-10,2e-10,2e-10,2e-10,2e-10,2e-10
2e-10,2e-10,2e-10,2e-10,2e-10,2e-10,2e-10,2e-10,2e-10,2e-10,2e-10,2e-10,2e-10,2e-10,2e-10,2e-10,2e-10,2e-10,2e-10,2e-10
2e-10,2e-10,2e-10,2e-10,2e-10,2e-10,2e-10,2e-10,2e-10,2e-10,2e-10,2e-10,2e-10,2e-10,2e-10,2e-10,2e-10,2e-10,2e-10,2e-10
2e-10,2e-10,2e-10,2e-10,2e-10,2e-10,2e-10,2e-10,2e-10,2e-10,2e-10,2e-10,2e-10,2e-10,2e-10,2e-10,2e-10,2e-10,2e-10,2e-10
2e-10,2e-10,2e-10,2e-10,2e-10,2e-10,2e-10,2e-10,2e-10,2e-10,2e-10,2e-10,2e-10,2e-10,2e-10,2e-10,2e-10,2e-10,2e-10,2e-10
2e-10,2e-10,2e-10,2e-10,2e-10,2e-10,2e-10,2e-10,2e-10,2e-10,2e-10,2e-10,2e-10,2e-10,2e-10,2e-10,2e-10,2e-10,2e-10,2e-10
2e-10,2e-10,2e-10,2e-10,2e-10,2e-10,2e-10,2e-10,2e-10,2e-10,2e-10,2e-10,2e-10,2e-10,2e-10,2e-10,2e-10,2e-10,2e-10,2e-10
2e-10,2e-10,2e-10,2e-10,2e-10,2e-10,2e-10,2e-10,2e-10,2e-10,2e-10,2e-10,2e-10,2e-10,2e-10,2e-10,2e-10,2e-10,2e-10,2e-10
2e-10,2e-10,2e-10,2e-10,2e-10,2e-10,2e-10,2e-10,2e-10,2e-10,2e-10,2e-10,2e-10,2e-10,2e-10,2e-10,2e-10,2e-10,2e-10,2e-10
2e-10,2e-10,2e-10,2e-10,2e-10,2e-10,2e-10,2e-10,2e-10,2e-10,2e-10,2e-10,2e-10,2e-10,2e-10,2e-10,2e-10,2e-10,2e-10,2e-10
2e-10,2e-10,2e-10,2e-10,2e-10,2e-10,2e-10,2e-10,2e-10,2e-10,2e-10,2e-10,2e-10,2e-10,2e-10,2e-10,2e-10,2e-10,2e-10,2e-10
2e-10,2e-10,2e-10,2e-10,2e-10,2e-10,2e-10,2e-10,2e-10,2e-10,2e-10,2e-10,2e-10,2e-10,2e-10,2e-10,2e-10,2e-10,2e-10,2e-10
2e-10,2e-10,2e-10,2e-10,2e-10,2e-10,2e-10,2e-10,2e-10,2e-10,2e-10,2e-10,2e-10,2e-10,2e-10,2e-10,2e-10,2e-10,2e-10,2e-10
2e-10,2e-10,2e-10,2e-10,2e-10,2e-10,2e-10,2e-10,2e-10,2e-10,2e-10,2e-10,2e-10,2e-10,2e-10,2e-10,2e-10,2e-10,2e-10,2e-10
2e-10,2e-10,2e-10,2e-10,2e-10,2e-10,2e-10,2e-10,2e-10,2e-10,2e-10,2e-10,2e-10,2e-10,2e-10,2e-10,2e-10,2e-10,2e-10,2e-10
2e-10,2e-10,2e-10,2e-10,2e-10,2e-10,2e-10,2e-10,2e-10,2e-10,2e-10,2e-10,2e-10,2e-10,2e-10,2e-10,2e-10,2e-10,2e-10,2e-10
2e-10,2e-10,2e-10,2e-10,2e-10,2e-10,2e-10,2e-10,2e-10,2e-10,2e-10,2e-10,2e-10,2e-10,2e-10,2e-10,2e-10,2e-10,2e-10,2e-10
2e-10,2e-10,2e-10,2e-10,2e-10,2e-10,2e-10,2e-10,2e-10,2e-10,2e-10,2e-10,2e-10,2e-10,2e-10,2e-10,2e-10,2e-10,2e-10,2.0044e-10
2e-10,2e-10,2e-10,2e-10,2e-10,2e-10,2e-10,2e-10,2e-10,2e-10,2e-10,2e-10,2e-10,2e-10,2e-10,2e-10,2e-10,2e-10,2.0002e-10,2.0271e-10
2e-10,2e-10,2e-10,2e-10,2e-10,2e-10,2e-10,2e-10,2e-10,2e-10,2e-10,2e-10,2e-10,2e-10,2e-10,2e-10,2e-10,2e-10,2.0116e-10,2.0185e-10
2e-10,2e-10,2e-10,2e-10,2e-10,2e-10,2e-10,2e-10,2e-10,2e-10,2e-10,2e-10,2e-10,2e-10,2e-10,2e-10,2e-10,2.0076e-10,2.0295e-10,2e-10
2e-10,2e-10,2e-10,2e-10,2e-10,2e-10,2e-10,2e-10,2e-10,2e-10,2e-10,2e-10,2e-10,2e-10,2e-10,2e-10,2.0132e-10,2.0345e-10,2e-10,2e-10
2e-10,2e-10,2e-10,2e-10,2e-10,2e-10,2e-10,2e-10,2e-10,2e-10,2e-10,2e-10,2e-10,2e-10,2e-10,2e-10,2.0417e-10,2.0119e-10,2e-10,2e-10
2e-10,2e-10,2e-10,2e-10,2e-10,2e-10,2e-10,2e-10,2e-10,2e-10,2e-10,2e-10,2e-10,2e-10,2e-10,2.0475e-10,2.0166e-10,2e-10,2e-10,2e-10
2e-10,2e-10,2e-10,2e-10,2e-10,2e-10,2e-10,2e-10,2e-10,2e-10,2e-10,2e-10,2e-10,2e-10,2.0038e-10,2.0622e-10,2e-10,2e-10,2e-10,2e-10
2e-10,2e-10,2e-10,2e-10,2e-10,2e-10,2e-10,2e-10,2e-10,2e-10,2e-10,2e-10,2e-10,2e-10,2.0763e-10,2.0013e-10,2e-10,2e-10,2e-10,2e-10
2e-10,2e-10,2e-10,2e-10,2e-10,2e-10,2e-10,2e-10,2e-10,2e-10,2e-10,2e-10,2e-10,2.0715e-10,2.0136e-10,2e-10,2e-10,2e-10,2e-10,2e-10
2e-10,2e-10,2e-10,2e-10,2e-10,2e-10,2e-10,2e-10,2e-10,2e-10,2e-10,2e-10,2e-10,2.0829e-10,2e-10,2e-10,2e-10,2e-10,2e-10,2e-10
2e-10,2e-10,2e-10,2e-10,2e-10,2e-10,2e-10,2e-10,2e-10,2e-10,2e-10,2e-10,2.0841e-10,2.0064e-10,2e-10,2e-10,2e-10,2e-10,2e-10,2e-10
2e-10,2e-10,2e-10,2e-10,2e-10,2e-10,2e-10,2e-10,2e-10,2e-10,2e-10,2.0795e-10,2.0172e-10,2e-10,2e-10,2e-10,2e-10,2e-10,2e-10,2e-10
2e-10,2e-10,2e-10,2e-10,2e-10,2e-10,2e-10,2e-10,2e-10,2.0061e-10,2.0466e-10,2.0078e-10,2.034e-10,2e-10,2e-10,2e-10,2e-10,2e-10,2e-10,2e-10
2e-10,2e-10,2e-10,2e-10,2e-10,2e-10,2e-10,2e-10,2.0475e-10,2e-10,2e-10,2.0573e-10,2e-10,2e-10,2e-10,2e-10,2e-10,2e-10,2e-10,2e-10
2e-10,2e-10,2e-10,2e-10,2e-10,2e-10,2e-10,2.0545e-10,2e-10,2e-10,2.0079e-10,2.0455e-10,2e-10,2e-10,2e-10,2e-10,2e-10,2e-10,2e-10,2e-10
2e-10,2e-10,2e-10,2e-10,2e-10,2e-10,2.0596e-10,2e-10,2e-10,2e-10,2.0541e-10,2e-10,2e-10,2e-10,2e-10,2e-10,2e-10,2e-10,2e-10,2e-10
2e-10,2e-10,2e-10,2e-10,2.0208e-10,2.053e-10,2e-10,2e-10,2e-10,2.0103e-10,2.0416e-10,2e-10,2e-10,2e-10,2e-10,2e-10,2e-10,2e-10,2e-10,2e-10
2e-10,2e-10,2e-10,2e-10,2.0651e-10,2e-10,2e-10,2e-10,2e-10,2.0517e-10,2e-10,2e-10,2e-10,2e-10,2e-10,2e-10,2e-10,2e-10,2e-10,2e-10
2e-10,2e-10,2.1055e-10,2.0232e-10,2e-10,2e-10,2e-10,2e-10,2.0534e-10,2e-10,2e-10,2e-10,2e-10,2e-10,2e-10,2e-10,2e-10,2e-10,2e-10,2e-10
2e-10,2e-10,2.0114e-10,2e-10,2e-10,2e-10,2e-10,2.0291e-10,2.0238e-10,2e-10,2e-10,2e-10,2e-10,2e-10,2e-10,2e-10,2e-10,2e-10,2e-10,2e-10
2e-10,2e-10,2e-10,2e-10,2e-10,2e-10,2.0146e-10,2.0362e-10,2e-10,2e-10,2e-10,2e-10,2e-10,2e-10,2e-10,2e-10,2e-10,2e-10,2e-10,2e-10
2e-10,2e-10,2e-10,2e-10,2e-10,2e-10,2.0477e-10,2e-10,2e-10,2e-10,2e-10,2e-10,2e-10,2e-10,2e-10,2e-10,2e-10,2e-10,2e-10,2e-10
2e-10,2e-10,2e-10,2e-10,2e-10,2.0457e-10,2e-10,2e-10,2e-10,2e-10,2e-10,2e-10,2e-10,2e-10,2e-10,2e-10,2e-10,2e-10,2e-10,2e-10
2e-10,2e-10,2e-10,2e-10,2.043e-10,2e-10,2e-10,2e-10,2e-10,2e-10,2e-10,2e-10,2e-10,2e-10,2e-10,2e-10,2e-10,2e-10,2e-10,2e-10
2e-10,2e-10,2e-10,2e-10,2.0152e-10,2e-10,2e-10,2e-10,2e-10,2e-10,2e-10,2e-10,2e-10,2e-10,2e-10,2e-10,2e-10,2e-10,2e-10,2e-10
2e-10,2e-10,2e-10,2e-10,2e-10,2e-10,2e-10,2e-10,2e-10,2e-10,2e-10,2e-10,2e-10,2e-10,2e-10,2e-10,2e-10,2e-10,2e-10,2e-10
2e-10,2e-10,2e-10,2e-10,2e-10,2e-10,2e-10,2e-10,2e-10,2e-10,2e-10,2e-10,2e-10,2e-10,2e-10,2e-10,2e-10,2e-10,2e-10,2e-10
2e-10,2e-10,2e-10,2e-10,2e-10,2e-10,2e-10,2e-10,2e-10,2e-10,2e-10,2e-10,2e-10,2e-10,2e-10,2e-10,2e-10,2e-10,2.0035e-10,2.0049e-10
2e-10,2e-10,2e-10,2e-10,2e-10,2e-10,2e-10,2e-10,2e-10,2e-10,2e-10,2e-10,2e-10,2e-10,2e-10,2e-10,2e-10,2e-10,2.0098e-10,2e-10
2e-10,2e-10,2e-10,2e-10,2e-10,2e-10,2e-10,2e-10,2e-10,2e-10,2e-10,2e-10,2e-10,2e-10,2e-10,2e-10,2e-10,2.0136e-10,2e-10,2e-10
2e-10,2e-10,2e-10,2e-10,2e-10,2e-10,2e-10,2e-10,2e-10,2e-10,2e-10,2e-10,2e-10,2e-10,2e-10,2e-10,2e-10,2.0138e-10,2e-10,2e-10
2e-10,2e-10,2e-10,2e-10,2e-10,2e-10,2e-10,2e-10,2e-10,2e-10,2e-10,2e-10,2e-10,2e-10,2e-10,2e-10,2.0179e-10,2e-10,2e-10,2e-10
2e-10,2e-10,2e-10,2e-10,2e-10,2e-10,2e-10,2e-10,2e-10,2e-10,2e-10,2e-10,2e-10,2e-10,2e-10,2.0225e-10,2e-10,2e-10,2e-10,2e-10
2e-10,2e-10,2e-10,2e-10,2e-10,2e-10,2e-10,2e-10,2e-10,2e-10,2e-10,2e-10,2e-10,2e-10,2.0274e-10,2e-10,2e-10,2e-10,2e-10,2e-10
2e-10,2e-10,2e-10,2e-10,2e-10,2e-10,2e-10,2e-10,2e-10,2e-10,2e-10,2e-10,2e-10,2.0279e-10,2.0039e-10,2e-10,2e-10,2e-10,2e-10,2e-10
2e-10,2e-10,2e-10,2e-10,2e-10,2e-10,2e-10,2e-10,2e-10,2e-10,2e-10,2e-10,2.0285e-10,2.0079e-10,2e-10,2e-10,2e-10,2e-10,2e-10,2e-10
2e-10,2e-10,2e-10,2e-10,2e-10,2e-10,2e-10,2e-10,2e-10,2e-10,2e-10,2e-10,2.0356e-10,2e-10,2e-10,2e-10,2e-10,2e-10,2e-10,2e-10
2e-10,2e-10,2e-10,2e-10,2e-10,2e-10,2e-10,2e-10,2e-10,2e-10,2e-10,2.0391e-10,2e-10,2e-10,2e-10,2e-10,2e-10,2e-10,2e-10,2e-10
2e-10,2e-10,2e-10,2e-10,2e-10,2e-10,2e-10,2e-10,2e-10,2e-10,2.0178e-10,2.0196e-10,2e-10,2e-10,2e-10,2e-10,2e-10,2e-10,2e-10,2e-10
2e-10,2e-10,2e-10,2e-10,2e-10,2e-10,2e-10,2e-10,2e-10,2.009e-10,2.0291e-10,2e-10,2e-10,2e-10,2e-10,2e-10,2e-10,2e-10,2e-10,2e-10
2e-10,2e-10,2e-10,2e-10,2e-10,2e-10,2e-10,2e-10,2.005e-10,2.0337e-10,2e-10,2e-10,2e-10,2e-10,2e-10,2e-10,2e-10,2e-10,2e-10,2e-10
2e-10,2e-10,2e-10,2e-10,2e-10,2e-10,2e-10,2e-10,2.0383e-10,2e-10,2e-10,2e-10,2e-10,2e-10,2e-10,2e-10,2e-10,2e-10,2e-10,2e-10
2e-10,2e-10,2e-10,2e-10,2e-10,2e-10,2e-10,2.0362e-10,2e-10,2e-10,2e-10,2e-10,2e-10,2e-10,2e-10,2e-10,2e-10,2e-10,2e-10,2e-10
2e-10,2e-10,2e-10,2e-10,2e-10,2e-10,2.0328e-10,2e-10,2e-10,2e-10,2e-10,2e-10,2e-10,2e-10,2e-10,2e-10,2e-10,2e-10,2e-10,2e-10
2e-10,2e-10,2e-10,2e-10,2e-10,2.0262e-10,2e-10,2e-10,2e-10,2e-10,2e-10,2e-10,2e-10,2e-10,2e-10,2e-10,2e-10,2e-10,2e-10,2e-10
2e-10,2e-10,2e-10,2e-10,2.0158e-10,2e-10,2e-10,2e-10,2e-10,2e-10,2e-10,2e-10,2e-10,2e-10,2e-10,2e-10,2e-10,2e-10,2e-10,2e-10
2e-10,2e-10,2e-10,2e-10,2e-10,2e-10,2e-10,2e-10,2e-10,2e-10,2e-10,2e-10,2e-10,2e-10,2e-10,2e-10,2e-10,2e-10,2e-10,2e-10
2e-10,2e-10,2e-10,2e-10,2e-10,2e-10,2e-10,2e-10,2e-10,2e-10,2e-10,2e-10,2e-10,2e-10,2e-10,2e-10,2e-10,2e-10,2e-10,2e-10
2e-10,2e-10,2e-10,2e-10,2e-10,2e-10,2e-10,2e-10,2e-10,2e-10,2e-10,2e-10,2e-10,2e-10,2e-10,2e-10,2e-10,2e-10,2e-10,2e-10
2e-10,2e-10,2e-10,2e-10,2e-10,2e-10,2e-10,2e-10,2e-10,2e-10,2e-10,2e-10,2e-10,2e-10,2e-10,2e-10,2e-10,2e-10,2e-10,2e-10
2e-10,2e-10,2e-10,2e-10,2e-10,2e-10,2e-10,2e-10,2e-10,2e-10,2e-10,2e-10,2e-10,2e-10,2e-10,2e-10,2e-10,2e-10,2e-10,2e-10
2e-10,2e-10,2e-10,2e-10,2e-10,2e-10,2e-10,2e-10,2e-10,2e-10,2e-10,2e-10,2e-10,2e-10,2e-10,2e-10,2e-10,2e-10,2e-10,2e-10
2e-10,2e-10,2e-10,2e-10,2e-10,2e-10,2e-10,2e-10,2e-10,2e-10,2e-10,2e-10,2e-10,2e-10,2e-10,2e-10,2e-10,2e-10,2e-10,2e-10
2e-10,2e-10,2e-10,2e-10,2e-10,2e-10,2e-10,2e-10,2e-10,2e-10,2e-10,2e-10,2e-10,2e-10,2e-10,2e-10,2e-10,2e-10,2e-10,2e-10
2e-10,2e-10,2e-10,2e-10,2e-10,2e-10,2e-10,2e-10,2e-10,2e-10,2e-10,2e-10,2e-10,2e-10,2e-10,2e-10,2e-10,2e-10,2e-10,2e-10
2e-10,2e-10,2e-10,2e-10,2e-10,2e-10,2e-10,2e-10,2e-10,2e-10,2e-10,2e-10,2e-10,2e-10,2e-10,2e-10,2e-10,2e-10,2e-10,2e-10
2e-10,2e-10,2e-10,2e-10,2e-10,2e-10,2e-10,2e-10,2e-10,2e-10,2e-10,2e-10,2e-10,2e-10,2e-10,2e-10,2e-10,2e-10,2e-10,2e-10
2e-10,2e-10,2e-10,2e-10,2e-10,2e-10,2e-10,2e-10,2e-10,2e-10,2e-10,2e-10,2e-10,2e-10,2e-10,2e-10,2e-10,2e-10,2e-10,2e-10
2e-10,2e-10,2e-10,2e-10,2e-10,2e-10,2e-10,2e-10,2e-10,2e-10,2e-10,2e-10,2e-10,2e-10,2e-10,2e-10,2e-10,2e-10,2e-10,2e-10
2e-10,2e-10,2e-10,2e-10,2e-10,2e-10,2e-10,2e-10,2e-10,2e-10,2e-10,2e-10,2e-10,2e-10,2e-10,2e-10,2e-10,2e-10,2e-10,2e-10
2e-10,2e-10,2e-10,2e-10,2e-10,2e-10,2e-10,2e-10,2e-10,2e-10,2e-10,2e-10,2e-10,2e-10,2e-10,2e-10,2e-10,2e-10,2e-10,2e-10
2e-10,2e-10,2e-10,2e-10,2e-10,2e-10,2e-10,2e-10,2e-10,2e-10,2e-10,2e-10,2e-10,2e-10,2e-10,2e-10,2e-10,2e-10,2e-10,2e-10
2e-10,2e-10,2e-10,2e-10,2e-10,2e-10,2e-10,2e-10,2e-10,2e-10,2e-10,2e-10,2e-10,2e-10,2e-10,2e-10,2e-10,2e-10,2e-10,2e-10
2e-10,2e-10,2e-10,2e-10,2e-10,2e-10,2e-10,2e-10,2e-10,2e-10,2e-10,2e-10,2e-10,2e-10,2e-10,2e-10,2e-10,2e-10,2e-10,2e-10
2e-10,2e-10,2e-10,2e-10,2e-10,2e-10,2e-10,2e-10,2e-10,2e-10,2e-10,2e-10,2e-10,2e-10,2e-10,2e-10,2e-10,2e-10,2e-10,2e-10
2e-10,2e-10,2e-10,2e-10,2e-10,2e-10,2e-10,2e-10,2e-10,2e-10,2e-10,2e-10,2e-10,2e-10,2e-10,2e-10,2e-10,2e-10,2e-10,2e-10
2e-10,2e-10,2e-10,2e-10,2e-10,2e-10,2e-10,2e-10,2e-10,2e-10,2e-10,2e-10,2e-10,2e-10,2e-10,2e-10,2e-10,2e-10,2e-10,2e-10
2e-10,2e-10,2e-10,2e-10,2e-10,2e-10,2e-10,2e-10,2e-10,2e-10,2e-10,2e-10,2e-10,2e-10,2e-10,2e-10,2e-10,2e-10,2e-10,2e-10
2e-10,2e-10,2e-10,2e-10,2e-10,2e-10,2e-10,2e-10,2e-10,2e-10,2e-10,2e-10,2e-10,2e-10,2e-10,2e-10,2e-10,2e-10,2e-10,2e-10
2e-10,2e-10,2e-10,2e-10,2e-10,2e-10,2e-10,2e-10,2e-10,2e-10,2e-10,2e-10,2e-10,2e-10,2e-10,2e-10,2e-10,2e-10,2e-10,2e-10
2e-10,2e-10,2e-10,2e-10,2e-10,2e-10,2e-10,2e-10,2e-10,2e-10,2e-10,2e-10,2e-10,2e-10,2e-10,2e-10,2e-10,2e-10,2e-10,2e-10
2e-10,2e-10,2e-10,2e-10,2e-10,2e-10,2e-10,2e-10,2e-10,2e-10,2e-10,2e-10,2e-10,2e-10,2e-10,2e-10,2e-10,2e-10,2e-10,2e-10
2e-10,2e-10,2e-10,2e-10,2e-10,2e-10,2e-10,2e-10,2e-10,2e-10,2e-10,2e-10,2e-10,2e-10,2e-10,2e-10,2e-10,2e-10,2e-10,2e-10
2e-10,2e-10,2e-10,2e-10,2e-10,2e-10,2e-10,2e-10,2e-10,2e-10,2e-10,2e-10,2e-10,2e-10,2e-10,2e-10,2e-10,2e-10,2e-10,2e-10
2e-10,2e-10,2e-10,2e-10,2e-10,2e-10,2e-10,2e-10,2e-10,2e-10,2e-10,2e-10,2e-10,2e-10,2e-10,2e-10,2e-10,2e-10,2e-10,2e-10
2e-10,2e-10,2e-10,2e-10,2e-10,2e-10,2e-10,2e-10,2e-10,2e-10,2e-10,2e-10,2e-10,2e-10,2e-10,2e-10,2e-10,2e-10,2e-10,2e-10
2e-10,2e-10,2e-10,2e-10,2e-10,2e-10,2e-10,2e-10,2e-10,2e-10,2e-10,2e-10,2e-10,2e-10,2e-10,2e-10,2e-10,2e-10,2e-10,2e-10
2e-10,2e-10,2e-10,2e-10,2e-10,2e-10,2e-10,2e-10,2e-10,2e-10,2e-10,2e-10,2e-10,2e-10,2e-10,2e-10,2e-10,2e-10,2e-10,2e-10
2e-10,2e-10,2e-10,2e-10,2e-10,2e-10,2e-10,2e-10,2e-10,2e-10,2e-10,2e-10,2e-10,2e-10,2e-10,2e-10,2e-10,2e-10,2e-10,2e-10
2e-10,2e-10,2e-10,2e-10,2e-10,2e-10,2e-10,2e-10,2e-10,2e-10,2e-10,2e-10,2e-10,2e-10,2e-10,2e-10,2e-10,2e-10,2e-10,2e-10
2e-10,2e-10,2e-10,2e-10,2e-10,2e-10,2e-10,2e-10,2e-10,2e-10,2e-10,2e-10,2e-10,2e-10,2e-10,2e-10,2e-10,2e-10,2e-10,2e-10
2e-10,2e-10,2e-10,2e-10,2e-10,2e-10,2e-10,2e-10,2e-10,2e-10,2e-10,2e-10,2e-10,2e-10,2e-10,2e-10,2e-10,2e-10,2e-10,2e-10
2e-10,2e-10,2e-10,2e-10,2e-10,2e-10,2e-10,2e-10,2e-10,2e-10,2e-10,2e-10,2e-10,2e-10,2e-10,2e-10,2e-10,2e-10,2e-10,2e-10
2e-10,2e-10,2e-10,2e-10,2e-10,2e-10,2e-10,2e-10,2e-10,2e-10,2e-10,2e-10,2e-10,2e-10,2e-10,2e-10,2e-10,2e-10,2e-10,2e-10
2e-10,2e-10,2e-10,2e-10,2e-10,2e-10,2e-10,2e-10,2e-10,2e-10,2e-10,2e-10,2e-10,2e-10,2e-10,2e-10,2e-10,2e-10,2e-10,2e-10
2e-10,2e-10,2e-10,2e-10,2e-10,2e-10,2e-10,2e-10,2e-10,2e-10,2e-10,2e-10,2e-10,2e-10,2e-10,2e-10,2e-10,2e-10,2e-10,2e-10
2e-10,2e-10,2e-10,2e-10,2e-10,2e-10,2e-10,2e-10,2e-10,2e-10,2e-10,2e-10,2e-10,2e-10,2e-10,2e-10,2e-10,2e-10,2e-10,2e-10
2e-10,2e-10,2e-10,2e-10,2e-10,2e-10,2e-10,2e-10,2e-10,2e-10,2e-10,2e-10,2e-10,2e-10,2e-10,2e-10,2e-10,2e-10,2e-10,2e-10
2e-10,2e-10,2e-10,2e-10,2e-10,2e-10,2e-10,2e-10,2e-10,2e-10,2e-10,2e-10,2e-10,2e-10,2e-10,2e-10,2e-10,2e-10,2e-10,2e-10
2e-10,2e-10,2e-10,2e-10,2e-10,2e-10,2e-10,2e-10,2e-10,2e-10,2e-10,2e-10,2e-10,2e-10,2e-10,2e-10,2e-10,2e-10,2e-10,2e-10
2e-10,2e-10,2e-10,2e-10,2e-10,2e-10,2e-10,2e-10,2e-10,2e-10,2e-10,2e-10,2e-10,2e-10,2e-10,2e-10,2e-10,2e-10,2e-10,2e-10
2e-10,2e-10,2e-10,2e-10,2e-10,2e-10,2e-10,2e-10,2e-10,2e-10,2e-10,2e-10,2e-10,2e-10,2e-10,2e-10,2e-10,2e-10,2e-10,2e-10
2e-10,2e-10,2e-10,2e-10,2e-10,2e-10,2e-10,2e-10,2e-10,2e-10,2e-10,2e-10,2e-10,2e-10,2e-10,2e-10,2e-10,2e-10,2e-10,2e-10
2e-10,2e-10,2e-10,2e-10,2e-10,2e-10,2e-10,2e-10,2e-10,2e-10,2e-10,2e-10,2e-10,2e-10,2e-10,2e-10,2e-10,2e-10,2e-10,2e-10
2e-10,2e-10,2e-10,2e-10,2e-10,2e-10,2e-10,2e-10,2e-10,2e-10,2e-10,2e-10,2e-10,2e-10,2e-10,2e-10,2e-10,2e-10,2e-10,2e-10
2e-10,2e-10,2e-10,2e-10,2e-10,2e-10,2e-10,2e-10,2e-10,2e-10,2e-10,2e-10,2e-10,2e-10,2e-10,2e-10,2e-10,2e-10,2e-10,2e-10
2e-10,2e-10,2e-10,2e-10,2e-10,2e-10,2e-10,2e-10,2e-10,2e-10,2e-10,2e-10,2e-10,2e-10,2e-10,2e-10,2e-10,2e-10,2e-10,2e-10
2e-10,2e-10,2e-10,2e-10,2e-10,2e-10,2e-10,2e-10,2e-10,2e-10,2e-10,2e-10,2e-10,2e-10,2e-10,2e-10,2e-10,2e-10,2e-10,2e-10
2e-10,2e-10,2e-10,2e-10,2e-10,2e-10,2e-10,2e-10,2e-10,2e-10,2e-10,2e-10,2e-10,2e-10,2e-10,2e-10,2e-10,2e-10,2e-10,2e-10
2e-10,2e-10,2e-10,2e-10,2e-10,2e-10,2e-10,2e-10,2e-10,2e-10,2e-10,2e-10,2e-10,2e-10,2e-10,2e-10,2e-10,2e-10,2e-10,2e-10
2e-10,2e-10,2e-10,2e-10,2e-10,2e-10,2e-10,2e-10,2e-10,2e-10,2e-10,2e-10,2e-10,2e-10,2e-10,2e-10,2e-10,2e-10,2e-10,2e-10
2e-10,2e-10,2e-10,2e-10,2e-10,2e-10,2e-10,2e-10,2e-10,2e-10,2e-10,2e-10,2e-10,2e-10,2e-10,2e-10,2e-10,2e-10,2e-10,2e-10
2e-10,2e-10,2e-10,2e-10,2e-10,2e-10,2e-10,2e-10,2e-10,2e-10,2e-10,2e-10,2e-10,2e-10,2e-10,2e-10,2e-10,2e-10,2e-10,2e-10
2e-10,2e-10,2e-10,2e-10,2e-10,2e-10,2e-10,2e-10,2e-10,2e-10,2e-10,2e-10,2e-10,2e-10,2e-10,2e-10,2e-10,2e-10,2e-10,2e-10
2e-10,2e-10,2e-10,2e-10,2e-10,2e-10,2e-10,2e-10,2e-10,2e-10,2e-10,2e-10,2e-10,2e-10,2e-10,2e-10,2e-10,2e-10,2e-10,2e-10
2e-10,2e-10,2e-10,2e-10,2e-10,2e-10,2e-10,2e-10,2e-10,2e-10,2e-10,2e-10,2e-10,2e-10,2e-10,2e-10,2e-10,2e-10,2e-10,2e-10
2e-10,2e-10,2e-10,2e-10,2e-10,2e-10,2e-10,2e-10,2e-10,2e-10,2e-10,2e-10,2e-10,2e-10,2e-10,2e-10,2e-10,2e-10,2e-10,2e-10
2e-10,2e-10,2e-10,2e-10,2e-10,2e-10,2e-10,2e-10,2e-10,2e-10,2e-10,2e-10,2e-10,2e-10,2e-10,2e-10,2e-10,2e-10,2e-10,2e-10
2e-10,2e-10,2e-10,2e-10,2e-10,2e-10,2e-10,2e-10,2e-10,2e-10,2e-10,2e-10,2e-10,2e-10,2e-10,2e-10,2e-10,2e-10,2e-10,2e-10
2e-10,2e-10,2e-10,2e-10,2e-10,2e-10,2e-10,2e-10,2e-10,2e-10,2e-10,2e-10,2e-10,2e-10,2e-10,2e-10,2e-10,2e-10,2e-10,2e-10
2e-10,2e-10,2e-10,2e-10,2e-10,2e-10,2e-10,2e-10,2e-10,2e-10,2e-10,2e-10,2e-10,2e-10,2e-10,2e-10,2e-10,2e-10,2e-10,2e-10
2e-10,2e-10,2e-10,2e-10,2e-10,2e-10,2e-10,2e-10,2e-10,2e-10,2e-10,2e-10,2e-10,2e-10,2e-10,2e-10,2e-10,2e-10,2e-10,2e-10
2e-10,2e-10,2e-10,2e-10,2e-10,2e-10,2e-10,2e-10,2e-10,2e-10,2e-10,2e-10,2e-10,2e-10,2e-10,2e-10,2e-10,2e-10,2e-10,2e-10
2e-10,2e-10,2e-10,2e-10,2e-10,2e-10,2e-10,2e-10,2e-10,2e-10,2e-10,2e-10,2e-10,2e-10,2e-10,2e-10,2e-10,2e-10,2e-10,2e-10
2e-10,2e-10,2e-10,2e-10,2e-10,2e-10,2e-10,2e-10,2e-10,2e-10,2e-10,2e-10,2e-10,2e-10,2e-10,2e-10,2e-10,2e-10,2e-10,2e-10
2e-10,2e-10,2e-10,2e-10,2e-10,2e-10,2e-10,2e-10,2e-10,2e-10,2e-10,2e-10,2e-10,2e-10,2e-10,2e-10,2e-10,2e-10,2e-10,2e-10
2e-10,2e-10,2e-10,2e-10,2e-10,2e-10,2e-10,2e-10,2e-10,2e-10,2e-10,2e-10,2e-10,2e-10,2e-10,2e-10,2e-10,2e-10,2e-10,2e-10
2e-10,2e-10,2e-10,2e-10,2e-10,2e-10,2e-10,2e-10,2e-10,2e-10,2e-10,2e-10,2e-10,2e-10,2e-10,2e-10,2e-10,2e-10,2e-10,2e-10
2e-10,2e-10,2e-10,2e-10,2e-10,2e-10,2e-10,2e-10,2e-10,2e-10,2e-10,2e-10,2e-10,2e-10,2e-10,2e-10,2e-10,2e-10,2e-10,2e-10
2e-10,2e-10,2e-10,2e-10,2e-10,2e-10,2e-10,2e-10,2e-10,2e-10,2e-10,2e-10,2e-10,2e-10,2e-10,2e-10,2e-10,2e-10,2e-10,2e-10
2e-10,2e-10,2e-10,2e-10,2e-10,2e-10,2e-10,2e-10,2e-10,2e-10,2e-10,2e-10,2e-10,2e-10,2e-10,2e-10,2e-10,2e-10,2e-10,2e-10
2e-10,2e-10,2e-10,2e-10,2e-10,2e-10,2e-10,2e-10,2e-10,2e-10,2e-10,2e-10,2e-10,2e-10,2e-10,2e-10,2e-10,2e-10,2e-10,2e-10
2e-10,2e-10,2e-10,2e-10,2e-10,2e-10,2e-10,2e-10,2e-10,2e-10,2e-10,2e-10,2e-10,2e-10,2e-10,2e-10,2e-10,2e-10,2e-10,2e-10
2e-10,2e-10,2e-10,2e-10,2e-10,2e-10,2e-10,2e-10,2e-10,2e-10,2e-10,2e-10,2e-10,2e-10,2e-10,2e-10,2e-10,2e-10,2e-10,2e-10
2e-10,2e-10,2e-10,2e-10,2e-10,2e-10,2e-10,2e-10,2e-10,2e-10,2e-10,2e-10,2e-10,2e-10,2e-10,2e-10,2e-10,2e-10,2e-10,2e-10
2e-10,2e-10,2e-10,2e-10,2e-10,2e-10,2e-10,2e-10,2e-10,2e-10,2e-10,2e-10,2e-10,2e-10,2e-10,2e-10,2e-10,2e-10,2e-10,2e-10
2e-10,2e-10,2e-10,2e-10,2e-10,2e-10,2e-10,2e-10,2e-10,2e-10,2e-10,2e-10,2e-10,2e-10,2e-10,2e-10,2e-10,2e-10,2e-10,2e-10
2e-10,2e-10,2e-10,2e-10,2e-10,2e-10,2e-10,2e-10,2e-10,2e-10,2e-10,2e-10,2e-10,2e-10,2e-10,2e-10,2e-10,2e-10,2e-10,2e-10
2e-10,2e-10,2e-10,2e-10,2e-10,2e-10,2e-10,2e-10,2e-10,2e-10,2e-10,2e-10,2e-10,2e-10,2e-10,2e-10,2e-10,2e-10,2e-10,2e-10
2e-10,2e-10,2e-10,2e-10,2e-10,2e-10,2e-10,2e-10,2e-10,2e-10,2e-10,2e-10,2e-10,2e-10,2e-10,2e-10,2e-10,2e-10,2e-10,2e-10
2e-10,2e-10,2e-10,2e-10,2e-10,2e-10,2e-10,2e-10,2e-10,2e-10,2e-10,2e-10,2e-10,2e-10,2e-10,2e-10,2e-10,2e-10,2e-10,2e-10
2e-10,2e-10,2e-10,2e-10,2e-10,2e-10,2e-10,2e-10,2e-10,2e-10,2e-10,2e-10,2e-10,2e-10,2e-10,2e-10,2e-10,2e-10,2e-10,2e-10
2e-10,2e-10,2e-10,2e-10,2e-10,2e-10,2e-10,2e-10,2e-10,2e-10,2e-10,2e-10,2e-10,2e-10,2e-10,2e-10,2e-10,2e-10,2e-10,2e-10
2e-10,2e-10,2e-10,2e-10,2e-10,2e-10,2e-10,2e-10,2e-10,2e-10,2e-10,2e-10,2e-10,2e-10,2e-10,2e-10,2e-10,2e-10,2e-10,2e-10
2e-10,2e-10,2e-10,2e-10,2e-10,2e-10,2e-10,2e-10,2e-10,2e-10,2e-10,2e-10,2e-10,2e-10,2e-10,2e-10,2e-10,2e-10,2e-10,2e-10
2e-10,2e-10,2e-10,2e-10,2e-10,2e-10,2e-10,2e-10,2e-10,2e-10,2e-10,2e-10,2e-10,2e-10,2e-10,2e-10,2e-10,2e-10,2e-10,2e-10
2e-10,2e-10,2e-10,2e-10,2e-10,2e-10,2e-10,2e-10,2e-10,2e-10,2e-10,2e-10,2e-10,2e-10,2e-10,2e-10,2e-10,2e-10,2e-10,2e-10
2e-10,2e-10,2e-10,2e-10,2e-10,2e-10,2e-10,2e-10,2e-10,2e-10,2e-10,2e-10,2e-10,2e-10,2e-10,2e-10,2e-10,2e-10,2e-10,2e-10
2e-10,2e-10,2e-10,2e-10,2e-10,2e-10,2e-10,2e-10,2e-10,2e-10,2e-10,2e-10,2e-10,2e-10,2e-10,2e-10,2e-10,2e-10,2e-10,2e-10
2e-10,2e-10,2e-10,2e-10,2e-10,2e-10,2e-10,2e-10,2e-10,2e-10,2e-10,2e-10,2e-10,2e-10,2e-10,2e-10,2e-10,2e-10,2e-10,2e-10
2e-10,2e-10,2e-10,2e-10,2e-10,2e-10,2e-10,2e-10,2e-10,2e-10,2e-10,2e-10,2e-10,2e-10,2e-10,2e-10,2e-10,2e-10,2e-10,2e-10
2e-10,2e-10,2e-10,2e-10,2e-10,2e-10,2e-10,2e-10,2e-10,2e-10,2e-10,2e-10,2e-10,2e-10,2e-10,2e-10,2e-10,2e-10,2e-10,2e-10
2e-10,2e-10,2e-10,2e-10,2e-10,2e-10,2e-10,2e-10,2e-10,2e-10,2e-10,2e-10,2e-10,2e-10,2e-10,2e-10,2e-10,2e-10,2e-10,2e-10
2e-10,2e-10,2e-10,2e-10,2e-10,2e-10,2e-10,2e-10,2e-10,2e-10,2e-10,2e-10,2e-10,2e-10,2e-10,2e-10,2e-10,2e-10,2e-10,2e-10
2e-10,2e-10,2e-10,2e-10,2e-10,2e-10,2e-10,2e-10,2e-10,2e-10,2e-10,2e-10,2e-10,2e-10,2e-10,2e-10,2e-10,2e-10,2e-10,2e-10
2e-10,2e-10,2e-10,2e-10,2e-10,2e-10,2e-10,2e-10,2e-10,2e-10,2e-10,2e-10,2e-10,2e-10,2e-10,2e-10,2e-10,2e-10,2e-10,2e-10
2e-10,2e-10,2e-10,2e-10,2e-10,2e-10,2e-10,2e-10,2e-10,2e-10,2e-10,2e-10,2e-10,2e-10,2e-10,2e-10,2e-10,2e-10,2e-10,2e-10
2e-10,2e-10,2e-10,2e-10,2e-10,2e-10,2e-10,2e-10,2e-10,2e-10,2e-10,2e-10,2e-10,2e-10,2e-10,2e-10,2e-10,2e-10,2e-10,2e-10
2e-10,2e-10,2e-10,2e-10,2e-10,2e-10,2e-10,2e-10,2e-10,2e-10,2e-10,2e-10,2e-10,2e-10,2e-10,2e-10,2e-10,2e-10,2e-10,2e-10
2e-10,2e-10,2e-10,2e-10,2e-10,2e-10,2e-10,2e-10,2e-10,2e-10,2e-10,2e-10,2e-10,2e-10,2e-10,2e-10,2e-10,2e-10,2e-10,2e-10
2e-10,2e-10,2e-10,2e-10,2e-10,2e-10,2e-10,2e-10,2e-10,2e-10,2e-10,2e-10,2e-10,2e-10,2e-10,2e-10,2e-10,2e-10,2e-10,2e-10
2e-10,2e-10,2e-10,2e-10,2e-10,2e-10,2e-10,2e-10,2e-10,2e-10,2e-10,2e-10,2e-10,2e-10,2e-10,2e-10,2e-10,2e-10,2e-10,2e-10
2e-10,2e-10,2e-10,2e-10,2e-10,2e-10,2e-10,2e-10,2e-10,2e-10,2e-10,2e-10,2e-10,2e-10,2e-10,2e-10,2e-10,2e-10,2e-10,2e-10
2e-10,2e-10,2e-10,2e-10,2e-10,2e-10,2e-10,2e-10,2e-10,2e-10,2e-10,2e-10,2e-10,2e-10,2e-10,2e-10,2e-10,2e-10,2e-10,2e-10
2e-10,2e-10,2e-10,2e-10,2e-10,2e-10,2e-10,2e-10,2e-10,2e-10,2e-10,2e-10,2e-10,2e-10,2e-10,2e-10,2e-10,2e-10,2e-10,2e-10
2e-10,2e-10,2e-10,2e-10,2e-10,2e-10,2e-10,2e-10,2e-10,2e-10,2e-10,2e-10,2e-10,2e-10,2e-10,2e-10,2e-10,2e-10,2e-10,2e-10
2e-10,2e-10,2e-10,2e-10,2e-10,2e-10,2e-10,2e-10,2e-10,2e-10,2e-10,2e-10,2e-10,2e-10,2e-10,2e-10,2e-10,2e-10,2e-10,2e-10
2e-10,2e-10,2e-10,2e-10,2e-10,2e-10,2e-10,2e-10,2e-10,2e-10,2e-10,2e-10,2e-10,2e-10,2e-10,2e-10,2e-10,2e-10,2e-10,2e-10
2e-10,2e-10,2e-10,2e-10,2e-10,2e-10,2e-10,2e-10,2e-10,2e-10,2e-10,2e-10,2e-10,2e-10,2e-10,2e-10,2e-10,2e-10,2e-10,2e-10
2e-10,2e-10,2e-10,2e-10,2e-10,2e-10,2e-10,2e-10,2e-10,2e-10,2e-10,2e-10,2e-10,2e-10,2e-10,2e-10,2e-10,2e-10,2e-10,2e-10
2e-10,2e-10,2e-10,2e-10,2e-10,2e-10,2e-10,2e-10,2e-10,2e-10,2e-10,2e-10,2e-10,2e-10,2e-10,2e-10,2e-10,2e-10,2e-10,2e-10
2e-10,2e-10,2e-10,2e-10,2e-10,2e-10,2e-10,2e-10,2e-10,2e-10,2e-10,2e-10,2e-10,2e-10,2e-10,2e-10,2e-10,2e-10,2e-10,2e-10
2e-10,2e-10,2e-10,2e-10,2e-10,2e-10,2e-10,2e-10,2e-10,2e-10,2e-10,2e-10,2e-10,2e-10,2e-10,2e-10,2e-10,2e-10,2e-10,2e-10
2e-10,2e-10,2e-10,2e-10,2e-10,2e-10,2e-10,2e-10,2e-10,2e-10,2e-10,2e-10,2e-10,2e-10,2e-10,2e-10,2e-10,2e-10,2e-10,2e-10
2e-10,2e-10,2e-10,2e-10,2e-10,2e-10,2e-10,2e-10,2e-10,2e-10,2e-10,2e-10,2e-10,2e-10,2e-10,2e-10,2e-10,2e-10,2e-10,2e-10
2e-10,2e-10,2e-10,2e-10,2e-10,2e-10,2e-10,2e-10,2e-10,2e-10,2e-10,2e-10,2e-10,2e-10,2e-10,2e-10,2e-10,2e-10,2e-10,2e-10
2e-10,2e-10,2e-10,2e-10,2e-10,2e-10,2e-10,2e-10,2e-10,2e-10,2e-10,2e-10,2e-10,2e-10,2e-10,2e-10,2e-10,2e-10,2e-10,2e-10
2e-10,2e-10,2e-10,2e-10,2e-10,2e-10,2e-10,2e-10,2e-10,2e-10,2e-10,2e-10,2e-10,2e-10,2e-10,2e-10,2e-10,2e-10,2e-10,2e-10
2e-10,2e-10,2e-10,2e-10,2e-10,2e-10,2e-10,2e-10,2e-10,2e-10,2e-10,2e-10,2e-10,2e-10,2e-10,2e-10,2e-10,2e-10,2e-10,2e-10
2e-10,2e-10,2e-10,2e-10,2e-10,2e-10,2e-10,2e-10,2e-10,2e-10,2e-10,2e-10,2e-10,2e-10,2e-10,2e-10,2e-10,2e-10,2e-10,2e-10
2e-10,2e-10,2e-10,2e-10,2e-10,2e-10,2e-10,2e-10,2e-10,2e-10,2e-10,2e-10,2e-10,2e-10,2e-10,2e-10,2e-10,2e-10,2e-10,2e-10
2e-10,2e-10,2e-10,2e-10,2e-10,2e-10,2e-10,2e-10,2e-10,2e-10,2e-10,2e-10,2e-10,2e-10,2e-10,2e-10,2e-10,2e-10,2e-10,2e-10
2e-10,2e-10,2e-10,2e-10,2e-10,2e-10,2e-10,2e-10,2e-10,2e-10,2e-10,2e-10,2e-10,2e-10,2e-10,2e-10,2e-10,2e-10,2e-10,2e-10
2e-10,2e-10,2e-10,2e-10,2e-10,2e-10,2e-10,2e-10,2e-10,2e-10,2e-10,2e-10,2e-10,2e-10,2e-10,2e-10,2e-10,2e-10,2e-10,2e-10
2e-10,2e-10,2e-10,2e-10,2e-10,2e-10,2e-10,2e-10,2e-10,2e-10,2e-10,2e-10,2e-10,2e-10,2e-10,2e-10,2e-10,2e-10,2e-10,2e-10
2e-10,2e-10,2e-10,2e-10,2e-10,2e-10,2e-10,2e-10,2e-10,2e-10,2e-10,2e-10,2e-10,2e-10,2e-10,2e-10,2e-10,2e-10,2e-10,2e-10
2e-10,2e-10,2e-10,2e-10,2e-10,2e-10,2e-10,2e-10,2e-10,2e-10,2e-10,2e-10,2e-10,2e-10,2e-10,2e-10,2e-10,2e-10,2e-10,2e-10
2e-10,2e-10,2e-10,2e-10,2e-10,2e-10,2e-10,2e-10,2e-10,2e-10,2e-10,2e-10,2e-10,2e-10,2e-10,2e-10,2e-10,2e-10,2e-10,2e-10
2e-10,2e-10,2e-10,2e-10,2e-10,2e-10,2e-10,2e-10,2e-10,2e-10,2e-10,2e-10,2e-10,2e-10,2e-10,2e-10,2e-10,2e-10,2e-10,2e-10
2e-10,2e-10,2e-10,2e-10,2e-10,2e-10,2e-10,2e-10,2e-10,2e-10,2e-10,2e-10,2e-10,2e-10,2e-10,2e-10,2e-10,2e-10,2e-10,2e-10
2e-10,2e-10,2e-10,2e-10,2e-10,2e-10,2e-10,2e-10,2e-10,2e-10,2e-10,2e-10,2e-10,2e-10,2e-10,2e-10,2e-10,2e-10,2e-10,2e-10
2e-10,2e-10,2e-10,2e-10,2e-10,2e-10,2e-10,2e-10,2e-10,2e-10,2e-10,2e-10,2e-10,2e-10,2e-10,2e-10,2e-10,2e-10,2e-10,2e-10
2e-10,2e-10,2e-10,2e-10,2e-10,2e-10,2e-10,2e-10,2e-10,2e-10,2e-10,2e-10,2e-10,2e-10,2e-10,2e-10,2e-10,2e-10,2e-10,2e-10
2e-10,2e-10,2e-10,2e-10,2e-10,2e-10,2e-10,2e-10,2e-10,2e-10,2e-10,2e-10,2e-10,2e-10,2e-10,2e-10,2e-10,2e-10,2e-10,2e-10
2e-10,2e-10,2e-10,2e-10,2e-10,2e-10,2e-10,2e-10,2e-10,2e-10,2e-10,2e-10,2e-10,2e-10,2e-10,2e-10,2e-10,2e-10,2e-10,2e-10
2e-10,2e-10,2e-10,2e-10,2e-10,2e-10,2e-10,2e-10,2e-10,2e-10,2e-10,2e-10,2e-10,2e-10,2e-10,2e-10,2e-10,2e-10,2e-10,2e-10
2e-10,2e-10,2e-10,2e-10,2e-10,2e-10,2e-10,2e-10,2e-10,2e-10,2e-10,2e-10,2e-10,2e-10,2e-10,2e-10,2e-10,2e-10,2e-10,2e-10
2e-10,2e-10,2e-10,2e-10,2e-10,2e-10,2e-10,2e-10,2e-10,2e-10,2e-10,2e-10,2e-10,2e-10,2e-10,2e-10,2e-10,2e-10,2e-10,2e-10
2e-10,2e-10,2e-10,2e-10,2e-10,2e-10,2e-10,2e-10,2e-10,2e-10,2e-10,2e-10,2e-10,2e-10,2e-10,2e-10,2e-10,2e-10,2e-10,2e-10
2e-10,2e-10,2e-10,2e-10,2e-10,2e-10,2e-10,2e-10,2e-10,2e-10,2e-10,2e-10,2e-10,2e-10,2e-10,2e-10,2e-10,2e-10,2e-10,2e-10
2e-10,2e-10,2e-10,2e-10,2e-10,2e-10,2e-10,2e-10,2e-10,2e-10,2e-10,2e-10,2e-10,2e-10,2e-10,2e-10,2e-10,2e-10,2e-10,2e-10
2e-10,2e-10,2e-10,2e-10,2e-10,2e-10,2e-10,2e-10,2e-10,2e-10,2e-10,2e-10,2e-10,2e-10,2e-10,2e-10,2e-10,2e-10,2e-10,2e-10
2e-10,2e-10,2e-10,2e-10,2e-10,2e-10,2e-10,2e-10,2e-10,2e-10,2e-10,2e-10,2e-10,2e-10,2e-10,2e-10,2e-10,2e-10,2e-10,2e-10
2e-10,2e-10,2e-10,2e-10,2e-10,2e-10,2e-10,2e-10,2e-10,2e-10,2e-10,2e-10,2e-10,2e-10,2e-10,2e-10,2e-10,2e-10,2e-10,2e-10
2e-10,2e-10,2e-10,2e-10,2e-10,2e-10,2e-10,2e-10,2e-10,2e-10,2e-10,2e-10,2e-10,2e-10,2e-10,2e-10,2e-10,2e-10,2e-10,2e-10
2e-10,2e-10,2e-10,2e-10,2e-10,2e-10,2e-10,2e-10,2e-10,2e-10,2e-10,2e-10,2e-10,2e-10,2e-10,2e-10,2e-10,2e-10,2e-10,2e-10
2e-10,2e-10,2e-10,2e-10,2e-10,2e-10,2e-10,2e-10,2e-10,2e-10,2e-10,2e-10,2e-10,2e-10,2e-10,2e-10,2e-10,2e-10,2e-10,2e-10
2e-10,2e-10,2e-10,2e-10,2e-10,2e-10,2e-10,2e-10,2e-10,2e-10,2e-10,2e-10,2e-10,2e-10,2e-10,2e-10,2e-10,2e-10,2e-10,2e-10
2e-10,2e-10,2e-10,2e-10,2e-10,2e-10,2e-10,2e-10,2e-10,2e-10,2e-10,2e-10,2e-10,2e-10,2e-10,2e-10,2e-10,2e-10,2e-10,2e-10
2e-10,2e-10,2e-10,2e-10,2e-10,2e-10,2e-10,2e-10,2e-10,2e-10,2e-10,2e-10,2e-10,2e-10,2e-10,2e-10,2e-10,2e-10,2e-10,2e-10
2e-10,2e-10,2e-10,2e-10,2e-10,2e-10,2e-10,2e-10,2e-10,2e-10,2e-10,2e-10,2e-10,2e-10,2e-10,2e-10,2e-10,2e-10,2e-10,2e-10
2e-10,2e-10,2e-10,2e-10,2e-10,2e-10,2e-10,2e-10,2e-10,2e-10,2e-10,2e-10,2e-10,2e-10,2e-10,2e-10,2e-10,2e-10,2e-10,2e-10
2e-10,2e-10,2e-10,2e-10,2e-10,2e-10,2e-10,2e-10,2e-10,2e-10,2e-10,2e-10,2e-10,2e-10,2e-10,2e-10,2e-10,2e-10,2e-10,2e-10
2e-10,2e-10,2e-10,2e-10,2e-10,2e-10,2e-10,2e-10,2e-10,2e-10,2e-10,2e-10,2e-10,2e-10,2e-10,2e-10,2e-10,2e-10,2e-10,2e-10
2e-10,2e-10,2e-10,2e-10,2e-10,2e-10,2e-10,2e-10,2e-10,2e-10,2e-10,2e-10,2e-10,2e-10,2e-10,2e-10,2e-10,2e-10,2e-10,2e-10
2e-10,2e-10,2e-10,2e-10,2e-10,2e-10,2e-10,2e-10,2e-10,2e-10,2e-10,2e-10,2e-10,2e-10,2e-10,2e-10,2e-10,2e-10,2e-10,2e-10
2e-10,2e-10,2e-10,2e-10,2e-10,2e-10,2e-10,2e-10,2e-10,2e-10,2e-10,2e-10,2e-10,2e-10,2e-10,2e-10,2e-10,2e-10,2e-10,2e-10
2e-10,2e-10,2e-10,2e-10,2e-10,2e-10,2e-10,2e-10,2e-10,2e-10,2e-10,2e-10,2e-10,2e-10,2e-10,2e-10,2e-10,2e-10,2e-10,2e-10
2e-10,2e-10,2e-10,2e-10,2e-10,2e-10,2e-10,2e-10,2e-10,2e-10,2e-10,2e-10,2e-10,2e-10,2e-10,2e-10,2e-10,2e-10,2e-10,2e-10
2e-10,2e-10,2e-10,2e-10,2e-10,2e-10,2e-10,2e-10,2e-10,2e-10,2e-10,2e-10,2e-10,2e-10,2e-10,2e-10,2e-10,2e-10,2e-10,2e-10
2e-10,2e-10,2e-10,2e-10,2e-10,2e-10,2e-10,2e-10,2e-10,2e-10,2e-10,2e-10,2e-10,2e-10,2e-10,2e-10,2e-10,2e-10,2e-10,2e-10
2e-10,2e-10,2e-10,2e-10,2e-10,2e-10,2e-10,2e-10,2e-10,2e-10,2e-10,2e-10,2e-10,2e-10,2e-10,2e-10,2e-10,2e-10,2e-10,2e-10
2e-10,2e-10,2e-10,2e-10,2e-10,2e-10,2e-10,2e-10,2e-10,2e-10,2e-10,2e-10,2e-10,2e-10,2e-10,2e-10,2e-10,2e-10,2e-10,2e-10
2e-10,2e-10,2e-10,2e-10,2e-10,2e-10,2e-10,2e-10,2e-10,2e-10,2e-10,2e-10,2e-10,2e-10,2e-10,2e-10,2e-10,2e-10,2e-10,2e-10
2e-10,2e-10,2e-10,2e-10,2e-10,2e-10,2e-10,2e-10,2e-10,2e-10,2e-10,2e-10,2e-10,2e-10,2e-10,2e-10,2e-10,2e-10,2e-10,2e-10
2e-10,2e-10,2e-10,2e-10,2e-10,2e-10,2e-10,2e-10,2e-10,2e-10,2e-10,2e-10,2e-10,2e-10,2e-10,2e-10,2e-10,2e-10,2e-10,2e-10
2e-10,2e-10,2e-10,2e-10,2e-10,2e-10,2e-10,2e-10,2e-10,2e-10,2e-10,2e-10,2e-10,2e-10,2e-10,2e-10,2e-10,2e-10,2e-10,2e-10
2e-10,2e-10,2e-10,2e-10,2e-10,2e-10,2e-10,2e-10,2e-10,2e-10,2e-10,2e-10,2e-10,2e-10,2e-10,2e-10,2e-10,2e-10,2e-10,2e-10
2e-10,2e-10,2e-10,2e-10,2e-10,2e-10,2e-10,2e-10,2e-10,2e-10,2e-10,2e-10,2e-10,2e-10,2e-10,2e-10,2e-10,2e-10,2e-10,2e-10
2e-10,2e-10,2e-10,2e-10,2e-10,2e-10,2e-10,2e-10,2e-10,2e-10,2e-10,2e-10,2e-10,2e-10,2e-10,2e-10,2e-10,2e-10,2e-10,2e-10
2e-10,2e-10,2e-10,2e-10,2e-10,2e-10,2e-10,2e-10,2e-10,2e-10,2e-10,2e-10,2e-10,2e-10,2e-10,2e-10,2e-10,2e-10,2e-10,2e-10
2e-10,2e-10,2e-10,2e-10,2e-10,2e-10,2e-10,2e-10,2e-10,2e-10,2e-10,2e-10,2e-10,2e-10,2e-10,2e-10,2e-10,2e-10,2e-10,2e-10
2e-10,2e-10,2e-10,2e-10,2e-10,2e-10,2e-10,2e-10,2e-10,2e-10,2e-10,2e-10,2e-10,2e-10,2e-10,2e-10,2e-10,2e-10,2e-10,2e-10
2e-10,2e-10,2e-10,2e-10,2e-10,2e-10,2e-10,2e-10,2e-10,2e-10,2e-10,2e-10,2e-10,2e-10,2e-10,2e-10,2e-10,2e-10,2e-10,2e-10
2e-10,2e-10,2e-10,2e-10,2e-10,2e-10,2e-10,2e-10,2e-10,2e-10,2e-10,2e-10,2e-10,2e-10,2e-10,2e-10,2e-10,2e-10,2e-10,2e-10
2e-10,2e-10,2e-10,2e-10,2e-10,2e-10,2e-10,2e-10,2e-10,2e-10,2e-10,2e-10,2e-10,2e-10,2e-10,2e-10,2e-10,2e-10,2e-10,2e-10
2e-10,2e-10,2e-10,2e-10,2e-10,2e-10,2e-10,2e-10,2e-10,2e-10,2e-10,2e-10,2e-10,2e-10,2e-10,2e-10,2e-10,2e-10,2e-10,2e-10
2e-10,2e-10,2e-10,2e-10,2e-10,2e-10,2e-10,2e-10,2e-10,2e-10,2e-10,2e-10,2e-10,2e-10,2e-10,2e-10,2e-10,2e-10,2e-10,2e-10
2e-10,2e-10,2e-10,2e-10,2e-10,2e-10,2e-10,2e-10,2e-10,2e-10,2e-10,2e-10,2e-10,2e-10,2e-10,2e-10,2e-10,2e-10,2e-10,2e-10
2e-10,2e-10,2e-10,2e-10,2e-10,2e-10,2e-10,2e-10,2e-10,2e-10,2e-10,2e-10,2e-10,2e-10,2e-10,2e-10,2e-10,2e-10,2e-10,2e-10
2e-10,2e-10,2e-10,2e-10,2e-10,2e-10,2e-10,2e-10,2e-10,2e-10,2e-10,2e-10,2e-10,2e-10,2e-10,2e-10,2e-10,2e-10,2e-10,2e-10
2e-10,2e-10,2e-10,2e-10,2e-10,2e-10,2e-10,2e-10,2e-10,2e-10,2e-10,2e-10,2e-10,2e-10,2e-10,2e-10,2e-10,2e-10,2e-10,2e-10
2e-10,2e-10,2e-10,2e-10,2e-10,2e-10,2e-10,2e-10,2e-10,2e-10,2e-10,2e-10,2e-10,2e-10,2e-10,2e-10,2e-10,2e-10,2e-10,2.0087e-10
2e-10,2e-10,2e-10,2e-10,2e-10,2e-10,2e-10,2e-10,2e-10,2e-10,2e-10,2e-10,2e-10,2e-10,2e-10,2e-10,2e-10,2e-10,2.0124e-10,2e-10
2e-10,2e-10,2e-10,2e-10,2e-10,2e-10,2e-10,2e-10,2e-10,2e-10,2e-10,2e-10,2e-10,2e-10,2e-10,2e-10,2e-10,2e-10,2.0122e-10,2e-10
2e-10,2e-10,2e-10,2e-10,2e-10,2e-10,2e-10,2e-10,2e-10,2e-10,2e-10,2e-10,2e-10,2e-10,2e-10,2e-10,2e-10,2.0169e-10,2e-10,2e-10
2e-10,2e-10,2e-10,2e-10,2e-10,2e-10,2e-10,2e-10,2e-10,2e-10,2e-10,2e-10,2e-10,2e-10,2e-10,2e-10,2.023e-10,2e-10,2e-10,2e-10
2e-10,2e-10,2e-10,2e-10,2e-10,2e-10,2e-10,2e-10,2e-10,2e-10,2e-10,2e-10,2e-10,2e-10,2e-10,2.0132e-10,2.0116e-10,2e-10,2e-10,2e-10
2e-10,2e-10,2e-10,2e-10,2e-10,2e-10,2e-10,2e-10,2e-10,2e-10,2e-10,2e-10,2e-10,2e-10,2.0041e-10,2.0253e-10,2e-10,2e-10,2e-10,2e-10
2e-10,2e-10,2e-10,2e-10,2e-10,2e-10,2e-10,2e-10,2e-10,2e-10,2e-10,2e-10,2e-10,2e-10,2.0353e-10,2e-10,2e-10,2e-10,2e-10,2e-10
2e-10,2e-10,2e-10,2e-10,2e-10,2e-10,2e-10,2e-10,2e-10,2e-10,2e-10,2e-10,2e-10,2.0414e-10,2e-10,2e-10,2e-10,2e-10,2e-10,2e-10
2e-10,2e-10,2e-10,2e-10,2e-10,2e-10,2e-10,2e-10,2e-10,2e-10,2e-10,2e-10,2e-10,2.0396e-10,2e-10,2e-10,2e-10,2e-10,2e-10,2e-10
2e-10,2e-10,2e-10,2e-10,2e-10,2e-10,2e-10,2e-10,2e-10,2e-10,2e-10,2e-10,2.0452e-10,2e-10,2e-10,2e-10,2e-10,2e-10,2e-10,2e-10
2e-10,2e-10,2e-10,2e-10,2e-10,2e-10,2e-10,2e-10,2e-10,2e-10,2e-10,2.0279e-10,2.0189e-10,2e-10,2e-10,2e-10,2e-10,2e-10,2e-10,2e-10
2e-10,2e-10,2e-10,2e-10,2e-10,2e-10,2e-10,2e-10,2e-10,2e-10,2.0022e-10,2.0459e-10,2e-10,2e-10,2e-10,2e-10,2e-10,2e-10,2e-10,2e-10
2e-10,2e-10,2e-10,2e-10,2e-10,2e-10,2e-10,2e-10,2e-10,2e-10,2.0514e-10,2e-10,2e-10,2e-10,2e-10,2e-10,2e-10,2e-10,2e-10,2e-10
2e-10,2e-10,2e-10,2e-10,2e-10,2e-10,2e-10,2e-10,2e-10,2.0475e-10,2.006e-10,2e-10,2e-10,2e-10,2e-10,2e-10,2e-10,2e-10,2e-10,2e-10
2e-10,2e-10,2e-10,2e-10,2e-10,2e-10,2e-10,2e-10,2.0004e-10,2.0475e-10,2e-10,2e-10,2e-10,2e-10,2e-10,2e-10,2e-10,2e-10,2e-10,2e-10
2e-10,2e-10,2e-10,2e-10,2e-10,2e-10,2e-10,2e-10,2.0493e-10,2e-10,2e-10,2e-10,2e-10,2e-10,2e-10,2e-10,2e-10,2e-10,2e-10,2e-10
2e-10,2e-10,2e-10,2e-10,2e-10,2e-10,2e-10,2.0508e-10,2e-10,2e-10,2e-10,2e-10,2e-10,2e-10,2e-10,2e-10,2e-10,2e-10,2e-10,2e-10
2e-10,2e-10,2e-10,2e-10,2e-10,2e-10,2.0291e-10,2.016e-10,2e-10,2e-10,2e-10,2e-10,2e-10,2e-10,2e-10,2e-10,2e-10,2e-10,2e-10,2e-10
2e-10,2e-10,2e-10,2e-10,2e-10,2.0179e-10,2.0236e-10,2e-10,2e-10,2e-10,2e-10,2e-10,2e-10,2e-10,2e-10,2e-10,2e-10,2e-10,2e-10,2e-10
2e-10,2e-10,2e-10,2e-10,2e-10,2.0321e-10,2e-10,2e-10,2e-10,2e-10,2e-10,2e-10,2e-10,2e-10,2e-10,2e-10,2e-10,2e-10,2e-10,2e-10
2e-10,2e-10,2e-10,2e-10,2.0253e-10,2e-10,2e-10,2e-10,2e-10,2e-10,2e-10,2e-10,2e-10,2e-10,2e-10,2e-10,2e-10,2e-10,2e-10,2e-10
2e-10,2e-10,2e-10,2e-10,2.0049e-10,2e-10,2e-10,2e-10,2e-10,2e-10,2e-10,2e-10,2e-10,2e-10,2e-10,2e-10,2e-10,2e-10,2e-10,2e-10
2e-10,2e-10,2e-10,2e-10,2e-10,2e-10,2e-10,2e-10,2e-10,2e-10,2e-10,2e-10,2e-10,2e-10,2e-10,2e-10,2e-10,2e-10,2e-10,2e-10
2e-10,2e-10,2e-10,2e-10,2e-10,2e-10,2e-10,2e-10,2e-10,2e-10,2e-10,2e-10,2e-10,2e-10,2e-10,2e-10,2e-10,2e-10,2e-10,2e-10
2e-10,2e-10,2e-10,2e-10,2e-10,2e-10,2e-10,2e-10,2e-10,2e-10,2e-10,2e-10,2e-10,2e-10,2e-10,2e-10,2e-10,2e-10,2e-10,2e-10
2e-10,2e-10,2e-10,2e-10,2e-10,2e-10,2e-10,2e-10,2e-10,2e-10,2e-10,2e-10,2e-10,2e-10,2e-10,2e-10,2e-10,2e-10,2e-10,2e-10
2e-10,2e-10,2e-10,2e-10,2e-10,2e-10,2e-10,2e-10,2e-10,2e-10,2e-10,2e-10,2e-10,2e-10,2e-10,2e-10,2e-10,2e-10,2e-10,2e-10
2e-10,2e-10,2e-10,2e-10,2e-10,2e-10,2e-10,2e-10,2e-10,2e-10,2e-10,2e-10,2e-10,2e-10,2e-10,2e-10,2e-10,2e-10,2e-10,2e-10
2e-10,2e-10,2e-10,2e-10,2e-10,2e-10,2e-10,2e-10,2e-10,2e-10,2e-10,2e-10,2e-10,2e-10,2e-10,2e-10,2e-10,2e-10,2e-10,2e-10
2e-10,2e-10,2e-10,2e-10,2e-10,2e-10,2e-10,2e-10,2e-10,2e-10,2e-10,2e-10,2e-10,2e-10,2e-10,2e-10,2e-10,2e-10,2e-10,2e-10
2e-10,2e-10,2e-10,2e-10,2e-10,2e-10,2e-10,2e-10,2e-10,2e-10,2e-10,2e-10,2e-10,2e-10,2e-10,2e-10,2e-10,2e-10,2e-10,2e-10
2e-10,2e-10,2e-10,2e-10,2e-10,2e-10,2e-10,2e-10,2e-10,2e-10,2e-10,2e-10,2e-10,2e-10,2e-10,2e-10,2e-10,2e-10,2e-10,2e-10
2e-10,2e-10,2e-10,2e-10,2e-10,2e-10,2e-10,2e-10,2e-10,2e-10,2e-10,2e-10,2e-10,2e-10,2e-10,2e-10,2e-10,2e-10,2e-10,2e-10
2e-10,2e-10,2e-10,2e-10,2e-10,2e-10,2e-10,2e-10,2e-10,2e-10,2e-10,2e-10,2e-10,2e-10,2e-10,2e-10,2e-10,2e-10,2e-10,2e-10
2e-10,2e-10,2e-10,2e-10,2e-10,2e-10,2e-10,2e-10,2e-10,2e-10,2e-10,2e-10,2e-10,2e-10,2e-10,2e-10,2e-10,2e-10,2e-10,2e-10
2e-10,2e-10,2e-10,2e-10,2e-10,2e-10,2e-10,2e-10,2e-10,2e-10,2e-10,2e-10,2e-10,2e-10,2e-10,2e-10,2e-10,2e-10,2e-10,2e-10
2e-10,2e-10,2e-10,2e-10,2e-10,2e-10,2e-10,2e-10,2e-10,2e-10,2e-10,2e-10,2e-10,2e-10,2e-10,2e-10,2e-10,2e-10,2e-10,2e-10
2e-10,2e-10,2e-10,2e-10,2e-10,2e-10,2e-10,2e-10,2e-10,2e-10,2e-10,2e-10,2e-10,2e-10,2e-10,2e-10,2e-10,2e-10,2e-10,2e-10
2e-10,2e-10,2e-10,2e-10,2e-10,2e-10,2e-10,2e-10,2e-10,2e-10,2e-10,2e-10,2e-10,2e-10,2e-10,2e-10,2e-10,2e-10,2e-10,2e-10
2e-10,2e-10,2e-10,2e-10,2e-10,2e-10,2e-10,2e-10,2e-10,2e-10,2e-10,2e-10,2e-10,2e-10,2e-10,2e-10,2e-10,2e-10,2e-10,2.0106e-10
2e-10,2e-10,2e-10,2e-10,2e-10,2e-10,2e-10,2e-10,2e-10,2e-10,2e-10,2e-10,2e-10,2e-10,2e-10,2e-10,2e-10,2e-10,2.0314e-10,2e-10
2e-10,2e-10,2e-10,2e-10,2e-10,2e-10,2e-10,2e-10,2e-10,2e-10,2e-10,2e-10,2e-10,2e-10,2e-10,2e-10,2e-10,2.0081e-10,2.0241e-10,2e-10
2e-10,2e-10,2e-10,2e-10,2e-10,2e-10,2e-10,2e-10,2e-10,2e-10,2e-10,2e-10,2e-10,2e-10,2e-10,2e-10,2.0145e-10,2.0251e-10,2e-10,2e-10
2e-10,2e-10,2e-10,2e-10,2e-10,2e-10,2e-10,2e-10,2e-10,2e-10,2e-10,2e-10,2e-10,2e-10,2e-10,2.0165e-10,2.0303e-10,2e-10,2e-10,2e-10
2e-10,2e-10,2e-10,2e-10,2e-10,2e-10,2e-10,2e-10,2e-10,2e-10,2e-10,2e-10,2e-10,2e-10,2.0145e-10,2.0395e-10,2e-10,2e-10,2e-10,2e-10
2e-10,2e-10,2e-10,2e-10,2e-10,2e-10,2e-10,2e-10,2e-10,2e-10,2e-10,2e-10,2e-10,2e-10,2.0268e-10,2.027e-10,2e-10,2e-10,2e-10,2e-10
2e-10,2e-10,2e-10,2e-10,2e-10,2e-10,2e-10,2e-10,2e-10,2e-10,2e-10,2e-10,2e-10,2.0184e-10,2.0414e-10,2e-10,2e-10,2e-10,2e-10,2e-10
2e-10,2e-10,2e-10,2e-10,2e-10,2e-10,2e-10,2e-10,2e-10,2e-10,2e-10,2e-10,2.0122e-10,2.0538e-10,2e-10,2e-10,2e-10,2e-10,2e-10,2e-10
2e-10,2e-10,2e-10,2e-10,2e-10,2e-10,2e-10,2e-10,2e-10,2e-10,2e-10,2e-10,2.0454e-10,2.0215e-10,2e-10,2e-10,2e-10,2e-10,2e-10,2e-10
2e-10,2e-10,2e-10,2e-10,2e-10,2e-10,2e-10,2e-10,2e-10,2e-10,2e-10,2.035e-10,2.0358e-10,2e-10,2e-10,2e-10,2e-10,2e-10,2e-10,2e-10
2e-10,2e-10,2e-10,2e-10,2e-10,2e-10,2e-10,2e-10,2e-10,2e-10,2e-10,2.0582e-10,2.0109e-10,2e-10,2e-10,2e-10,2e-10,2e-10,2e-10,2e-10
2e-10,2e-10,2e-10,2e-10,2e-10,2e-10,2e-10,2e-10,2e-10,2e-10,2.0409e-10,2.0289e-10,2e-10,2e-10,2e-10,2e-10,2e-10,2e-10,2e-10,2e-10
2e-10,2e-10,2e-10,2e-10,2e-10,2e-10,2e-10,2e-10,2e-10,2.0315e-10,2.0394e-10,2e-10,2e-10,2e-10,2e-10,2e-10,2e-10,2e-10,2e-10,2e-10
2e-10,2e-10,2e-10,2e-10,2e-10,2e-10,2e-10,2e-10,2e-10,2.0457e-10,2.0195e-10,2e-10,2e-10,2e-10,2e-10,2e-10,2e-10,2e-10,2e-10,2e-10
2e-10,2e-10,2e-10,2e-10,2e-10,2e-10,2e-10,2e-10,2.0222e-10,2.0406e-10,2e-10,2e-10,2e-10,2e-10,2e-10,2e-10,2e-10,2e-10,2e-10,2e-10
2e-10,2e-10,2e-10,2e-10,2e-10,2e-10,2e-10,2e-10,2.0597e-10,2e-10,2e-10,2e-10,2e-10,2e-10,2e-10,2e-10,2e-10,2e-10,2e-10,2e-10
2e-10,2e-10,2e-10,2e-10,2e-10,2e-10,2e-10,2.0498e-10,2.0073e-10,2e-10,2e-10,2e-10,2e-10,2e-10,2e-10,2e-10,2e-10,2e-10,2e-10,2e-10
2e-10,2e-10,2e-10,2e-10,2e-10,2e-10,2.0208e-10,2.0301e-10,2e-10,2e-10,2e-10,2e-10,2e-10,2e-10,2e-10,2e-10,2e-10,2e-10,2e-10,2e-10
2e-10,2e-10,2e-10,2e-10,2e-10,2e-10,2.0438e-10,2e-10,2e-10,2e-10,2e-10,2e-10,2e-10,2e-10,2e-10,2e-10,2e-10,2e-10,2e-10,2e-10
2e-10,2e-10,2e-10,2e-10,2e-10,2.0408e-10,2e-10,2e-10,2e-10,2e-10,2e-10,2e-10,2e-10,2e-10,2e-10,2e-10,2e-10,2e-10,2e-10,2e-10
2e-10,2e-10,2e-10,2e-10,2.032e-10,2e-10,2e-10,2e-10,2e-10,2e-10,2e-10,2e-10,2e-10,2e-10,2e-10,2e-10,2e-10,2e-10,2e-10,2e-10
2e-10,2e-10,2e-10,2.0031e-10,2.0199e-10,2e-10,2e-10,2e-10,2e-10,2e-10,2e-10,2e-10,2e-10,2e-10,2e-10,2e-10,2e-10,2e-10,2e-10,2e-10
2e-10,2e-10,2e-10,2.0095e-10,2e-10,2e-10,2e-10,2e-10,2e-10,2e-10,2e-10,2e-10,2e-10,2e-10,2e-10,2e-10,2e-10,2e-10,2e-10,2e-10
2e-10,2e-10,2e-10,2e-10,2e-10,2e-10,2e-10,2e-10,2e-10,2e-10,2e-10,2e-10,2e-10,2e-10,2e-10,2e-10,2e-10,2e-10,2e-10,2e-10
2e-10,2e-10,2e-10,2e-10,2e-10,2e-10,2e-10,2e-10,2e-10,2e-10,2e-10,2e-10,2e-10,2e-10,2e-10,2e-10,2e-10,2e-10,2e-10,2e-10
2e-10,2e-10,2e-10,2e-10,2e-10,2e-10,2e-10,2e-10,2e-10,2e-10,2e-10,2e-10,2e-10,2e-10,2e-10,2e-10,2e-10,2e-10,2e-10,2e-10
2e-10,2e-10,2e-10,2e-10,2e-10,2e-10,2e-10,2e-10,2e-10,2e-10,2e-10,2e-10,2e-10,2e-10,2e-10,2e-10,2e-10,2e-10,2e-10,2e-10
2e-10,2e-10,2e-10,2e-10,2e-10,2e-10,2e-10,2e-10,2e-10,2e-10,2e-10,2e-10,2e-10,2e-10,2e-10,2e-10,2e-10,2e-10,2e-10,2e-10
2e-10,2e-10,2e-10,2e-10,2e-10,2e-10,2e-10,2e-10,2e-10,2e-10,2e-10,2e-10,2e-10,2e-10,2e-10,2e-10,2e-10,2e-10,2e-10,2e-10
2e-10,2e-10,2e-10,2e-10,2e-10,2e-10,2e-10,2e-10,2e-10,2e-10,2e-10,2e-10,2e-10,2e-10,2e-10,2e-10,2e-10,2e-10,2e-10,2e-10
2e-10,2e-10,2e-10,2e-10,2e-10,2e-10,2e-10,2e-10,2e-10,2e-10,2e-10,2e-10,2e-10,2e-10,2e-10,2e-10,2e-10,2e-10,2e-10,2e-10
2e-10,2e-10,2e-10,2e-10,2e-10,2e-10,2e-10,2e-10,2e-10,2e-10,2e-10,2e-10,2e-10,2e-10,2e-10,2e-10,2e-10,2e-10,2e-10,2e-10
2e-10,2e-10,2e-10,2e-10,2e-10,2e-10,2e-10,2e-10,2e-10,2e-10,2e-10,2e-10,2e-10,2e-10,2e-10,2e-10,2e-10,2e-10,2e-10,2e-10
2e-10,2e-10,2e-10,2e-10,2e-10,2e-10,2e-10,2e-10,2e-10,2e-10,2e-10,2e-10,2e-10,2e-10,2e-10,2e-10,2e-10,2e-10,2e-10,2e-10
2e-10,2e-10,2e-10,2e-10,2e-10,2e-10,2e-10,2e-10,2e-10,2e-10,2e-10,2e-10,2e-10,2e-10,2e-10,2e-10,2e-10,2e-10,2e-10,2e-10
2e-10,2e-10,2e-10,2e-10,2e-10,2e-10,2e-10,2e-10,2e-10,2e-10,2e-10,2e-10,2e-10,2e-10,2e-10,2e-10,2e-10,2e-10,2e-10,2e-10
2e-10,2e-10,2e-10,2e-10,2e-10,2e-10,2e-10,2e-10,2e-10,2e-10,2e-10,2e-10,2e-10,2e-10,2e-10,2e-10,2e-10,2e-10,2e-10,2e-10
2e-10,2e-10,2e-10,2e-10,2e-10,2e-10,2e-10,2e-10,2e-10,2e-10,2e-10,2e-10,2e-10,2e-10,2e-10,2e-10,2e-10,2e-10,2e-10,2e-10
2e-10,2e-10,2e-10,2e-10,2e-10,2e-10,2e-10,2e-10,2e-10,2e-10,2e-10,2e-10,2e-10,2e-10,2e-10,2e-10,2e-10,2e-10,2e-10,2e-10
2e-10,2e-10,2e-10,2e-10,2e-10,2e-10,2e-10,2e-10,2e-10,2e-10,2e-10,2e-10,2e-10,2e-10,2e-10,2e-10,2e-10,2e-10,2e-10,2e-10
2e-10,2e-10,2e-10,2e-10,2e-10,2e-10,2e-10,2e-10,2e-10,2e-10,2e-10,2e-10,2e-10,2e-10,2e-10,2e-10,2e-10,2e-10,2e-10,2e-10
2e-10,2e-10,2e-10,2e-10,2e-10,2e-10,2e-10,2e-10,2e-10,2e-10,2e-10,2e-10,2e-10,2e-10,2e-10,2e-10,2e-10,2e-10,2e-10,2e-10
2e-10,2e-10,2e-10,2e-10,2e-10,2e-10,2e-10,2e-10,2e-10,2e-10,2e-10,2e-10,2e-10,2e-10,2e-10,2e-10,2e-10,2e-10,2e-10,2e-10
2e-10,2e-10,2e-10,2e-10,2e-10,2e-10,2e-10,2e-10,2e-10,2e-10,2e-10,2e-10,2e-10,2e-10,2e-10,2e-10,2e-10,2e-10,2e-10,2e-10
2e-10,2e-10,2e-10,2e-10,2e-10,2e-10,2e-10,2e-10,2e-10,2e-10,2e-10,2e-10,2e-10,2e-10,2e-10,2e-10,2e-10,2e-10,2e-10,2e-10
2e-10,2e-10,2e-10,2e-10,2e-10,2e-10,2e-10,2e-10,2e-10,2e-10,2e-10,2e-10,2e-10,2e-10,2e-10,2e-10,2e-10,2e-10,2e-10,2e-10
2e-10,2e-10,2e-10,2e-10,2e-10,2e-10,2e-10,2e-10,2e-10,2e-10,2e-10,2e-10,2e-10,2e-10,2e-10,2e-10,2e-10,2e-10,2e-10,2e-10
2e-10,2e-10,2e-10,2e-10,2e-10,2e-10,2e-10,2e-10,2e-10,2e-10,2e-10,2e-10,2e-10,2e-10,2e-10,2e-10,2e-10,2e-10,2e-10,2e-10
2e-10,2e-10,2e-10,2e-10,2e-10,2e-10,2e-10,2e-10,2e-10,2e-10,2e-10,2e-10,2e-10,2e-10,2e-10,2e-10,2e-10,2e-10,2e-10,2e-10
2e-10,2e-10,2e-10,2e-10,2e-10,2e-10,2e-10,2e-10,2e-10,2e-10,2e-10,2e-10,2e-10,2e-10,2e-10,2e-10,2e-10,2e-10,2e-10,2e-10
2e-10,2e-10,2e-10,2e-10,2e-10,2e-10,2e-10,2e-10,2e-10,2e-10,2e-10,2e-10,2e-10,2e-10,2e-10,2e-10,2e-10,2e-10,2e-10,2e-10
2e-10,2e-10,2e-10,2e-10,2e-10,2e-10,2e-10,2e-10,2e-10,2e-10,2e-10,2e-10,2e-10,2e-10,2e-10,2e-10,2e-10,2e-10,2e-10,2e-10
2e-10,2e-10,2e-10,2e-10,2e-10,2e-10,2e-10,2e-10,2e-10,2e-10,2e-10,2e-10,2e-10,2e-10,2e-10,2e-10,2e-10,2e-10,2e-10,2e-10
2e-10,2e-10,2e-10,2e-10,2e-10,2e-10,2e-10,2e-10,2e-10,2e-10,2e-10,2e-10,2e-10,2e-10,2e-10,2e-10,2e-10,2e-10,2e-10,2e-10
2e-10,2e-10,2e-10,2e-10,2e-10,2e-10,2e-10,2e-10,2e-10,2e-10,2e-10,2e-10,2e-10,2e-10,2e-10,2e-10,2e-10,2e-10,2e-10,2e-10
2e-10,2e-10,2e-10,2e-10,2e-10,2e-10,2e-10,2e-10,2e-10,2e-10,2e-10,2e-10,2e-10,2e-10,2e-10,2e-10,2e-10,2e-10,2e-10,2e-10
2e-10,2e-10,2e-10,2e-10,2e-10,2e-10,2e-10,2e-10,2e-10,2e-10,2e-10,2e-10,2e-10,2e-10,2e-10,2e-10,2e-10,2e-10,2e-10,2e-10
2e-10,2e-10,2e-10,2e-10,2e-10,2e-10,2e-10,2e-10,2e-10,2e-10,2e-10,2e-10,2e-10,2e-10,2e-10,2e-10,2e-10,2e-10,2e-10,2e-10
2e-10,2e-10,2e-10,2e-10,2e-10,2e-10,2e-10,2e-10,2e-10,2e-10,2e-10,2e-10,2e-10,2e-10,2e-10,2e-10,2e-10,2e-10,2e-10,2e-10
2e-10,2e-10,2e-10,2e-10,2e-10,2e-10,2e-10,2e-10,2e-10,2e-10,2e-10,2e-10,2e-10,2e-10,2e-10,2e-10,2e-10,2e-10,2e-10,2e-10
2e-10,2e-10,2e-10,2e-10,2e-10,2e-10,2e-10,2e-10,2e-10,2e-10,2e-10,2e-10,2e-10,2e-10,2e-10,2e-10,2e-10,2e-10,2e-10,2e-10
2e-10,2e-10,2e-10,2e-10,2e-10,2e-10,2e-10,2e-10,2e-10,2e-10,2e-10,2e-10,2e-10,2e-10,2e-10,2e-10,2e-10,2e-10,2e-10,2e-10
2e-10,2e-10,2e-10,2e-10,2e-10,2e-10,2e-10,2e-10,2e-10,2e-10,2e-10,2e-10,2e-10,2e-10,2e-10,2e-10,2e-10,2e-10,2e-10,2e-10
2e-10,2e-10,2e-10,2e-10,2e-10,2e-10,2e-10,2e-10,2e-10,2e-10,2e-10,2e-10,2e-10,2e-10,2e-10,2e-10,2e-10,2e-10,2e-10,2e-10
2e-10,2e-10,2e-10,2e-10,2e-10,2e-10,2e-10,2e-10,2e-10,2e-10,2e-10,2e-10,2e-10,2e-10,2e-10,2e-10,2e-10,2e-10,2e-10,2e-10
2e-10,2e-10,2e-10,2e-10,2e-10,2e-10,2e-10,2e-10,2e-10,2e-10,2e-10,2e-10,2e-10,2e-10,2e-10,2e-10,2e-10,2e-10,2e-10,2e-10
2e-10,2e-10,2e-10,2e-10,2e-10,2e-10,2e-10,2e-10,2e-10,2e-10,2e-10,2e-10,2e-10,2e-10,2e-10,2e-10,2e-10,2e-10,2e-10,2e-10
2e-10,2e-10,2e-10,2e-10,2e-10,2e-10,2e-10,2e-10,2e-10,2e-10,2e-10,2e-10,2e-10,2e-10,2e-10,2e-10,2e-10,2e-10,2e-10,2e-10
2e-10,2e-10,2e-10,2e-10,2e-10,2e-10,2e-10,2e-10,2e-10,2e-10,2e-10,2e-10,2e-10,2e-10,2e-10,2e-10,2e-10,2e-10,2e-10,2e-10
2e-10,2e-10,2e-10,2e-10,2e-10,2e-10,2e-10,2e-10,2e-10,2e-10,2e-10,2e-10,2e-10,2e-10,2e-10,2e-10,2e-10,2e-10,2e-10,2e-10
2e-10,2e-10,2e-10,2e-10,2e-10,2e-10,2e-10,2e-10,2e-10,2e-10,2e-10,2e-10,2e-10,2e-10,2e-10,2e-10,2e-10,2e-10,2e-10,2e-10
2e-10,2e-10,2e-10,2e-10,2e-10,2e-10,2e-10,2e-10,2e-10,2e-10,2e-10,2e-10,2e-10,2e-10,2e-10,2e-10,2e-10,2e-10,2e-10,2e-10
2e-10,2e-10,2e-10,2e-10,2e-10,2e-10,2e-10,2e-10,2e-10,2e-10,2e-10,2e-10,2e-10,2e-10,2e-10,2e-10,2e-10,2e-10,2e-10,2e-10
2e-10,2e-10,2e-10,2e-10,2e-10,2e-10,2e-10,2e-10,2e-10,2e-10,2e-10,2e-10,2e-10,2e-10,2e-10,2e-10,2e-10,2e-10,2e-10,2e-10
2e-10,2e-10,2e-10,2e-10,2e-10,2e-10,2e-10,2e-10,2e-10,2e-10,2e-10,2e-10,2e-10,2e-10,2e-10,2e-10,2e-10,2e-10,2e-10,2e-10
2e-10,2e-10,2e-10,2e-10,2e-10,2e-10,2e-10,2e-10,2e-10,2e-10,2e-10,2e-10,2e-10,2e-10,2e-10,2e-10,2e-10,2e-10,2e-10,2e-10
2e-10,2e-10,2e-10,2e-10,2e-10,2e-10,2e-10,2e-10,2e-10,2e-10,2e-10,2e-10,2e-10,2e-10,2e-10,2e-10,2e-10,2e-10,2e-10,2e-10
2e-10,2e-10,2e-10,2e-10,2e-10,2e-10,2e-10,2e-10,2e-10,2e-10,2e-10,2e-10,2e-10,2e-10,2e-10,2e-10,2e-10,2e-10,2e-10,2e-10
2e-10,2e-10,2e-10,2e-10,2e-10,2e-10,2e-10,2e-10,2e-10,2e-10,2e-10,2e-10,2e-10,2e-10,2e-10,2e-10,2e-10,2e-10,2e-10,2e-10
2e-10,2e-10,2e-10,2e-10,2e-10,2e-10,2e-10,2e-10,2e-10,2e-10,2e-10,2e-10,2e-10,2e-10,2e-10,2e-10,2e-10,2e-10,2e-10,2e-10
2e-10,2e-10,2e-10,2e-10,2e-10,2e-10,2e-10,2e-10,2e-10,2e-10,2e-10,2e-10,2e-10,2e-10,2e-10,2e-10,2e-10,2e-10,2e-10,2e-10
2e-10,2e-10,2e-10,2e-10,2e-10,2e-10,2e-10,2e-10,2e-10,2e-10,2e-10,2e-10,2e-10,2e-10,2e-10,2e-10,2e-10,2e-10,2e-10,2e-10
