-8.0003,0.00078404,0.0001421,-0.00037696,1.2388e-05,1.2343e-05
-8.0025,0.0061502,6.4448e-06,-0.00024968,1.3132e-05,1.3089e-05
-8.0072,0.019717,9.5766e-06,-0.00010106,1.4737e-05,1.47e-05
-8.0147,0.043021,2.0456e-06,1.8649e-05,1.7001e-05,1.6972e-05
-8.0248,0.076007,-1.2868e-05,9.8155e-05,1.9436e-05,1.9418e-05
-8.0371,0.11809,1.5146e-05,2.5612e-05,2.1414e-05,2.1411e-05
-8.0516,0.16886,-1.0393e-05,0.000119,1.9975e-05,1.9975e-05
-8.068,0.22723,-3.3586e-05,0.00017843,1.6066e-05,1.6066e-05
-8.0859,0.29186,-3.6063e-06,7.084e-05,1.0972e-05,1.0972e-05
-8.1051,0.36186,-2.7767e-05,0.00013037,6.2445e-06,6.2445e-06
-8.1253,0.4362,-6.9032e-06,4.1516e-05,2.1049e-06,2.1049e-06
-8.1462,0.51424,-2.7478e-05,9.8626e-05,-1.2772e-06,-1.2772e-06
-8.1678,0.5952,-7.4365e-06,1.1213e-05,-3.4852e-06,-3.4852e-06
-8.1899,0.67867,-2.3202e-05,7.0621e-05,-2.399e-06,-2.399e-06
-8.2124,0.76415,-1.0113e-06,-1.3175e-05,-1.469e-06,-1.469e-06
-8.2352,0.85148,-1.4876e-05,4.8083e-05,-7.0703e-07,-7.0703e-07
-8.2581,0.94043,5.7506e-06,-3.7377e-05,-1.2422e-07,-1.2422e-07
-8.2813,1.0311,-8.3298e-06,2.5816e-05,1.0184e-07,1.0184e-07
-8.3047,1.1232,-2.3388e-05,9.224e-05,1.1384e-07,1.1384e-07
-8.328,1.2162,3.0945e-06,-2.6383e-05,7.8108e-08,7.8108e-08
-8.3512,1.3099,-6.0381e-06,1.5492e-05,-5.8665e-09,-5.8665e-09
-8.3743,1.4042,-1.817e-05,7.4638e-05,-8.7563e-08,-8.7563e-08
-8.3971,1.4987,8.647e-06,-5.7301e-05,-8.9765e-08,-8.9765e-08
-8.4197,1.5937,4.9913e-07,-1.7856e-05,-9.8942e-08,-9.8942e-08
-8.4421,1.6893,-1.181e-05,4.7712e-05,-9.8995e-08,-9.8995e-08
-8.4641,1.7853,1.329e-05,-9.1259e-05,-8.204e-08,-8.204e-08
-8.4859,1.8821,-2.8217e-05,0.00015103,-5.545e-08,-5.545e-08
-8.5072,1.9787,-3.7143e-06,7.358e-06,-3.2275e-08,-3.2275e-08
-8.528,2.0749,-1.0375e-06,-8.0065e-06,-1.2452e-08,-1.2452e-08
-8.5481,2.1706,1.7282e-07,-1.5282e-05,2.5375e-09,2.5375e-09
-8.5678,2.2662,5.5366e-07,-1.8164e-05,5.8573e-09,5.8573e-09
-8.5868,2.3617,4.7799e-07,-1.875e-05,8.1556e-09,8.1556e-09
-8.6054,2.4574,1.5007e-07,-1.7654e-05,9.4814e-09,9.4814e-09
-8.6233,2.5534,-2.951e-07,-1.5939e-05,9.6315e-09,9.6315e-09
-8.6407,2.65,-7.918e-07,-1.3942e-05,4.7721e-09,4.7721e-09
-8.6576,2.7471,-6.2861e-06,3.9804e-05,1.0037e-09,1.0037e-09
-8.6738,2.8448,8.5076e-06,-0.00010917,-1.7175e-09,-1.7175e-09
-8.6895,2.9438,5.1035e-07,-4.115e-05,-3.3743e-09,-3.3743e-09
-8.7046,3.0446,-6.5379e-06,5.0103e-05,-1.7852e-09,-1.7852e-09
-8.719,3.1465,-9.1645e-06,0.00011418,-4.4672e-10,-4.4672e-10
-8.7328,3.2488,-7.52e-07,-3.7846e-05,6.4542e-10,6.4542e-10
-8.7457,3.3516,-3.3985e-06,1.3777e-05,1.2844e-09,1.2844e-09
-8.7579,3.4546,-4.6617e-06,8.1286e-05,7.8054e-10,7.8054e-10
-8.7692,3.5574,-6.1916e-07,-4.5196e-05,2.6142e-10,2.6142e-10
-8.7797,3.66,-2.2127e-06,1.9969e-05,-2.7165e-10,-2.7165e-10
-8.7893,3.7626,-7.5858e-07,-6.9086e-05,-5.5943e-10,-5.5943e-10
-8.798,3.8656,-1.6809e-06,2.2603e-05,-3.7711e-10,-3.7711e-10
-8.8057,3.969,-2.5798e-06,-4.6554e-05,-1.6874e-10,-1.6874e-10
-8.8125,4.073,-5.3232e-07,4.8509e-05,6.2257e-11,6.2257e-11
-8.8183,4.1774,-3.0015e-06,-1.8691e-05,1.4569e-10,1.4569e-10
-8.8231,4.2824,-5.1319e-06,-5.7511e-05,1.0353e-10,1.0353e-10
-8.8269,4.3882,2.1696e-06,6.6237e-05,5.4113e-11,5.4113e-11
-8.8296,4.4944,-1.8876e-06,1.364e-05,4.8481e-12,4.8481e-12
-8.8312,4.601,-3.9652e-06,-1.023e-05,-1.7435e-12,-1.7435e-12
-8.8317,4.708,-8.3285e-06,-5.1361e-05,-1.1327e-12,-1.1327e-12
-8.831,4.8157,4.8369e-06,6.5068e-05,-4.9849e-13,-4.9849e-13
-8.8292,4.9236,-3.2356e-06,4.6511e-06,0,0
-8.8261,5.0319,-1.1934e-05,-5.5118e-05,0,0
-8.8217,5.1407,3.6025e-06,4.6583e-05,0,0
-8.8159,5.2499,-9.9871e-06,-2.6563e-05,0,0
-8.8087,5.3594,5.8221e-06,5.3079e-05,0,0
-8.8002,5.4691,-1.4183e-05,-3.7905e-05,0,0
-8.7901,5.579,2.6051e-06,3.5902e-05,0,0
-8.7786,5.6888,2.3469e-05,0.00010451,0,0
-8.7657,5.7976,-1.127e-05,-2.0898e-05,0,0
-8.7514,5.9054,1.947e-06,2.3896e-05,0,0
-8.7358,6.0119,2.1216e-05,7.8212e-05,0,0
-8.7189,6.1165,-2.0703e-05,-5.1673e-05,0,0
-8.7007,6.2196,-8.5792e-06,-1.3729e-05,0,0
-8.6809,6.3212,1.4097e-05,4.4202e-05,0,0
-8.6598,6.4212,-3.7042e-05,-8.2015e-05,0,0
-8.6368,6.5202,-2.3972e-05,-4.2205e-05,0,0
-8.6118,6.6186,-1.2787e-05,-1.1332e-05,0,0
-8.5847,6.7166,-6.349e-06,5.6385e-06,0,0
-8.5553,6.8141,-2.6414e-06,1.4946e-05,0,0
-8.5236,6.911,-5.0959e-07,1.9909e-05,0,0
-8.4896,7.007,7.1175e-07,2.2329e-05,0,0
-8.4533,7.1019,1.4002e-06,2.3201e-05,0,0
-8.4147,7.1955,1.524e-05,3.8114e-05,0,0
-8.3742,7.2872,4.6308e-05,6.7856e-05,0,0
-8.332,7.3764,6.8655e-05,8.563e-05,0,0
-8.2888,7.4622,-3.7098e-05,-3.0655e-05,0,0
-8.2443,7.5448,-1.3135e-05,-7.5249e-06,0,0
-8.1984,7.6242,3.0883e-05,2.9581e-05,0,0
-8.1513,7.7003,-5.5908e-05,-4.429e-05,0,0
-8.1026,7.7734,-9.7531e-06,-6.7717e-06,0,0
-8.0521,7.8435,4.4664e-05,2.9025e-05,0,0
-8.0002,7.9105,-3.8059e-05,-2.6983e-05,2.2788e-06,-3.6461e-06
-7.9465,7.9744,1.1908e-05,3.7103e-06,-2.6158e-06,4.1853e-06
-7.8911,8.0354,-6.2367e-05,-1.3653e-05,-1.6406e-05,2.6249e-05
-7.8336,8.0936,-1.1724e-06,3.6309e-05,-1.9661e-05,3.1457e-05
-7.774,8.1491,-5.7282e-05,1.7976e-05,-1.9882e-05,3.1811e-05
-7.712,8.2018,2.0595e-05,4.3858e-05,-1.8091e-05,2.8946e-05
-7.6479,8.2518,-3.2307e-05,2.2491e-05,-1.4342e-05,2.2947e-05
-7.5818,8.299,5.1927e-05,2.6665e-05,-2.2128e-06,3.5405e-06
-7.5139,8.3433,-6.9374e-07,-5.3506e-07,4.9772e-07,-7.9635e-07
-7.4445,8.3847,-3.3521e-05,-3.6051e-06,-5.7884e-06,9.2614e-06
-7.3733,8.4231,2.9731e-05,2.4484e-05,-2.0464e-05,3.2742e-05
-7.3006,8.4587,-1.6876e-05,4.1177e-05,-2.9176e-05,4.6682e-05
-7.2264,8.4914,-5.68e-05,4.5924e-05,-3.2968e-05,5.2749e-05
-7.1506,8.5212,-8.7965e-05,5.0226e-05,-3.4877e-05,5.5802e-05
-7.0727,8.5482,5.9148e-06,5.5759e-05,-3.5831e-05,5.733e-05
-6.9929,8.5724,-5.254e-05,5.7537e-05,-3.5998e-05,5.7596e-05
-6.9113,8.5937,1.7937e-05,5.4165e-05,-3.5564e-05,5.6902e-05
-6.8282,8.6123,-5.6562e-05,5.4035e-05,-2.3976e-05,3.8362e-05
-6.7436,8.628,2.7096e-05,1.5173e-05,-1.2611e-06,2.0177e-06
-6.6576,8.6409,-3.6758e-05,-6.661e-06,1.6559e-05,-2.6494e-05
-6.5699,8.6511,4.2794e-05,-4.0703e-05,3.0955e-05,-4.9527e-05
-6.481,8.6584,0.00012313,-7.5587e-05,4.3343e-05,-6.9348e-05
-6.3912,8.663,2.2172e-05,-7.867e-05,6.44e-05,-0.00010304
-6.3006,8.6649,8.693e-05,-0.00012341,8.7309e-05,-0.00013969
-6.2093,8.6641,0.00017092,-0.00017865,0.00011311,-0.00018098
-6.1177,8.6607,7.1363e-05,-0.00018897,0.00014394,-0.00023031
-6.0255,8.6546,0.0001187,-0.00021114,9.0431e-05,-0.00014469
-5.9327,8.6458,7.1733e-05,-5.4271e-05,-4.6849e-05,7.4958e-05
-5.8392,8.6343,-0.00020878,0.0002376,-0.00021608,0.00034572
-5.745,8.6199,-0.00016977,0.00044965,-0.00043031,0.0006885
-5.6509,8.6032,-0.00049269,0.0008035,-0.00043277,0.00069242
-5.5572,8.584,-0.00019389,0.00031036,6.6511e-05,-0.00010642
-5.464,8.5626,0.00036563,-0.00059049,0.0007006,-0.001121
-5.3713,8.5387,0.0010757,-0.0017272,0.0014928,-0.0023885
-5.2789,8.5124,0.0019585,-0.0031375,0.0024821,-0.0039713
-5.1867,8.4836,0.0031075,-0.0049727,0.0037862,-0.0060579
-5.0949,8.4523,0.0045583,-0.0072901,0.0053836,-0.0086137
-5.0032,8.4183,0.0059916,-0.0095794,0.005691,-0.0091056
-4.9119,8.3817,0.0043079,-0.0068466,0.0026397,-0.0042236
-4.8214,8.3429,-0.0027915,0.0045415,-0.00937,0.014992
-4.7323,8.3021,-0.016288,0.026026,-0.023272,0.037235
-4.6445,8.2594,-0.030653,0.049041,-0.038189,0.061102
-4.558,8.2144,-0.046053,0.07372,-0.054179,0.086686
-4.4729,8.1676,-0.062491,0.099963,-0.070444,0.11271
-4.389,8.1185,-0.078021,0.12484,-0.085482,0.13677
-4.3065,8.0673,-0.092626,0.14824,-0.099735,0.15958
-4.2258,8.0142,-0.10635,0.17016,-0.1125,0.18001
-4.1467,7.9591,-0.1184,0.18946,-0.12432,0.19892
-4.0697,7.9024,-0.13008,0.20815,-0.13587,0.21739
-3.9951,7.8444,-0.14158,0.22653,-0.14727,0.23563
-3.9232,7.7853,-0.15293,0.2447,-0.15863,0.25382
-3.8539,7.7253,-0.16432,0.26291,-0.16995,0.27192
-3.7872,7.6641,-0.17557,0.28092,-0.18122,0.28996
-3.7233,7.602,-0.18683,0.29893,-0.19238,0.3078
-3.662,7.5386,-0.19804,0.31687,-0.20363,0.32582
-3.603,7.4737,-0.20926,0.3348,-0.21492,0.34387
-3.5464,7.4074,-0.22056,0.3529,-0.22619,0.36191
-3.4923,7.3397,-0.23185,0.37098,-0.23747,0.37995
-3.4405,7.2703,-0.2431,0.38894,-0.24878,0.39804
-3.391,7.1997,-0.25431,0.40689,-0.25977,0.41563
-3.344,7.1279,-0.26524,0.4244,-0.27068,0.43309
-3.2993,7.0546,-0.27612,0.44177,-0.28157,0.45051
-3.2569,6.9802,-0.28702,0.45924,-0.29245,0.46793
-3.2168,6.9045,-0.2979,0.4766,-0.30335,0.48535
-3.179,6.8278,-0.30875,0.49402,-0.31403,0.50245
-3.1434,6.75,-0.31926,0.51079,-0.32448,0.51918
-3.11,6.671,-0.32972,0.52759,-0.33493,0.53589
-3.0787,6.5905,-0.34017,0.54426,-0.3454,0.55264
-3.0495,6.5087,-0.35064,0.56097,-0.35589,0.56943
-3.0223,6.426,-0.36105,0.57771,-0.36606,0.5857
-2.9972,6.3421,-0.37102,0.59362,-0.37596,0.60154
-2.974,6.2572,-0.38091,0.60939,-0.38585,0.61735
-2.9528,6.1716,-0.39078,0.62529,-0.39567,0.63308
-2.9335,6.0848,-0.40058,0.64095,-0.40546,0.64874
-2.9161,5.9966,-0.41006,0.65604,-0.4146,0.66335
-2.9005,5.9075,-0.41913,0.67051,-0.42364,0.67783
-2.8867,5.8181,-0.42813,0.68508,-0.43259,0.69215
-2.8746,5.7278,-0.43705,0.69932,-0.44149,0.70638
-2.8643,5.6366,-0.4458,0.71308,-0.44986,0.71978
-2.8557,5.5459,-0.45381,0.72601,-0.45769,0.73231
-2.8487,5.4564,-0.46152,0.73843,-0.4653,0.74448
-2.8432,5.3681,-0.46901,0.75044,-0.47267,0.75627
-2.8392,5.2808,-0.47625,0.76204,-0.47968,0.76749
-2.8366,5.1942,-0.48271,0.77237,-0.4857,0.77712
-2.8355,5.1077,-0.48865,0.78187,-0.49156,0.7865
-2.8356,5.021,-0.49444,0.79113,-0.49729,0.79566
-2.8372,4.9336,-0.50011,0.80018,-0.5029,0.80465
-2.84,4.8456,-0.50544,0.80863,-0.50767,0.81228
-2.844,4.7572,-0.50979,0.81578,-0.5119,0.81904
-2.8493,4.668,-0.51398,0.82219,-0.516,0.8256
-2.8557,4.5787,-0.51798,0.82877,-0.51993,0.8319
-2.863,4.4898,-0.52183,0.8349,-0.52339,0.83743
-2.8713,4.4011,-0.52451,0.83935,-0.52563,0.841
-2.8807,4.3119,-0.52668,0.84272,-0.52771,0.84431
-2.8912,4.2217,-0.52869,0.8458,-0.52962,0.84734
-2.9027,4.1312,-0.53052,0.84864,-0.53135,0.85009
-2.915,4.0409,-0.53155,0.85044,-0.53151,0.85036
-2.9281,3.9509,-0.5314,0.85015,-0.53124,0.84992
-2.942,3.8611,-0.531,0.84965,-0.53076,0.84917
-2.9568,3.7709,-0.53042,0.84861,-0.53003,0.84802
-2.9724,3.6807,-0.52936,0.84684,-0.52816,0.84504
-2.9886,3.5908,-0.52666,0.84268,-0.52513,0.84022
-3.0055,3.5014,-0.52354,0.83763,-0.5219,0.83507
-3.0229,3.4128,-0.52019,0.8324,-0.51847,0.8296
-3.041,3.3245,-0.51664,0.82678,-0.51462,0.82346
-3.0597,3.2362,-0.5116,0.81869,-0.50852,0.81392
-3.0791,3.1478,-0.50538,0.80898,-0.5022,0.80395
-3.099,3.0595,-0.49896,0.79875,-0.49565,0.79358
-3.1195,2.9716,-0.49229,0.78823,-0.4889,0.78283
-3.1405,2.8842,-0.48495,0.77649,-0.48044,0.76908
-3.1619,2.797,-0.4757,0.76133,-0.47087,0.75363
-3.1837,2.7102,-0.46595,0.74582,-0.46099,0.73793
-3.206,2.6237,-0.45588,0.73004,-0.45076,0.72196
-3.2288,2.5369,-0.44546,0.71375,-0.43983,0.70486
-3.2522,2.4499,-0.43336,0.69377,-0.42681,0.68274
-3.276,2.3632,-0.42024,0.67149,-0.41367,0.66013
-3.3,2.2769,-0.40706,0.64859,-0.40042,0.63704
-3.3242,2.191,-0.39373,0.62536,-0.38707,0.61348
-3.3489,2.1051,-0.37952,0.60075,-0.37089,0.58699
-3.3739,2.0192,-0.3619,0.57266,-0.35287,0.55838
-3.3991,1.9336,-0.34383,0.54394,-0.33483,0.52933
-3.4246,1.8479,-0.32577,0.51458,-0.31671,0.49972
-3.4505,1.762,-0.30763,0.48461,-0.29822,0.4695
-3.4766,1.6762,-0.28468,0.45373,-0.27124,0.43754
-3.5031,1.5899,-0.2578,0.4208,-0.24439,0.40367
-3.53,1.5027,-0.23099,0.38584,-0.21759,0.36773
-3.5573,1.415,-0.20427,0.34884,-0.19095,0.32982
-3.5847,1.3273,-0.17817,0.30815,-0.16599,0.28293
-3.6124,1.2391,-0.1529,0.25672,-0.13913,0.23087
-3.6406,1.1498,-0.12383,0.20593,-0.10779,0.18137
-3.6693,1.0591,-0.090122,0.15768,-0.071646,0.13441
-3.6986,0.96675,-0.05185,0.11184,-0.038026,0.086751
-3.7286,0.87276,-0.041724,0.05536,-0.045928,0.025273
-3.7592,0.77704,-0.055408,-0.0023787,-0.064485,-0.028846
-3.7907,0.6796,-0.072697,-0.052945,-0.080468,-0.075759
-3.823,0.58057,-0.087463,-0.096098,-0.097538,-0.11654
-3.8562,0.48037,-0.12784,-0.14434,-0.15723,-0.17113
-3.8899,0.37985,-0.18485,-0.19635,-0.21139,-0.22036
-3.924,0.27986,-0.23589,-0.24248,-0.25941,-0.26367
-3.9587,0.18023,-0.28088,-0.28289,-0.30226,-0.30242
-3.994,0.080877,-0.32513,-0.32457,-0.34799,-0.34681
-4.03,-0.018002,-0.37093,-0.36946,-0.39397,-0.39246
-4.0668,-0.11686,-0.41714,-0.41589,-0.44038,-0.43959
-4.1045,-0.21607,-0.46357,-0.46349,-0.48488,-0.48549
-4.1433,-0.3163,-0.50235,-0.50297,-0.51988,-0.52045
-4.1833,-0.41752,-0.53787,-0.53841,-0.55597,-0.55639
-4.2241,-0.51913,-0.57451,-0.57483,-0.59323,-0.59348
-4.2655,-0.62099,-0.61174,-0.61193,-0.62795,-0.62805
-4.3074,-0.72278,-0.64175,-0.6418,-0.65567,-0.65571
-4.3497,-0.82471,-0.66987,-0.66983,-0.68425,-0.68426
-4.3925,-0.92726,-0.69901,-0.69904,-0.7139,-0.7139
-4.4356,-1.0302,-0.72809,-0.72808,-0.74047,-0.74047
-4.4789,-1.1336,-0.75202,-0.75198,-0.76375,-0.76373
-4.5224,-1.2375,-0.77589,-0.7758,-0.78809,-0.78805
-4.5661,-1.3427,-0.80053,-0.80046,-0.81315,-0.81311
-4.61,-1.449,-0.82401,-0.82403,-0.83331,-0.83328
-4.6537,-1.5561,-0.84278,-0.84277,-0.85245,-0.85243
-4.6971,-1.6636,-0.86259,-0.86254,-0.87296,-0.87296
-4.7403,-1.772,-0.88381,-0.88374,-0.89443,-0.89443
-4.7832,-1.8819,-0.90189,-0.9019,-0.90955,-0.90955
-4.8257,-1.9934,-0.91772,-0.91767,-0.92614,-0.92614
-4.8679,-2.1067,-0.9351,-0.93513,-0.94428,-0.94428
-4.9095,-2.2216,-0.95276,-0.9527,-0.95963,-0.95962
-4.9506,-2.3385,-0.96603,-0.96603,-0.97263,-0.97263
-4.9908,-2.4569,-0.97977,-0.97986,-0.9871,-0.9871
-5.03,-2.5762,-0.99483,-0.99479,-1.0013,-1.0013
-5.068,-2.6963,-1.0062,-1.0062,-1.0112,-1.0112
-5.1047,-2.8174,-1.0167,-1.0166,-1.0225,-1.0225
-5.14,-2.9403,-1.0287,-1.0287,-1.0352,-1.0352
-5.174,-3.0657,-1.0388,-1.0388,-1.0426,-1.0426
-5.2064,-3.1935,-1.0469,-1.047,-1.0514,-1.0514
-5.2371,-3.3233,-1.0564,-1.0564,-1.0616,-1.0616
-5.2658,-3.4547,-1.0644,-1.0645,-1.067,-1.067
-5.2925,-3.5871,-1.07,-1.07,-1.0731,-1.0731
-5.3168,-3.72,-1.0764,-1.0764,-1.0798,-1.0798
-5.3387,-3.8527,-1.0808,-1.0809,-1.0817,-1.0817
-5.3581,-3.9847,-1.083,-1.0829,-1.0843,-1.0843
-5.3748,-4.1167,-1.086,-1.086,-1.0878,-1.0878
-5.3887,-4.2491,-1.0873,-1.0871,-1.0868,-1.0868
-5.3994,-4.3827,-1.0867,-1.0867,-1.0866,-1.0866
-5.4069,-4.5175,-1.0868,-1.0869,-1.0868,-1.0868
-5.4113,-4.6526,-1.0849,-1.0849,-1.0831,-1.0831
-5.4123,-4.7879,-1.0815,-1.0814,-1.0799,-1.0799
-5.4098,-4.924,-1.0784,-1.0785,-1.0764,-1.0764
-5.4036,-5.0608,-1.0731,-1.0731,-1.0697,-1.0697
-5.3937,-5.1984,-1.0665,-1.0664,-1.0633,-1.0633
-5.3797,-5.3367,-1.0599,-1.06,-1.0558,-1.0558
-5.3621,-5.4751,-1.0507,-1.0508,-1.0458,-1.0458
-5.3408,-5.6128,-1.0407,-1.0408,-1.0357,-1.0357
-5.3158,-5.7496,-1.0303,-1.0303,-1.0242,-1.0242
-5.2873,-5.8855,-1.0175,-1.0175,-1.0107,-1.0107
-5.255,-6.0202,-1.0035,-1.0035,-0.9962,-0.9962
-5.2191,-6.1539,-0.9884,-0.98836,-0.97991,-0.97991
-5.1793,-6.2865,-0.97097,-0.97111,-0.96207,-0.96207
-5.1361,-6.4173,-0.95296,-0.95299,-0.94381,-0.94381
-5.0896,-6.5461,-0.93417,-0.93408,-0.92392,-0.92392
-5.0394,-6.6732,-0.91333,-0.9134,-0.90271,-0.90271
-4.9858,-6.7984,-0.89192,-0.89186,-0.88099,-0.88099
-4.9286,-6.9216,-0.86965,-0.86973,-0.85796,-0.85796
-4.8682,-7.0425,-0.84542,-0.84562,-0.83251,-0.83251
-4.8052,-7.1601,-0.81914,-0.81914,-0.80571,-0.80571
-4.7399,-7.2742,-0.79211,-0.79217,-0.77837,-0.77837
-4.6724,-7.3845,-0.76423,-0.7641,-0.74992,-0.74992
-4.6021,-7.4917,-0.73555,-0.73551,-0.72107,-0.72107
-4.5289,-7.5959,-0.70641,-0.70644,-0.69171,-0.69171
-4.4529,-7.6968,-0.67592,-0.67598,-0.65937,-0.65937
-4.3744,-7.7943,-0.64247,-0.64254,-0.6256,-0.6256
-4.294,-7.8879,-0.60856,-0.60863,-0.59158,-0.59158
-4.212,-7.9772,-0.5745,-0.57456,-0.55751,-0.55751
-4.1289,-8.0619,-0.54046,-0.54052,-0.52352,-0.52352
-4.0451,-8.1419,-0.5051,-0.50517,-0.48646,-0.48646
-3.9613,-8.2166,-0.46786,-0.46797,-0.44957,-0.44957
-3.878,-8.286,-0.43157,-0.43147,-0.41361,-0.41361
-3.7949,-8.3503,-0.396,-0.39596,-0.37849,-0.37849
-3.7117,-8.4097,-0.36119,-0.36123,-0.34337,-0.34337
-3.6287,-8.4642,-0.32412,-0.32401,-0.30485,-0.30485
-3.5454,-8.5143,-0.28585,-0.28582,-0.26694,-0.26694
-3.4616,-8.5599,-0.24818,-0.24824,-0.22966,-0.22966
-3.3777,-8.6013,-0.21138,-0.21131,-0.19314,-0.19314
-3.2935,-8.6384,-0.17524,-0.17524,-0.15774,-0.15774
-3.2089,-8.6716,-0.14114,-0.14106,-0.12482,-0.12482
-3.1235,-8.7009,-0.10923,-0.10925,-0.094041,-0.094041
-3.0374,-8.7264,-0.079478,-0.079431,-0.065139,-0.065139
-2.9503,-8.7483,-0.051297,-0.051333,-0.037805,-0.037805
-2.8625,-8.7666,-0.030915,-0.030896,-0.025568,-0.025568
-2.7742,-8.7815,-0.020787,-0.020839,-0.016366,-0.016366
-2.6859,-8.7931,-0.012258,-0.012253,-0.0083348,-0.0083348
-2.5975,-8.8015,-0.004721,-0.0046885,-0.001173,-0.001173
-2.509,-8.8068,0.0013794,0.0014096,0.0023692,0.0023692
-2.4201,-8.809,0.0022413,0.0022094,0.001994,0.001994
-2.3311,-8.8082,0.001779,0.0017815,0.0015467,0.0015467
-2.2422,-8.8046,0.0012761,0.0013059,0.0010776,0.0010776
-2.1532,-8.7982,0.00089827,0.00087141,0.00064355,0.00064355
-2.0642,-8.789,0.00053616,0.00054788,0.00045812,0.00045812
-1.9754,-8.7772,0.00041839,0.00039228,0.00028584,0.00028584
-1.8871,-8.7629,0.00018251,0.00019989,0.00013618,0.00013618
-1.7991,-8.746,0.00010358,8.978e-05,1.7323e-05,1.7322e-05
-1.7117,-8.7266,-5.8886e-05,-3.294e-05,-1.6386e-05,-1.6386e-05
-1.6244,-8.7046,4.6968e-06,1.6268e-06,1.2627e-05,1.2628e-05
-1.5372,-8.68,-2.5152e-05,3.3715e-06,7.7018e-05,7.7019e-05
-1.4495,-8.6524,0.00011858,0.00012,0.00018345,0.00018346
-1.3613,-8.6218,0.00031399,0.00029095,0.00031441,0.00031441
-1.2732,-8.5885,0.0003997,0.00036522,0.00027492,0.00027491
-1.186,-8.5531,0.00020749,0.00021466,0.00018422,0.00018421
-1.0996,-8.5154,0.00011094,0.00011154,3.7751e-05,3.7741e-05
-1.014,-8.4755,-1.9383e-05,-2.8812e-05,-0.00016905,-0.00016906
-0.9294,-8.4336,-0.00031335,-0.00029926,-0.00024894,-0.00024895
-0.84524,-8.389,-0.00021528,-0.00021155,-0.0001071,-0.00010709
-0.76108,-8.3414,-7.7533e-05,-8.0266e-05,-3.3347e-05,-3.3318e-05
-0.67674,-8.2907,-2.977e-05,-3.5962e-05,-4.3107e-05,-4.3062e-05
-0.59223,-8.2367,-7.6082e-05,-8.4174e-05,-0.00014512,-0.00014506
-0.50766,-8.1794,-0.00013703,-0.00014612,-0.00015095,-0.00015095
-0.42319,-8.1191,-0.0001246,-0.00013418,-0.00013166,-0.00013174
-0.33902,-8.0556,-9.4674e-05,-0.00010434,-9.2721e-05,-9.287e-05
-0.25539,-7.9892,-2.4962e-05,-2.9557e-05,-2.8247e-05,-2.8432e-05
-0.17271,-7.9203,4.1938e-05,5.206e-05,-3.046e-05,-3.0582e-05
-0.091674,-7.8496,4.0984e-05,6.7373e-05,-4.8055e-05,-4.8047e-05
-0.012977,-7.778,-7.5815e-05,-9.1268e-05,-5.3901e-05,-5.3931e-05
0.063413,-7.7052,-5.342e-05,-5.8869e-05,-4.8314e-05,-4.8548e-05
0.13748,-7.6313,-9.0683e-06,8.4636e-06,-2.6619e-05,-2.7152e-05
0.20905,-7.5565,-4.8633e-05,-7.2791e-05,-6.4435e-06,-6.9484e-06
0.27833,-7.4804,-7.8446e-06,-1.0119e-05,-7.0182e-06,-6.6277e-06
0.3453,-7.4031,2.3631e-05,5.6462e-05,-8.7723e-06,-6.9563e-06
0.40976,-7.3249,-2.9434e-05,-4.5074e-05,-1.166e-05,-7.9114e-06
0.47177,-7.2457,-4.6075e-06,1.2606e-05,-1.3996e-05,-7.9636e-06
0.53135,-7.1655,-3.0785e-05,-5.2964e-05,1.9186e-06,9.9003e-06
0.58863,-7.0839,2.3975e-05,5.0483e-05,2.8433e-05,3.9176e-05
0.64359,-7.001,2.475e-05,1.065e-05,4.4741e-05,4.9317e-05
0.69626,-6.9167,6.6432e-05,0.00010266,5.6428e-05,5.4971e-05
0.74657,-6.8312,5.2385e-05,3.9966e-05,4.1361e-05,3.3135e-05
0.79445,-6.7448,3.9676e-05,7.5826e-05,1.0609e-05,-1.6482e-05
0.83979,-6.6579,8.7773e-06,-2.9585e-05,1.3437e-05,-4.7154e-05
0.88257,-6.5705,1.8575e-05,-8.4968e-05,4.7281e-05,-6.0272e-05
0.92288,-6.4824,6.0856e-05,-0.00011988,0.00010971,-5.7284e-05
0.96083,-6.3931,0.00011269,-2.3641e-06,7.9788e-05,-9.215e-05
0.99636,-6.3032,3.0442e-05,-0.00010748,-2.9196e-05,-0.00014167
1.0295,-6.2127,-9.942e-05,-0.00018036,-0.00015203,-0.00014516
1.0602,-6.1215,-0.00020691,-8.3035e-05,-0.00026277,-0.0001189
1.0886,-6.0298,-0.00029197,-9.8444e-05,-0.00026388,-3.6616e-05
1.1146,-5.9379,-0.00019287,4.8635e-06,-0.00010471,-9.1118e-05
1.1384,-5.8459,2.6413e-06,-0.0002331,0.00013604,-0.00034276
1.1598,-5.7537,0.00028193,-0.00050914,0.00044669,-0.0007639
1.1791,-5.6615,0.00061237,-0.0010732,0.00076387,-0.001192
1.1962,-5.5688,0.00084078,-0.0012107,0.00091715,-0.001227
1.2112,-5.4756,0.00096348,-0.0012841,0.0010109,-0.0011603
1.2241,-5.3811,0.0010331,-0.0011031,0.0010542,-0.0010046
1.235,-5.2852,0.0010446,-0.00082647,0.00096319,-0.00071325
1.2439,-5.1884,0.00045103,-0.00029486,-6.6727e-05,0.00025863
1.2509,-5.0902,-0.00059503,0.00077402,-0.0011255,0.0013267
1.2558,-4.9905,-0.0016754,0.0019495,-0.0022093,0.0024619
1.2589,-4.89,-0.0027573,0.0031374,-0.0030115,0.0033621
1.2603,-4.7895,-0.0023152,0.0027616,-0.0016249,0.002268
1.2598,-4.6887,-0.00092686,0.0016751,-0.00022804,0.0011441
1.2576,-4.5873,0.00048085,0.00055738,0.0011968,-2.4972e-06
1.2536,-4.4849,0.0016737,-0.00024556,-0.00091904,0.0036991
1.2478,-4.3817,-0.0074253,0.012902,-0.013797,0.021886
1.2403,-4.2775,-0.019855,0.030337,-0.025714,0.038457
1.231,-4.1724,-0.031132,0.04584,-0.036288,0.052781
1.2199,-4.0664,-0.044975,0.066548,-0.060609,0.093627
1.207,-3.9596,-0.079792,0.12811,-0.098285,0.16166
1.1925,-3.8522,-0.11534,0.19341,-0.13152,0.22391
1.1763,-3.7446,-0.14595,0.25212,-0.15947,0.27925
1.1584,-3.6363,-0.18638,0.31707,-0.21971,0.3596
1.1387,-3.5271,-0.25433,0.40092,-0.28918,0.44107
1.1171,-3.4174,-0.32468,0.47919,-0.36035,0.51582
1.094,-3.3081,-0.39726,0.54926,-0.4425,0.57366
1.0693,-3.1991,-0.50121,0.58485,-0.56107,0.59513
1.0427,-3.0904,-0.62347,0.60354,-0.68728,0.61115
1.014,-2.9815,-0.75417,0.61673,-0.82265,0.62124
0.98293,-2.8722,-0.89027,0.61576,-0.95452,0.60093
0.94936,-2.7623,-1.0179,0.58023,-1.0813,0.55923
0.91326,-2.6522,-1.145,0.53863,-1.2088,0.51833
0.87464,-2.542,-1.2729,0.49864,-1.3359,0.47818
0.83368,-2.4322,-1.3922,0.45112,-1.4484,0.42418
0.79048,-2.3231,-1.5044,0.39752,-1.5603,0.37113
0.74503,-2.2145,-1.6161,0.34508,-1.6718,0.31936
0.69733,-2.106,-1.7259,0.29252,-1.7766,0.26287
0.64753,-1.9978,-1.8252,0.23173,-1.8736,0.20072
0.59601,-1.8904,-1.9218,0.17051,-1.9697,0.14066
0.5431,-1.7843,-2.0145,0.11333,-2.058,0.08709
0.48891,-1.6794,-2.0968,0.058777,-2.1334,0.029716
0.43355,-1.5752,-2.1693,0.001548,-2.205,-0.026123
0.37734,-1.472,-2.2401,-0.05256,-2.2749,-0.078306
0.32039,-1.3697,-2.3093,-0.10291,-2.3431,-0.12685
0.26264,-1.2675,-2.3707,-0.15282,-2.398,-0.17808
0.20434,-1.1654,-2.4251,-0.20177,-2.452,-0.22485
0.14596,-1.0642,-2.4757,-0.24477,-2.4984,-0.26338
0.087704,-0.96378,-2.5202,-0.28054,-2.5402,-0.29757
0.029763,-0.86421,-2.555,-0.31483,-2.5698,-0.33111
-0.027938,-0.76481,-2.5842,-0.34594,-2.5984,-0.35991
-0.085296,-0.66533,-2.6124,-0.37225,-2.6262,-0.38389
-0.14209,-0.56602,-2.6394,-0.39398,-2.6501,-0.40355
-0.19842,-0.46623,-2.6565,-0.41239,-2.6625,-0.42027
-0.25434,-0.36552,-2.6655,-0.42518,-2.6684,-0.42928
-0.30974,-0.26379,-2.6711,-0.43178,-2.6737,-0.4335
-0.36448,-0.16115,-2.6753,-0.43359,-2.6736,-0.43295
-0.41838,-0.057766,-2.6684,-0.43076,-2.6631,-0.42783
-0.47126,0.046163,-2.6575,-0.42334,-2.6518,-0.41813
-0.52296,0.15044,-2.6459,-0.41138,-2.6398,-0.40394
-0.57333,0.25485,-2.631,-0.39457,-2.6184,-0.38401
-0.6223,0.35931,-2.603,-0.37137,-2.5868,-0.35736
-0.67013,0.46478,-2.57,-0.34202,-2.5532,-0.32591
-0.71691,0.57167,-2.5361,-0.30834,-2.5189,-0.29022
-0.76235,0.67935,-2.4955,-0.26886,-2.4698,-0.24655
-0.80605,0.78685,-2.4438,-0.22296,-2.4179,-0.1988
-0.84796,0.89416,-2.3919,-0.17358,-2.366,-0.14792
-0.88808,1.0013,-2.3396,-0.12115,-2.3105,-0.092571
-0.92658,1.1089,-2.275,-0.060394,-2.2395,-0.02772
-0.9635,1.2172,-2.2038,0.0060057,-2.168,0.040387
-0.99892,1.3265,-2.1317,0.075995,-2.0948,0.11216
-1.0328,1.4367,-2.0543,0.15086,-2.0096,0.19205
-1.0651,1.548,-1.9631,0.23497,-1.9165,0.2781
-1.0957,1.66,-1.8701,0.32199,-1.8237,0.36619
-1.1245,1.7726,-1.7772,0.4111,-1.7292,0.45747
-1.1518,1.8866,-1.6691,0.51265,-1.6086,0.56869
-1.1773,2.0021,-1.547,0.62638,-1.4851,0.68464
-1.2012,2.1192,-1.4223,0.74431,-1.3592,0.80486
-1.2234,2.2384,-1.2932,0.86691,-1.2254,0.92912
-1.2437,2.3595,-1.1579,0.99122,-1.0909,1.0531
-1.2623,2.4827,-1.0245,1.1149,-0.95841,1.1766
-1.2789,2.6082,-0.90282,1.2274,-0.86799,1.2558
-1.2938,2.7357,-0.84802,1.2687,-0.82929,1.2806
-1.3071,2.8652,-0.81267,1.2905,-0.79713,1.2998
-1.319,2.9972,-0.78605,1.3041,-0.78197,1.2999
-1.3299,3.1317,-0.78331,1.2892,-0.7849,1.2785
-1.3398,3.2689,-0.78684,1.2674,-0.78899,1.2562
-1.349,3.4082,-0.78893,1.2466,-0.78497,1.2391
-1.3573,3.5486,-0.77896,1.2333,-0.77289,1.2276
-1.3648,3.6897,-0.76669,1.2222,-0.76043,1.2169
-1.3714,3.8314,-0.75459,1.2097,-0.74912,1.2014
-1.3768,3.9742,-0.74378,1.1927,-0.73844,1.1841
-1.381,4.1182,-0.73317,1.1755,-0.7279,1.1669
-1.3836,4.2631,-0.72196,1.1569,-0.71603,1.1468
-1.3847,4.408,-0.71018,1.137,-0.70435,1.1271
-1.384,4.5522,-0.69852,1.1174,-0.69235,1.1072
-1.3813,4.6952,-0.68584,1.0967,-0.67928,1.0865
-1.3763,4.8379,-0.67285,1.0764,-0.66647,1.0662
-1.3687,4.9801,-0.66001,1.0559,-0.65327,1.0452
-1.3581,5.1219,-0.64651,1.0344,-0.63978,1.0236
-1.3444,5.2632,-0.63316,1.0129,-0.6265,1.0024
-1.3272,5.4042,-0.61968,0.99153,-0.61273,0.98037
-1.3065,5.5445,-0.60579,0.96949,-0.59901,0.95842
-1.2825,5.6828,-0.59229,0.94767,-0.58561,0.93698
-1.2552,5.8188,-0.5788,0.92596,-0.57196,0.91514
-1.2243,5.9527,-0.56523,0.90448,-0.55863,0.8938
-1.1899,6.0843,-0.5521,0.88337,-0.54563,0.87301
-1.1521,6.2133,-0.53912,0.86254,-0.53264,0.85222
-1.1106,6.3399,-0.52631,0.84204,-0.52,0.832
-1.0652,6.4646,-0.51382,0.8221,-0.50768,0.8123
-1.0157,6.5873,-0.50159,0.8025,-0.49551,0.79282
-0.96212,6.7082,-0.48951,0.78323,-0.48342,0.77348
-0.90454,6.8271,-0.47718,0.76373,-0.47118,0.75389
-0.84379,6.9431,-0.46516,0.74437,-0.4593,0.73489
-0.78034,7.0556,-0.45354,0.72566,-0.44786,0.71657
-0.71421,7.1647,-0.44234,0.70764,-0.43683,0.69892
-0.6452,7.2707,-0.43142,0.69038,-0.4262,0.68192
-0.57357,7.3736,-0.42114,0.67378,-0.41593,0.66548
-0.49942,7.4732,-0.41051,0.65693,-0.40527,0.64843
-0.42307,7.5694,-0.40014,0.64015,-0.39503,0.63205
-0.34446,7.6625,-0.39004,0.62413,-0.38523,0.61637
-0.26396,7.7521,-0.38052,0.60904,-0.37608,0.60173
-0.18233,7.8379,-0.3717,0.59465,-0.36719,0.5875
-0.099585,7.92,-0.3624,0.57987,-0.35773,0.57237
-0.015971,7.9983,-0.35312,0.56514,-0.34873,0.55798
0.068044,8.0727,-0.34454,0.55111,-0.34037,0.5446
0.15286,8.1435,-0.3365,0.53833,-0.33264,0.53223
0.2388,8.2109,-0.32876,0.526,-0.32462,0.51938
0.32593,8.2752,-0.3204,0.51264,-0.31626,0.50602
0.41419,8.3363,-0.31224,0.4996,-0.30831,0.4933
0.50345,8.3942,-0.30449,0.4872,-0.30076,0.48121
0.59358,8.449,-0.29714,0.47544,-0.29361,0.46977
0.68445,8.5005,-0.2895,0.46322,-0.28548,0.45677
0.7759,8.5488,-0.28156,0.45055,-0.27776,0.44442
0.86754,8.5938,-0.27401,0.43854,-0.27047,0.43275
0.95892,8.6353,-0.26707,0.42719,-0.26361,0.42178
1.0505,8.6734,-0.25983,0.4157,-0.25571,0.40914
1.1423,8.7081,-0.25166,0.40274,-0.24778,0.39644
1.234,8.7395,-0.24388,0.39037,-0.24027,0.38443
1.3247,8.7673,-0.23674,0.37872,-0.23322,0.37315
1.4145,8.7917,-0.22962,0.3674,-0.22566,0.36105
1.5033,8.8127,-0.22147,0.35444,-0.21748,0.34797
1.5908,8.8303,-0.21365,0.34177,-0.20984,0.33574
1.6771,8.8445,-0.20623,0.32997,-0.2027,0.32433
1.7625,8.8554,-0.19937,0.31889,-0.19597,0.31355
1.8473,8.8629,-0.19164,0.30664,-0.18736,0.29978
1.9317,8.8671,-0.18322,0.29309,-0.17905,0.28648
2.016,8.8678,-0.17499,0.28002,-0.17105,0.27368
2.1,8.8653,-0.1672,0.26749,-0.16336,0.26137
2.1836,8.8594,-0.15947,0.25522,-0.15535,0.24856
2.2666,8.8504,-0.15083,0.24132,-0.14636,0.23418
2.349,8.8383,-0.14203,0.22721,-0.13769,0.2203
2.4308,8.823,-0.13342,0.21352,-0.12931,0.2069
2.5119,8.8048,-0.12531,0.20047,-0.12132,0.19411
2.5922,8.7835,-0.11685,0.18692,-0.11145,0.17833
2.672,8.7592,-0.10572,0.16918,-0.10014,0.16022
2.7508,8.732,-0.094667,0.15146,-0.089254,0.14281
2.829,8.702,-0.08404,0.13442,-0.078794,0.12607
2.9068,8.6688,-0.073708,0.11794,-0.068724,0.10996
2.9842,8.6325,-0.064062,0.10247,-0.059617,0.095387
3.0615,8.593,-0.0552,0.088335,-0.05077,0.081231
3.1383,8.5504,-0.046107,0.073816,-0.041521,0.066434
3.2142,8.5054,-0.036739,0.058771,-0.031861,0.050978
3.2891,8.4579,-0.026824,0.042925,-0.021746,0.034793
3.3631,8.408,-0.017332,0.0277,-0.015233,0.024374
3.4364,8.3554,-0.014692,0.023499,-0.014004,0.022406
3.5092,8.2999,-0.013018,0.020843,-0.011974,0.019158
3.5813,8.2417,-0.010642,0.017012,-0.0090845,0.014535
3.653,8.1807,-0.0072665,0.011625,-0.0052709,0.0084334
3.7242,8.1167,-0.0029172,0.0046768,-0.00046246,0.00073993
3.7947,8.0502,-0.00058102,0.00094124,-0.00088458,0.0014153
3.864,7.9817,-0.00082934,0.0013233,-0.00062555,0.0010009
3.9322,7.9111,-0.00051708,0.00082844,-0.00040462,0.0006474
3.9995,7.838,-0.00037578,0.00060518,-0.00036685,0.00058696
4.066,7.7623,-0.00042537,0.00068615,-0.00051849,0.00082958
4.1317,7.6839,-0.00066826,0.0010757,-0.00077948,0.0012472
4.1965,7.6029,-0.00063311,0.0010199,-0.00030186,0.00048298
4.2604,7.5192,3.8467e-05,-5.429e-05,0.00029532,-0.00047251
4.3232,7.4331,0.00044008,-0.00069689,0.00049817,-0.00079708
4.3848,7.3446,0.00045405,-0.00072838,0.00030006,-0.00048009
4.4449,7.2541,7.3032e-05,-0.00014193,-0.00029741,0.00047585
4.5033,7.1623,-0.00052304,0.00086986,-0.00066373,0.001062
4.56,7.0687,-0.00049791,0.00081053,-0.00028227,0.00045163
4.6151,6.9733,-7.9026e-05,9.8886e-05,4.8437e-05,-7.7499e-05
4.6682,6.8766,0.00019401,-0.00037618,0.00024114,-0.00038582
4.719,6.7797,0.00019379,-0.00029173,0.0001414,-0.00022624
4.7674,6.6827,0.00011661,-0.00019712,9.4361e-05,-0.00015098
4.8135,6.5854,8.5888e-05,-9.0391e-05,0.00013681,-0.0002189
4.8574,6.4872,0.00019591,-0.00031918,0.00026322,-0.00042116
4.8991,6.3884,0.00022541,-0.00042745,7.8881e-05,-0.00012621
4.9383,6.2896,-8.1221e-05,0.00013999,-0.00022043,0.00035269
4.9752,6.1908,-0.00032878,0.00048531,-0.00043555,0.00069688
5.0096,6.0924,-0.00051748,0.00084854,-0.00057387,0.0009182
5.0416,5.994,-0.00059923,0.0010171,-0.0005857,0.00093713
5.0713,5.8952,-0.00058927,0.00090512,-0.00059674,0.00095478
5.0987,5.796,-0.00061028,0.00097945,-0.00062143,0.00099429
5.1238,5.6964,-0.00064251,0.0010522,-0.00065912,0.0010546
5.1467,5.5963,-0.0004798,0.00068262,-0.00027127,0.00043403
5.1673,5.4963,-0.0001032,0.0001641,5.1218e-05,-8.1948e-05
5.1857,5.3964,0.0001663,-0.00024972,0.00027154,-0.00043447
5.2019,5.2964,0.00034389,-0.00050517,0.00040852,-0.00065364
5.2159,5.196,0.00031568,-0.00056493,0.00024139,-0.00038623
5.2278,5.0955,0.00018077,-0.00028091,0.00013467,-0.00021547
5.2375,4.9949,9.5338e-05,-0.00022488,8.1676e-05,-0.00013068
5.2452,4.8946,6.7689e-05,-8.7278e-05,4.5771e-05,-7.3234e-05
5.2509,4.7947,-0.00013322,0.00016093,-0.00030493,0.00048789
5.2547,4.6952,-0.00049909,0.00084984,-0.00069916,0.0011187
5.2565,4.5959,-0.00090838,0.0014297,-0.0011033,0.0017653
5.2564,4.4967,-0.0012814,0.0021372,-0.0013266,0.0021226
5.2544,4.397,-0.00090252,0.0014506,-0.00046668,0.00074668
5.2504,4.2966,-3.8666e-05,-3.1649e-05,0.00042935,-0.00068696
5.2447,4.1961,0.00089373,-0.0013628,0.0013484,-0.0021574
5.2371,4.0949,0.0018031,-0.0028752,0.0019909,-0.0031854
5.2277,3.9931,0.0016747,-0.0027639,0.0012998,-0.0020796
5.2166,3.8913,0.00066554,-0.0012209,-2.062e-05,3.2991e-05
5.2041,3.7901,-0.00097834,0.0016363,-0.0020878,0.0033405
5.1902,3.6894,-0.0036194,0.0058333,-0.0058266,0.0093225
5.1747,3.5887,-0.0087906,0.014084,-0.011912,0.01906
5.1576,3.4879,-0.01537,0.024598,-0.019001,0.030402
5.139,3.3868,-0.023012,0.036817,-0.027213,0.04354
5.1189,3.2855,-0.031728,0.050759,-0.036289,0.058062
5.0973,3.184,-0.041407,0.066241,-0.046886,0.075017
5.0741,3.0824,-0.05315,0.085029,-0.059805,0.095687
5.0496,2.9807,-0.067312,0.10765,-0.075217,0.12035
5.0237,2.8794,-0.08608,0.1376,-0.09998,0.15997
4.9967,2.7789,-0.1157,0.18523,-0.13198,0.21117
4.9684,2.679,-0.14935,0.23898,-0.16729,0.26766
4.9387,2.5794,-0.18645,0.29823,-0.20615,0.32984
4.9079,2.4809,-0.22713,0.36324,-0.24842,0.39747
4.8761,2.3842,-0.26999,0.43203,-0.2915,0.4664
4.8434,2.2893,-0.3129,0.50063,-0.33422,0.53476
4.8096,2.1961,-0.35543,0.56882,-0.37664,0.60263
4.7747,2.1039,-0.3979,0.63665,-0.41925,0.6708
4.7387,2.0127,-0.4408,0.70516,-0.46231,0.7397
4.7016,1.923,-0.48391,0.77428,-0.50551,0.8088
4.6638,1.8347,-0.52719,0.84341,-0.54882,0.87806
4.6252,1.748,-0.5705,0.9128,-0.59235,0.9477
4.5858,1.6627,-0.61454,0.98315,-0.6366,1.0185
4.5459,1.5788,-0.65855,1.0537,-0.68041,1.0887
4.5054,1.4965,-0.70212,1.1234,-0.72336,1.1575
4.4646,1.4157,-0.74297,1.1888,-0.76248,1.22
4.4234,1.3365,-0.782,1.2512,-0.80171,1.2826
4.3819,1.2584,-0.82146,1.3141,-0.84107,1.3456
4.3402,1.1814,-0.86054,1.3768,-0.87989,1.4078
4.2984,1.1055,-0.89908,1.4387,-0.9182,1.4693
4.2564,1.0304,-0.93721,1.4998,-0.95607,1.5302
4.2143,0.95617,-0.9748,1.5605,-0.99351,1.5907
4.1723,0.88286,-1.0121,1.6207,-1.0306,1.6507
4.1305,0.81062,-1.0488,1.6803,-1.0668,1.7097
4.089,0.73932,-1.084,1.737,-1.1001,1.7624
4.0477,0.66892,-1.116,1.7872,-1.1318,1.8116
4.0067,0.59904,-1.1476,1.8358,-1.1633,1.8597
3.966,0.52972,-1.1784,1.884,-1.193,1.9085
3.9258,0.46131,-1.2067,1.9334,-1.2199,1.9582
3.8861,0.39353,-1.2324,1.9834,-1.2444,2.0087
3.8469,0.32637,-1.2556,2.0343,-1.2663,2.06
3.8084,0.26003,-1.2763,2.0859,-1.2858,2.1118
3.7704,0.194,-1.2947,2.1381,-1.3035,2.1641
3.7328,0.12803,-1.3181,2.1836,-1.3328,2.2027
3.6958,0.062438,-1.3542,2.2116,-1.3782,2.2162
3.6595,-0.0024345,-1.4011,2.2211,-1.4233,2.2263
3.6237,-0.067219,-1.4443,2.2324,-1.4647,2.2389
3.5882,-0.13243,-1.4839,2.2463,-1.5025,2.2542
3.5529,-0.19796,-1.52,2.2629,-1.5364,2.2724
3.5181,-0.2636,-1.5446,2.289,-1.5521,2.306
3.4835,-0.32968,-1.5581,2.3242,-1.5632,2.3431
3.4495,-0.39549,-1.5669,2.363,-1.5698,2.3833
3.4162,-0.46107,-1.5712,2.4047,-1.5719,2.4265
3.3833,-0.52683,-1.5711,2.4495,-1.5697,2.4729
3.3509,-0.59325,-1.567,2.4974,-1.5649,2.5209
3.3188,-0.66035,-1.5732,2.5314,-1.584,2.5376
3.2875,-0.72697,-1.5948,2.5421,-1.6044,2.5475
3.2572,-0.79266,-1.6118,2.5545,-1.6182,2.5623
3.2277,-0.85764,-1.6225,2.5718,-1.6258,2.582
3.1989,-0.92244,-1.6271,2.5938,-1.6275,2.6063
3.1707,-0.98767,-1.6261,2.6202,-1.6253,2.6331
3.1428,-1.0538,-1.6299,2.6384,-1.6343,2.6438
3.1153,-1.1209,-1.6382,2.6493,-1.6418,2.6549
3.0884,-1.1883,-1.645,2.6606,-1.6479,2.6665
3.0621,-1.2554,-1.6503,2.6725,-1.6525,2.6784
3.0365,-1.3226,-1.6543,2.6843,-1.6558,2.6906
3.0116,-1.3892,-1.6569,2.6966,-1.6586,2.7004
2.9876,-1.4551,-1.6613,2.7011,-1.6641,2.7016
2.9643,-1.5204,-1.6671,2.7015,-1.6702,2.7011
2.9418,-1.5851,-1.6733,2.7004,-1.6766,2.6992
2.9198,-1.6502,-1.6793,2.6963,-1.6817,2.6933
2.8982,-1.7163,-1.6838,2.6903,-1.6858,2.6875
2.877,-1.783,-1.6871,2.6847,-1.6862,2.6822
2.8562,-1.8501,-1.6828,2.6798,-1.6795,2.6771
2.8359,-1.918,-1.6762,2.6742,-1.6728,2.671
2.816,-1.9868,-1.6695,2.6675,-1.6662,2.6639
2.7965,-2.0559,-1.6629,2.6599,-1.6596,2.6559
2.7778,-2.1246,-1.6564,2.6516,-1.6532,2.6471
2.7597,-2.1933,-1.6495,2.6413,-1.6449,2.6338
2.7423,-2.2619,-1.6398,2.6252,-1.6346,2.6167
2.7255,-2.3301,-1.6293,2.6081,-1.6241,2.5993
2.7095,-2.3983,-1.6187,2.5905,-1.6133,2.5817
2.6941,-2.4667,-1.6077,2.5728,-1.6022,2.5637
2.6792,-2.5358,-1.5965,2.5545,-1.5908,2.5454
2.6649,-2.6054,-1.5834,2.5332,-1.575,2.5197
2.6512,-2.6751,-1.5666,2.506,-1.5582,2.4922
2.6383,-2.7449,-1.5497,2.4783,-1.5412,2.4644
2.626,-2.8146,-1.5327,2.4504,-1.5242,2.4364
2.6145,-2.8843,-1.5156,2.4223,-1.5071,2.4083
2.6036,-2.954,-1.4984,2.3941,-1.4888,2.3784
2.5934,-3.024,-1.4766,2.3595,-1.4644,2.3406
2.584,-3.0942,-1.4522,2.3217,-1.44,2.3028
2.5752,-3.1648,-1.4278,2.2837,-1.4155,2.2648
2.5671,-3.2358,-1.4032,2.2459,-1.3909,2.2268
2.5597,-3.3075,-1.3785,2.2078,-1.3661,2.1887
2.553,-3.3798,-1.3522,2.1668,-1.3364,2.1412
2.547,-3.4533,-1.32,2.1146,-1.3035,2.0878
2.5418,-3.5279,-1.2869,2.0606,-1.2703,2.0336
2.5373,-3.603,-1.2536,2.0066,-1.237,1.9796
2.5336,-3.6791,-1.2204,1.9526,-1.2038,1.9256
2.5307,-3.7559,-1.1865,1.8975,-1.1669,1.8662
2.5287,-3.8331,-1.1457,1.8324,-1.1245,1.7986
2.5275,-3.9112,-1.1034,1.7648,-1.0823,1.7311
2.5273,-3.9902,-1.0612,1.6974,-1.0402,1.6639
2.528,-4.0696,-1.0194,1.6305,-0.99866,1.5975
2.5297,-4.1488,-0.97719,1.5633,-0.95265,1.524
2.5323,-4.2284,-0.92589,1.4813,-0.89927,1.4387
2.536,-4.3084,-0.8729,1.3966,-0.8467,1.3547
2.5408,-4.3888,-0.82085,1.3134,-0.79528,1.2726
2.5466,-4.469,-0.77022,1.2326,-0.74543,1.193
2.5536,-4.5497,-0.7186,1.1501,-0.68776,1.1007
2.5617,-4.6314,-0.65466,1.0477,-0.62167,0.99487
2.5711,-4.7141,-0.5889,0.94235,-0.55635,0.89027
2.5818,-4.7976,-0.52417,0.83881,-0.49215,0.78746
2.5939,-4.8822,-0.46039,0.73652,-0.42894,0.68625
2.6072,-4.9671,-0.4007,0.64107,-0.37434,0.59888
2.6218,-5.0525,-0.34791,0.55662,-0.32132,0.51407
2.6377,-5.1385,-0.2943,0.47087,-0.26704,0.42725
2.6551,-5.2255,-0.23919,0.3827,-0.211,0.3376
2.6741,-5.314,-0.18235,0.29177,-0.16091,0.25746
2.6948,-5.4041,-0.1485,0.2376,-0.13514,0.21622
2.7172,-5.4959,-0.11972,0.19155,-0.1032,0.16513
2.7413,-5.5891,-0.084259,0.13475,-0.064302,0.10288
2.7666,-5.6822,-0.041861,0.066941,-0.018306,0.029287
2.7929,-5.7744,-0.014046,0.022457,-0.011138,0.017819
2.8202,-5.8655,-0.0078693,0.012627,-0.0041843,0.0066934
2.8489,-5.9562,0.00013332,-0.00023828,0.0046816,-0.0074908
2.8787,-6.0461,0.0099292,-0.015891,0.01552,-0.024831
2.9096,-6.1349,0.018108,-0.028981,0.01634,-0.026142
2.9417,-6.2227,0.012951,-0.020722,0.0093886,-0.015021
2.9753,-6.3101,0.0054627,-0.0087518,0.0021575,-0.0034518
3.0107,-6.3972,7.1268e-05,-0.00012406,-0.0014411,0.0023055
3.0476,-6.4836,-0.0016285,0.0025839,-0.00071134,0.0011377
3.0865,-6.5696,0.0014033,-0.0022591,0.0031916,-0.0051067
3.1271,-6.6548,0.0043805,-0.0070042,0.0051335,-0.0082137
3.1691,-6.7387,0.0052256,-0.0083808,0.0050066,-0.0080105
3.2126,-6.8212,0.0040801,-0.0065281,0.0027525,-0.0044039
3.2576,-6.9021,0.0013724,-0.0022204,0.0009748,-0.0015596
3.3043,-6.9817,0.0010564,-0.0017354,0.0012301,-0.0019681
3.3533,-7.0603,0.0011949,-0.0019066,0.00088208,-0.0014113
3.4045,-7.1379,0.00029953,-0.00049691,-0.00031074,0.00049717
3.4582,-7.2145,-0.0010818,0.0016996,-0.0018508,0.0029612
3.5144,-7.2902,-0.00252,0.0040745,-0.0028935,0.0046296
3.5727,-7.3646,-0.0028048,0.0044755,-0.002597,0.0041552
3.6333,-7.4377,-0.0022034,0.0035023,-0.0016621,0.0026594
3.6961,-7.5093,-0.00086484,0.0014332,-7.1388e-05,0.00011422
3.7608,-7.5792,0.00064497,-0.0010331,0.00071901,-0.0011504
3.8273,-7.6474,-0.00053533,0.00080661,-0.0022758,0.0036412
3.896,-7.7139,-0.0038529,0.0061914,-0.0053227,0.0085163
3.9667,-7.7788,-0.0064654,0.01031,-0.0073833,0.011813
4.0396,-7.842,-0.0079682,0.012784,-0.0084554,0.013529
4.1146,-7.9034,-0.0086171,0.01374,-0.0085338,0.013654
4.1918,-7.9631,-0.0055274,0.0088655,-0.00292,0.004672
4.2711,-8.021,-0.0013645,0.002283,-0.00056879,0.00091007
4.3517,-8.0769,-0.00034795,0.00052389,0.00016224,-0.00025958
4.4339,-8.1306,0.00066248,-0.0010433,0.0011096,-0.0017754
4.5172,-8.1821,0.0015863,-0.0024481,0.0016951,-0.0027121
4.6014,-8.2313,0.00065151,-0.001111,-0.00038794,0.0006207
4.6867,-8.2782,-0.0016931,0.0026885,-0.0030664,0.0049062
4.7732,-8.3228,-0.0045955,0.0074179,-0.0063126,0.0101
4.8607,-8.365,-0.0082401,0.013067,-0.010088,0.016141
4.9499,-8.405,-0.0099103,0.015792,-0.0059732,0.0095572
5.0407,-8.4427,0.00042774,-0.00041443,0.0065196,-0.010431
5.132,-8.478,0.012132,-0.019301,0.017156,-0.027449
5.2228,-8.5106,0.021442,-0.034271,0.025283,-0.040453
5.3128,-8.5407,0.028386,-0.045419,0.026499,-0.042398
5.402,-8.5682,0.01857,-0.029732,0.011253,-0.018005
5.4905,-8.593,0.0049921,-0.0080153,-0.00073155,0.0011705
5.5786,-8.6152,-0.0055739,0.0088882,-0.0099603,0.015936
5.6662,-8.6347,-0.013632,0.021782,-0.016933,0.027092
5.7537,-8.6514,-0.013205,0.02114,-0.005667,0.0090672
5.8413,-8.6655,0.00095183,-0.0017322,0.007255,-0.011608
5.9295,-8.6768,0.012621,-0.019983,0.017356,-0.02777
6.0178,-8.6855,0.021573,-0.034505,0.025529,-0.040846
6.106,-8.6916,0.028611,-0.045717,0.027132,-0.043412
6.1938,-8.6951,0.022178,-0.035637,0.017679,-0.028287
6.2817,-8.6958,0.01352,-0.02166,0.0095095,-0.015215
6.37,-8.6935,0.0056219,-0.0088793,0.0015556,-0.002489
6.4581,-8.6882,-0.0027631,0.0043532,-0.00726,0.011616
6.5461,-8.6799,-0.0095643,0.015355,-0.011199,0.017918
6.6337,-8.6684,-0.012939,0.020874,-0.015009,0.024014
6.7202,-8.6542,-0.017349,0.027736,-0.019862,0.03178
6.8054,-8.6371,-0.022754,0.036489,-0.025941,0.041505
6.8891,-8.6172,-0.029015,0.046364,-0.029869,0.04779
6.9713,-8.5944,-0.027832,0.04461,-0.025562,0.040899
7.052,-8.569,-0.022609,0.036132,-0.019256,0.030809
7.1312,-8.5407,-0.015176,0.024175,-0.010578,0.016925
7.2092,-8.5095,-0.0050584,0.0081856,0.00088458,-0.0014153
7.286,-8.4754,0.0066577,-0.010649,0.0098685,-0.01579
7.3615,-8.4387,0.010792,-0.017353,0.011822,-0.018916
7.4358,-8.399,0.010489,-0.016659,0.0077194,-0.012351
7.5087,-8.3568,0.0045383,-0.0072439,0.0011578,-0.0018525
7.5801,-8.312,-0.002623,0.0041253,-0.0065499,0.01048
7.6501,-8.2645,-0.010881,0.017488,-0.015321,0.024514
7.7185,-8.2143,-0.017858,0.028535,-0.019909,0.031854
7.7853,-8.1616,-0.02101,0.033696,-0.021679,0.034686
7.8505,-8.1065,-0.021361,0.034117,-0.0205,0.0328
7.9141,-8.049,-0.018632,0.029859,-0.016273,0.026037
7.976,-7.9891,-0.0096554,0.015351,-0.003116,0.0049856
8.0367,-7.9266,-0.0010334,0.0016658,-0.001307,0.0020912
8.0962,-7.8614,-0.0022372,0.0034472,-0.002894,0.0046303
8.1547,-7.7929,-0.003488,0.0055631,-0.0040224,0.0064358
8.2124,-7.7211,-0.0044293,0.0071988,-0.004843,0.0077489
8.2689,-7.6466,-0.0050649,0.0082979,-0.0053098,0.0084956
8.3238,-7.5703,-0.0033744,0.0053477,-0.0011136,0.0017817
8.3772,-7.4921,0.0017254,-0.0027691,0.004867,-0.0077871
8.429,-7.4121,0.008615,-0.013702,0.012616,-0.020186
8.4792,-7.3305,0.014154,-0.022789,0.015285,-0.024456
8.5281,-7.2466,0.015799,-0.025357,0.015598,-0.024958
8.5759,-7.1599,0.013022,-0.020863,0.010614,-0.016983
8.6225,-7.0702,0.0085265,-0.013641,0.0065961,-0.010554
8.668,-6.9773,0.0050013,-0.007984,0.0035594,-0.005695
8.7123,-6.8814,0.0024633,-0.0039162,0.0015192,-0.0024306
8.7552,-6.7829,0.00060094,-0.00064392,-0.00047854,0.00076566
8.7962,-6.6838,-0.0012831,0.0021874,-0.0020205,0.0032328
8.835,-6.5852,-0.0025007,0.004045,-0.0027702,0.0044323
8.8715,-6.4876,-0.0028625,0.004576,-0.002961,0.0047375
8.9059,-6.3905,-0.0032624,0.0049319,-0.0034898,0.0055836
8.9384,-6.2927,-0.003708,0.0060243,-0.0039076,0.0062522
8.969,-6.1945,-0.0040503,0.0064418,-0.0041485,0.0066377
8.9977,-6.0958,-0.0042023,0.006741,-0.0042285,0.0067656
9.0246,-5.9964,-0.0036595,0.0057254,-0.0028328,0.0045325
9.0498,-5.8957,-0.0021065,0.003348,-0.0014231,0.002277
9.0733,-5.7936,-0.00083403,0.0014134,-0.00029697,0.00047515
9.0951,-5.6903,0.00015344,-0.0002858,0.00056611,-0.00090577
9.1152,-5.5859,0.00039681,-0.00059385,0.00021289,-0.00034062
9.1337,-5.4808,8.0202e-05,-1.9986e-05,-2.6518e-05,4.2429e-05
9.1503,-5.3758,-8.6028e-05,0.00013077,-0.00012361,0.00019778
9.1652,-5.2711,-0.00011873,0.00024284,-6.6509e-05,0.00010641
9.1784,-5.1671,1.5607e-05,-5.5351e-05,8.0486e-05,-0.00012878
9.1898,-5.0635,0.0001114,-0.00025856,0.00012659,-0.00020254
9.1994,-4.9597,0.00011121,-0.0001437,9.2121e-05,-0.00014739
9.2073,-4.856,4.0766e-05,-7.1529e-05,-3.167e-05,5.0672e-05
9.2135,-4.7522,-0.00011185,0.00015296,-0.00019286,0.00030858
9.2179,-4.6483,-0.00027544,0.00050435,-0.00032808,0.00052493
9.2207,-4.5449,-0.00038989,0.0006199,-0.0004493,0.00071888
9.2217,-4.442,-0.0004487,0.0006994,-0.00038069,0.0006091
9.2212,-4.3394,-0.00029355,0.00042957,-0.00021648,0.00034637
9.2189,-4.2368,-0.00014519,0.00026466,-5.2115e-05,8.3384e-05
9.215,-4.1345,3.1075e-05,-6.1113e-05,0.0001135,-0.0001816
9.2095,-4.0325,0.00010399,-0.00013212,9.264e-05,-0.00014822
9.2025,-3.9313,6.9296e-05,-0.00013157,4.3427e-05,-6.9484e-05
9.194,-3.8307,1.1797e-05,-5.7252e-07,4.6234e-06,-7.3975e-06
9.1841,-3.7311,-2.0147e-06,-3.5232e-05,-2.0859e-05,3.3374e-05
9.1728,-3.6319,-2.3036e-05,3.8022e-05,-1.2546e-05,2.0073e-05
9.16,-3.5332,2.486e-06,-5.8103e-05,-1.3786e-05,2.2058e-05
9.1456,-3.4343,-2.0225e-05,2.0192e-05,-2.8623e-05,4.5796e-05
9.1298,-3.3352,-6.4339e-05,0.00012993,-5.9436e-05,9.5098e-05
9.1125,-3.2362,-4.2745e-05,3.1469e-05,-5.0091e-05,8.0145e-05
9.0937,-3.1369,-4.2934e-05,5.7057e-05,-3.7169e-05,5.947e-05
9.0734,-3.0372,-4.982e-05,9.9823e-05,-2.1073e-05,3.3717e-05
9.0519,-2.9378,-4.9246e-05,0.00011823,-2.3367e-06,3.7388e-06
9.0294,-2.8393,1.0367e-05,-5.1464e-05,-4.5598e-06,7.2957e-06
9.0058,-2.7413,6.2323e-06,-3.3737e-05,2.1929e-06,-3.5086e-06
8.981,-2.6435,1.2665e-05,-3.5701e-05,1.8583e-05,-2.9734e-05
8.955,-2.5457,3.1222e-05,-6.0678e-05,4.3901e-05,-7.0242e-05
8.9277,-2.4477,3.5687e-05,-6.5118e-05,2.974e-05,-4.7584e-05
8.8993,-2.3495,1.7937e-05,-3.5191e-05,1.0438e-05,-1.67e-05
8.8697,-2.251,-4.7629e-06,2.0138e-06,-1.4375e-05,2.3e-05
8.839,-2.1523,-3.2608e-05,4.7064e-05,-4.2568e-05,6.8108e-05
8.8071,-2.0533,-4.4563e-05,7.4886e-05,-1.7951e-05,2.8722e-05
8.7744,-1.9545,-4.3433e-05,8.8105e-05,-5.0642e-06,8.1027e-06
8.741,-1.8562,1.9313e-05,-6.5556e-05,-1.2472e-05,1.9956e-05
8.7067,-1.7579,-1.8789e-05,1.4942e-05,-3.9e-05,6.24e-05
8.6715,-1.6595,-6.7114e-05,0.00011662,-4.2884e-05,6.8614e-05
8.6356,-1.5614,-8.5247e-05,0.00016081,-3.1448e-05,5.0317e-05
8.5995,-1.4644,-6.5556e-06,-1.0279e-05,-4.5935e-06,7.3495e-06
8.563,-1.3684,9.094e-06,-2.064e-05,3.5401e-05,-5.6642e-05
8.5262,-1.2731,6.7387e-05,-0.00014476,3.2894e-05,-5.263e-05
8.4887,-1.1779,3.0113e-05,-5.7326e-05,3.1077e-05,-4.9723e-05
8.4508,-1.0827,-5.1272e-06,2.2154e-05,2.9959e-05,-4.7934e-05
8.4125,-0.98797,3.5785e-05,-7.2437e-05,2.8003e-05,-4.4804e-05
8.3739,-0.89373,4.1649e-06,-2.5106e-06,2.0005e-05,-3.2008e-05
8.3352,-0.80012,2.7612e-05,-6.3272e-05,1.0373e-05,-1.6596e-05
8.2962,-0.70674,3.6493e-05,-9.2132e-05,-1.0115e-07,1.6184e-07
8.2567,-0.61301,-2.3003e-05,3.8887e-05,-1.1499e-05,1.8398e-05
8.2167,-0.51897,-1.4421e-05,1.24e-05,-1.757e-05,2.8112e-05
8.1764,-0.42451,-1.21e-05,1.8898e-06,-2.6547e-05,4.2476e-05
8.1356,-0.32954,-6.9897e-05,0.00012744,-4.1443e-05,6.6309e-05
8.0947,-0.2345,-5.3494e-05,7.6975e-05,-6.2269e-05,9.9631e-05
8.0536,-0.13945,-6.146e-05,8.4206e-05,-5.7933e-05,9.2693e-05
8.0124,-0.044122,-2.749e-05,2.0696e-05,-2.7589e-05,4.4143e-05
7.9709,0.051761,-4.1987e-05,7.5912e-05,-1.1433e-05,1.8293e-05
7.9293,0.14797,-1.0979e-05,6.4124e-06,-1.3483e-05,2.1573e-05
7.8878,0.24438,-4.8246e-05,8.9969e-05,-2.8667e-05,4.5867e-05
7.8464,0.34068,-2.6338e-05,2.7073e-05,-2.9039e-05,4.6462e-05
7.8052,0.43684,-4.0486e-05,7.2202e-05,-1.0587e-05,1.694e-05
7.7644,0.53272,1.9829e-05,-5.6431e-05,2.6417e-05,-4.2267e-05
7.7239,0.62856,3.6529e-05,-5.9589e-05,5.0012e-05,-8.002e-05
7.6836,0.72447,6.3608e-05,-0.00013944,3.0656e-05,-4.905e-05
7.6436,0.82099,1.6529e-05,-3.7374e-05,5.1633e-06,-8.2613e-06
7.6037,0.91817,-2.9507e-05,6.8545e-05,-4.5995e-06,7.3592e-06
7.5641,1.0157,1.5673e-05,-5.8427e-05,1.0464e-05,-1.6742e-05
7.5249,1.1138,1.0515e-05,-3.0108e-05,1.0465e-05,-1.6744e-05
7.486,1.2125,-2.3031e-05,5.7149e-05,-1.388e-05,2.2208e-05
7.4478,1.3114,-7.2017e-05,0.00016246,-6.2124e-05,9.9399e-05
7.4104,1.4096,-7.8215e-05,8.9749e-05,-0.00010251,0.00016402
7.3739,1.5074,-9.4389e-05,0.00012579,-9.5797e-05,0.00015328
7.3381,1.6052,-9.02e-05,0.00012696,-8.3955e-05,0.00013433
7.3032,1.7032,-7.8674e-05,0.00011321,-6.7083e-05,0.00010733
7.269,1.8014,-6.1706e-05,8.8602e-05,-4.8814e-05,7.8103e-05
7.2358,1.9,-4.5347e-05,6.39e-05,-3.0428e-05,4.8684e-05
7.2035,1.9989,-2.708e-05,3.555e-05,-1.225e-05,1.9599e-05
7.1721,2.0981,-1.0173e-05,9.0393e-06,4.0606e-06,-6.497e-06
7.1419,2.1975,-1.223e-06,1.3141e-05,8.4676e-06,-1.3548e-05
7.1128,2.2968,-1.1493e-05,6.7821e-05,2.3024e-06,-3.6838e-06
7.085,2.3955,9.4821e-06,-7.9691e-05,2.3263e-06,-3.7221e-06
7.0586,2.4941,3.269e-06,-3.1861e-05,8.0898e-06,-1.2944e-05
7.0335,2.5929,1.0074e-06,3.4842e-05,6.2869e-06,-1.0059e-05
7.0098,2.6912,-1.5383e-05,0.0001095,-1.6057e-05,2.5692e-05
6.9877,2.7883,-2.9103e-05,6.6815e-06,-4.5632e-05,7.3012e-05
6.9672,2.8844,-6.5254e-05,0.00010478,-8.1564e-05,0.0001305
6.9483,2.9796,-9.2866e-05,6.3541e-05,-9.6699e-05,0.00015472
6.9309,3.0747,-8.572e-05,0.00012933,-7.1157e-05,0.00011385
6.9152,3.1697,-5.6865e-05,0.00016356,-4.1178e-05,6.5884e-05
6.9011,3.264,-2.582e-05,1.3066e-05,-7.5288e-06,1.2046e-05
6.8887,3.3578,1.0768e-05,2.1628e-05,1.8609e-05,-2.9774e-05
6.8778,3.4508,1.585e-05,-6.7395e-05,1.5944e-05,-2.5511e-05
6.8687,3.5435,1.0722e-05,-0.00010878,1.3283e-05,-2.1253e-05
6.8612,3.6364,1.5194e-05,1.1482e-05,1.0464e-05,-1.6743e-05
6.8555,3.7296,7.8136e-06,-2.6831e-05,8.0412e-06,-1.2866e-05
6.8515,3.8231,2.0796e-06,-4.3193e-05,4.443e-06,-7.1088e-06
6.8492,3.917,1.4805e-05,7.078e-05,5.865e-07,-9.384e-07
