t,inp,resp,fit
0,0,-0.0273826511908427,-0.0626020643094213
0.02,0,-0.0397691264218984,-0.0485862991826582
0.04,0,-0.0333622420286861,-0.0377084764585232
0.06,0,-0.0343786290152373,-0.0292660527914941
0.08,0,-0.0174878658580113,-0.0227137748971803
0.1,0,-0.019812036408294,-0.0176284644108113
0.12,0,-0.0260196595886972,-0.0136816869450361
0.14,0,-0.0697698000065095,-0.0106185401802309
0.16,0,-0.063189282252994,-0.00824119101775586
0.18,0,-0.056335838855582,-0.00639609854446704
0.2,0,-0.0579906408186646,-0.00496409760462918
0.22,0,-0.0789239285425952,-0.00385270252748091
0.24,0,-0.095938407508873,-0.00299013394728902
0.26,0,-0.0754643241003365,-0.00232068293852321
0.28,0,-0.0545406542278316,-0.00180111305917767
0.3,0,-0.0527351946689507,-0.00139786792848346
0.32,0,-0.0456728718062045,-0.00108490399063276
0.34,0,-0.0178770534970867,-0.000842008493726465
0.36,0,-0.000798656016796931,-0.000653494050744531
0.38,0,-0.0105796787462042,-0.000507185470859667
0.4,0,-0.00249517252216775,-0.00039363342567246
0.42,0,0.0290482258679325,-0.00030550416506215
0.44,0,0.0801294339504143,-0.00023710586749811
0.46,0,0.0470549302837034,-0.000184021034183263
0.48,0,0.0278609735534285,-0.000142821185233418
0.5,0,0.0495087335950133,-0.000110845431567156
0.52,0,0.0455669506576747,-8.60286215887968e-05
0.54,3.95874068439539,0.0295571603678884,-6.67679635311311e-05
0.56,8.86742128019434,0.0251145858343984,-5.18195092721909e-05
0.58,11.9999998804656,0.0259840326395755,-4.02178140412902e-05
0.6,11.9999999764842,0.0173654554367684,-3.12135832426306e-05
0.62,12.0000000567252,0.122589190455307,-2.42252793213565e-05
0.64,11.9999999978672,0.743676726685895,-1.88015632052209e-05
0.66,11.9999996993503,1.76449409221265,0.833582444357658
0.68,11.9999999833761,2.78015306726936,2.51417860365238
0.7,11.9999995394166,3.89788533533372,4.47814279543947
0.72,11.9999996925432,5.49533266287953,6.00240168569416
0.74,11.9999998652825,6.42534224961168,7.18539940866779
0.76,11.9999999616346,8.18632303926309,8.10353974731269
0.78,11.999999784955,8.57172173282901,8.81612067802244
0.8,12.0000001768396,9.54845984854026,9.36916432630027
0.82,11.9999998513461,9.94476045958117,9.79838880316613
0.84,12.0000002688673,10.2302843177049,10.1315156912028
0.86,12.0000002581812,10.4915509586217,10.3900599597276
0.88,12.0000002413722,10.7253306775994,10.5907196438963
0.9,12.0000000501846,10.8881201910676,10.7464542706605
0.92,11.9999997564399,10.998298993291,10.867322079389
0.94,11.9999998180463,11.1681437371704,10.9611291333656
0.96,12.000000035108,11.1666465560195,11.0339341301987
0.98,12.0000002149105,11.2769342017421,11.0904390594895
1,12.0000001827279,11.2955450385571,11.134293287118
1.02,11.999999881953,11.3186829536182,11.1683290993107
1.04,11.9999998563526,11.331883633362,11.1947446864029
1.06,11.9999998974806,11.3522793958905,11.2152461897289
1.08,11.9999998757993,11.3751581300867,11.2311577262993
1.1,11.9999998526296,11.3866819042138,11.2435069204511
1.12,11.9999998787926,11.3773283004808,11.2530912883805
1.14,12.0000000806393,11.3916045066159,11.2605297811516
1.16,12.0000005110312,11.4332778906483,11.266302889463
1.18,11.999999653402,11.3800127725629,11.270783484678
1.2,11.9999994359053,11.3824552061076,11.2742609299703
1.22,12.0000000477983,11.4447294329513,11.2769598168808
1.24,11.9999999904927,11.4066396795413,11.2790544646089
1.26,4.48835407146555,11.3920462837855,11.280680191222
1.28,-11.3334864791105,11.412691314602,11.2819420300127
1.3,-12.0000003222726,11.4095814196145,11.2829211793785
1.32,-12.0000003897268,11.2920785530555,11.2836810644953
1.34,-12.0000000679132,10.6066193182514,11.2842709503422
1.36,-11.9999997460997,9.41274185291132,11.2847287565686
1.38,-11.9999999940227,7.66619720931415,9.70334727742168
1.4,-12.0000002577307,4.73362266423668,5.14439097581842
1.42,-12.000000026456,2.09467834691389,1.46577536732609
1.44,-11.9999998251931,-0.170986527057254,-1.38924740856824
1.46,-12.0000002296548,-3.41471593726773,-3.60506869259289
1.48,-11.9999999887624,-5.29684026451477,-5.32479715181101
1.5,-11.9999997478699,-5.96784255710675,-6.65950145625194
1.52,-11.9999995772885,-7.7944755784618,-7.69538336921372
1.54,-11.9999996841072,-9.31160071714702,-8.49934512427012
1.56,-11.999999987514,-9.87036363973544,-9.12331055001759
1.58,-12.0000000428908,-10.2387612338415,-9.60757854534843
1.6,-11.9999998249322,-10.4712339140248,-9.98342536110107
1.62,-11.999999861306,-10.7876778287921,-10.275125049649
1.64,-11.9999999612757,-10.8271636797395,-10.5015170424208
1.66,-11.9999998534179,-11.1007966431156,-10.6772229176634
1.68,-11.9999998754672,-11.2104263371514,-10.813590660747
1.7,-11.9999998355527,-11.3039201374505,-10.9194275012314
1.72,-12.0000000370776,-11.3282299145707,-11.0015688424136
1.74,-12.0000003883495,-11.3309835979154,-11.0653198433024
1.76,-12.0000003237286,-11.332511398266,-11.1147978685779
1.78,-12.0000002749252,-11.3293155409657,-11.1531984028689
1.8,-12.0000002642942,-11.3285709846732,-11.1830015756408
1.82,-12.0000001366387,-11.2216725549602,-11.2061322081319
1.84,-11.9999999480564,-11.2705863898634,-11.2240842437307
1.86,-11.9999998643503,-11.2481433093871,-11.238017132569
1.88,-12.0000001818017,-11.2790386751726,-11.2488306202903
1.9,-12.0000001381327,-11.2528258782762,-11.2572231024247
1.92,-12.0000000657517,-11.238378760342,-11.2637366177892
1.94,-12.0000001488436,-11.2482218466075,-11.2687918172773
1.96,-12.0000000021208,-11.2271375626355,-11.2727151854847
1.98,-11.9999996192881,-11.2123296788892,-11.2757601463849
2,-11.999999538798,-11.2389596908558,-11.2781234481009
2.02,-11.999999954425,-11.2397533526909,-11.2799576289677
2.04,-12.0000000477243,-11.2583599371985,-11.2813811460224
2.06,-11.9999997720225,-11.2699524385739,-11.2824859741397
2.08,-11.9999995974382,-11.2669149907133,-11.2833434151189
2.1,-12.0000000870947,-11.2847695374802,-11.2840088059144
2.12,-12.0000004369674,-11.3283734849397,-11.2845252076591
2.14,-12.0000003225726,-11.3546439102402,-11.2849260814772
2.16,-11.9999997240746,-11.3200126198312,-11.2852372246538
2.18,-12.000000321295,-11.3232842049711,-11.2854786489787
2.2,-12.0000000643454,-11.3438444202225,-11.2856659848629
2.22,-11.9999998213167,-11.3583400854478,-11.2858114818552
2.24,-11.999999696423,-11.3701577302328,-11.2859244776896
2.26,-11.9999995868726,-11.3723025740158,-11.2860121511792
2.28,-11.9999996116566,-11.350117271758,-11.2860800697204
2.3,-11.9999999262498,-11.353198288623,-11.2861329079658
2.32,-11.999999851113,-11.3110757780932,-11.2861738623284
2.34,-11.9999998651599,-11.3077064281665,-11.2862055963819
2.36,-12.0000002186152,-11.2498271528165,-11.2862301993062
2.38,-11.9999999642435,-11.2452712932661,-11.2862492708965
2.4,-12.0000003491398,-11.2424554656026,-11.2862640778316
2.42,-12.0000004736473,-11.2517346315476,-11.2862756359362
2.44,-12.0000001400434,-11.279542401944,-11.286284590514
2.46,-12.0000002183433,-11.3272384275374,-11.2862915432395
2.48,-12.0000005230328,-11.3658877335031,-11.2862970137703
2.5,-12.000000426624,-11.3693763016705,-11.286301205959
2.52,-11.9999999358888,-11.3548085451069,-11.2863045406207
2.54,-12.0000001114823,-11.3622717586249,-11.2863071549141
2.56,-12.0000002350444,-11.3905764042267,-11.2863091136547
2.58,-12.0000003296728,-11.4061926139769,-11.2863106503471
2.6,-12.0000003956143,-11.3984695131771,-11.2863119071536
2.62,-11.9999998025914,-11.414440104653,-11.2863128622769
2.64,-12.0000000801235,-11.4320576901744,-11.2863135002262
2.66,-12.0000006268431,-11.4142264417539,-11.2863140323221
2.68,-12.0000005302608,-11.3956554709805,-11.2863144713075
2.7,-11.9999999598458,-11.3531373329536,-11.2863148319359
2.72,-11.9999996682685,-11.3728966780189,-11.2863151257099
2.74,-11.9999997271918,-11.3669498139791,-11.2863152288382
2.76,-11.9999997861151,-11.3696815077825,-11.2863153673177
2.78,-11.9999998224568,-11.3953055678923,-11.286315589917
2.8,-11.999999774685,-11.4179528116236,-11.2863157423418
2.82,-11.9999998169162,-11.4000874402333,-11.2863157405277
2.84,-12.000000034913,-11.4160601495008,-11.286315677722
2.86,-11.9999998901776,-11.4359444989508,-11.2863156413852
2.88,-11.9999998901776,-11.4384190687865,-11.2863156255912
2.9,-12.0000000530234,-11.4264006559948,-11.2863156209858
2.92,-12.0000002253375,-11.3784250141261,-11.2863156073522
2.94,-12.0000001884262,-11.3962461335318,-11.2863156056636
2.96,-12.0000004080436,-11.3963654640352,-11.2863156502569
2.98,-11.999999762227,-11.3975811873065,-11.2863156543893
3,-11.9999993883614,-11.4280656731219,-11.2863156575965
3.02,-11.9999995493252,-11.4479982396704,-11.2863156943763
3.04,-11.9999997497211,-11.4231678540432,-11.286315759206
3.06,-11.9999998349586,-11.402879179705,-11.2863158017487
3.08,-11.999999756283,-11.3998580017303,-11.2863158810118
3.1,-11.9999998364268,-11.4076484939077,-11.2863158065385
3.12,-12.0000000241575,-11.360416204698,-11.2863156700134
3.14,-12.0000001210052,-11.3665381457575,-11.2863155979489
3.16,-11.9999999358547,-11.3735621383114,-11.2863155842162
3.18,-7.92711268742983,-11.3488327795234,-11.2863155915067
3.2,11.3323234703649,-11.3453660118335,-11.2863155805981
3.22,12.000000286798,-11.3740719576254,-11.2863155890078
3.24,12.0000000528726,-11.3258958091168,-11.2863156350653
3.26,11.9999999627696,-10.7203347571677,-11.2863156912045
3.28,11.9999999317746,-9.6192033925271,-11.2863156957876
3.3,12.0000002956798,-7.42976526585773,-10.4286826763789
3.32,12.0000002747521,-4.92429401804465,-5.70757837386307
3.34,12.0000002227465,-1.60385555908061,-1.90287264497632
3.36,12.0000004011565,1.17585082552131,1.05001029588535
3.38,12.0000003041029,4.13371086205345,3.34178221125213
3.4,11.9999998624429,5.83197589513629,5.12045703225295
3.42,11.9999998096653,7.31951132358676,6.5009104206865
3.44,11.999999747938,8.87725487715263,7.57229874952441
3.46,11.9999995360186,9.36549760687715,8.40381754645878
3.48,11.9999995937881,10.1574189101599,9.04917044082994
3.5,11.9999998124714,10.3960891500087,9.55003743093353
3.52,11.9999999651534,10.6206324280657,9.93876690620387
3.54,12.0000000688034,10.822639587305,10.2404650386732
3.56,12.0000001678089,10.8527565084053,10.4746169803864
3.58,12.0000002098623,10.9637144402238,10.6563453886459
3.6,12.0000002322098,11.0341797003682,10.7973872484091
3.62,12.0000004218974,11.0664050388987,10.9068517677353
3.64,12.000000429153,11.0720229346406,10.9918086770197
3.66,11.9999998074036,11.1598238530675,11.057744892127
3.68,12.0000001469041,11.2412389273272,11.1089188911735
3.7,12.0000002690142,11.3090974811048,11.1486357249525
3.72,12.0000001484175,11.4218357385172,11.1794604954206
3.74,12.0000001350875,11.4469026344175,11.2033840518915
3.76,11.9999996266554,11.4194902704056,11.2219514454858
3.78,11.999999688552,11.4044525258833,11.2363617170024
3.8,11.9999999608404,11.3591134062376,11.2475457928997
3.82,12.0000000839991,11.2617416560326,11.2562259294624
3.84,12.0000001388472,11.1880767885078,11.2629626741193
3.86,12.0000001083489,11.0437897399725,11.2681911489198
3.88,12.000000204885,11.0222319590169,11.2722489310629
3.9,12.0000001714785,10.9552803569232,11.2753982430757
3.92,12.0000000181995,10.9144006424764,11.2778425235753
3.94,11.9999998757777,10.9167776189245,11.2797395882881
3.96,11.999999748205,10.9409898569767,11.2812119371273
3.98,12.0000003207327,10.9527621559835,11.2823546403267
4,12.0000000664181,10.9482969596088,11.2832415278868
4.02,12.000000155187,10.9799545797642,11.2839298461467
4.04,12.0000002045929,11.0079561230727,11.2844640268757
4.06,12.0000000978887,11.025865808038,11.2848785816923
4.08,12.0000000228488,11.0656772656749,11.2852002963654
4.1,12.0000000086256,11.1204628326254,11.2854501039829
4.12,11.9999999253852,11.1396460940743,11.2856439294637
4.14,11.9999999453412,11.1717677676406,11.2857943787032
4.16,12.0000001298085,11.251368166654,11.2859111547732
4.18,11.9999999524298,11.3201459904194,11.2860017637737
4.2,12.0000002319131,11.348412353934,11.2860720708294
4.22,12.0000003031663,11.3631383397367,11.2861266340803
4.24,11.9999997276896,11.2821764344552,11.2861689638209
4.26,11.9999998665122,11.3260142348211,11.2862018207008
4.28,11.9999999749753,11.3385457812838,11.2862273602081
4.3,11.999999904264,11.3105695909587,11.2862471444104
4.32,11.9999995666141,11.2664266593115,11.2862625580455
4.34,11.9999994592588,11.2985280232498,11.2862745357776
4.36,11.9999997313254,11.3315468755027,11.2862837106768
4.38,11.9999998329028,11.3506438337097,11.2862908606709
4.4,11.9999997361553,11.3805158034414,11.286296432716
4.42,11.9999996788049,11.4080695470053,11.286300742365
4.44,11.999999950991,11.360911459122,11.2863040160419
4.46,12.0000001085168,11.4225908748323,11.2863065341803
4.48,12.000000222455,11.4191770555672,11.2863085458306
4.5,12.0000003540753,11.3170853943746,11.2863101284886
4.52,12.0000003334632,11.2734553858784,11.2863113364384
4.54,12.000000307333,11.2881696951237,11.2863122618681
4.56,12.0000002508104,11.371087135821,11.2863130374209
4.58,12.0000001150955,11.3882176780229,11.2863136725083
4.6,12.0000000374139,11.398758175541,11.2863141894002
4.62,12.000000256902,11.4243745878378,11.2863146182824
4.64,12.0000002593219,11.4397103583193,11.2863149468033
4.66,11.9999996618446,11.440537812925,11.2863151962704
4.68,11.9999998767591,11.4361758834128,11.2863153779832
4.7,12.0000001223043,11.4447120785016,11.2863154904353
4.72,12.000000375554,11.4494633698563,11.2863155613533
4.74,12.0000000086531,11.4456602671703,11.2863156626116
4.76,11.9999999081777,11.4520148679294,11.2863157417091
4.78,11.9999996487816,11.4973563380025,11.2863156772862
4.8,11.9999997767328,11.4396674525436,11.2863156725415
4.82,12.0000000226256,11.5061215643679,11.2863157205639
4.84,12.0000000342201,11.5639417703076,11.2863158111618
4.86,12.0000000462191,11.4628279215207,11.2863158042172
4.88,11.9999998579823,11.4516703138316,11.2863157776703
4.9,11.9999996030246,11.487232514137,11.2863157024454
4.92,12.0000000682235,11.4614885480284,11.2863156710053
4.94,12.000000047798,11.4601756257954,11.2863156983821
4.96,12.0000000486871,11.4570248643094,11.2863157220711
4.98,12.0000000680739,11.3660486337166,11.2863157429831
5,11.9999998487277,11.3671896099009,11.2863157195759
5.02,11.9999997995629,11.3455933855375,11.2863156477225
5.04,12.0000000392295,11.3459405984339,11.2863156899136
5.06,11.9999999796056,11.357994262983,11.2863157183577
5.08,11.999999704006,11.3218295300754,11.2863157406208
5.1,11.9999997764453,11.379301319423,11.2863157619817
5.12,11.9999998717968,11.3299048491948,11.2863157323722
5.14,11.9999999363071,11.2802010319455,11.2863156990392
5.16,11.9999999496981,11.2689795858493,11.2863157236359
5.18,11.999999969153,11.269882817192,11.2863157301707
5.2,12.0000003676635,11.2584909838364,11.286315677209
5.22,12.0000003260157,11.2800133477523,11.2863156513584
5.24,12.0000001517105,11.3095989522511,11.2863156513737
5.26,11.99999992487,11.3321518840757,11.2863156649696
5.28,11.9999999486942,11.3535603857745,11.2863156783413
5.3,12.0000000958211,11.3360857591393,11.2863156928159
5.32,11.999999679191,11.3734527695299,11.2863157879647
5.34,11.9999996797082,11.3679503897601,11.2863158530411
5.36,11.9999996830564,11.3565294678321,11.2863158668441
5.38,11.9999998118152,11.3385515519633,11.2863158297907
5.4,11.9999999383357,11.3118362472069,11.2863158060498
5.42,11.999999789311,11.2881920039721,11.2863158186048
5.44,11.9999999856439,11.295662687406,11.2863157406186
5.46,12.0000003242615,11.2999884590977,11.2863156802014
5.48,12.0000000730137,11.2215497134739,11.2863156340158
5.5,11.9999998145824,11.2087644858395,11.2863156252835
5.52,11.999999852952,11.1644939345063,11.2863156451478
5.54,12.0000002344915,11.1967309464752,11.2863156291844
5.56,12.0000006574693,11.2785647865111,11.2863156581371
5.58,11.9999997095505,11.2809768924997,11.2863157519108
5.6,11.9999997053822,11.2279807863593,11.2863157717842
5.62,12.0000003133387,11.1920672765599,11.2863157327901
5.64,12.0000002230656,11.2493128618966,11.2863157106057
5.66,11.9999997687826,11.2708459578358,11.2863157737294
5.68,11.9999994125835,11.3051236874353,11.2863159117875
5.7,11.9999999029618,11.3688885710156,11.2863158193318
5.72,12.0000000045324,11.3948747301277,11.286315746698
5.74,11.9999995849625,11.4573002301212,11.286315818344
5.76,11.9999993384148,11.4769150032231,11.2863158549406
5.78,11.9999993411648,11.4287484125377,11.2863157876847
5.8,11.9999998813403,11.4370273648534,11.2863156604813
5.82,12.0000000009919,11.3830196385792,11.2863156650165
5.84,8.41229649242187,11.3690051591517,11.2863156899243
5.86,-12.0000001018981,11.3674339456561,11.2863156209061
5.88,-12.0000001018981,11.373628381423,11.2863155154243
5.9,-11.9999998767722,11.1502939913268,11.2863154341376
5.92,-11.999999715197,10.3007113885247,11.2863154847953
5.94,-11.999999801879,8.75968062261631,11.2863155493066
5.96,-12.0000002749141,7.23800623992284,10.5308483306088
5.98,-12.0000001324155,4.68648292524536,5.64627699081821
6,-11.9999999274973,3.20299444664037,1.85529586084952
6.02,-11.9999998483688,-1.05475197632468,-1.08693523712879
6.04,-11.9999998015043,-3.98287505748922,-3.37044009975461
6.06,-11.99999979018,-5.56257407894901,-5.1426987753612
6.08,-11.9999998159734,-7.08262998820165,-6.51817253054159
6.1,-11.9999998096255,-8.14764437281332,-7.5856960738281
6.12,-11.9999999831588,-8.98205301324457,-8.41421532681978
6.14,-11.9999998801654,-9.62626734151529,-9.05724018079891
6.16,-11.9999998967762,-9.96483651505897,-9.55630035819368
6.18,-11.9999999713282,-10.0780311965127,-9.94362763257759
6.2,-12.0000000009374,-10.2885755998228,-10.2442375147345
6.22,-12.0000000207311,-10.4647536140221,-10.4775448624901
6.24,-12.0000000767016,-10.559875002103,-10.6586178512512
6.26,-12.000000090361,-10.7887550332245,-10.7991509973257
6.28,-12.0000000931666,-10.8516580302739,-10.9082206546053
6.3,-12.0000004383568,-11.0185024559889,-10.9928710897236
6.32,-11.9999999053743,-11.1414526076366,-11.0585694305416
6.34,-11.999999726901,-11.2253479702336,-11.1095587954919
6.36,-12.0000000474251,-11.2645404080756,-11.1491323352106
6.38,-12.0000001713878,-11.2904100530107,-11.179845891413
6.4,-11.9999999703554,-11.3178883173933,-11.2036830936532
6.42,-11.999999443398,-11.3571039244692,-11.2221835377337
6.44,-11.9999995491793,-11.3883450847875,-11.2365418675291
6.46,-11.9999996549605,-11.3554188197598,-11.2476855216918
6.48,-11.9999997607417,-11.3766324411971,-11.256334328186
6.5,-12.0000001223814,-11.3598601360725,-11.263046808655
6.52,-12.0000000301493,-11.3362621287421,-11.2682564121701
6.54,-11.9999996175114,-11.3533282748137,-11.2722995441554
6.56,-11.9999999343762,-11.3721699453432,-11.2754374952256
6.58,-12.0000004902855,-11.3242479978892,-11.2778729232843
6.6,-12.000000253034,-11.1798748103153,-11.2797631138399
6.62,-12.0000000444018,-11.1840468328209,-11.2812301921555
6.64,-12.0000001365875,-11.162760567576,-11.2823687918315
6.66,-12.0000002808917,-11.2175791302477,-11.283252387375
6.68,-12.0000003429024,-11.2321805665567,-11.2839382244137
6.7,-11.9999997385432,-11.2255444947398,-11.2844706287685
6.72,-11.9999993034286,-11.2134555362275,-11.2848837849489
6.74,-11.9999997612648,-11.2206173426927,-11.285204397053
6.76,-11.9999997978778,-11.2302293808553,-11.2854532478057
6.78,-11.9999998996283,-11.2377561900016,-11.2856464145886
6.8,-12.0000000282857,-11.2373327488354,-11.2857963469693
6.82,-12.0000001383354,-11.2284201156775,-11.2859125842342
6.84,-12.0000002351283,-11.2096089797613,-11.2860027059071
6.86,-11.9999999206055,-11.1804504348152,-11.2860727469496
6.88,-12.0000002263304,-11.1741866348594,-11.2861271144488
6.9,-12.0000003215289,-11.1393260794748,-11.2861693312177
6.92,-12.0000004167274,-11.0991122784998,-11.2862021233081
6.94,-12.0000002284216,-11.0737398638962,-11.2862275968612
6.96,-12.0000000237611,-11.0479374505804,-11.2862473876082
6.98,-12.0000000792736,-11.0203241157905,-11.2862626812421
7,-12.0000000096778,-11.0161336743329,-11.2862746152127
7.02,-11.9999998320294,-10.9800399460393,-11.286283897373
7.04,-11.9999997235346,-10.9276809996308,-11.2862911214278
7.06,-11.9999997926358,-10.9433743819317,-11.2862966884615
7.08,-12.0000001644305,-10.9332085104843,-11.2863009660151
7.1,-12.0000003757035,-10.8991662589837,-11.2863042975711
7.12,-11.9999997855749,-10.9057176057297,-11.2863068685813
7.14,-11.9999998951737,-10.912414853069,-11.2863088265691
7.16,-11.9999999217919,-10.8822747889321,-11.2863103233437
7.18,-12.0000000827234,-10.8488307790606,-11.2863114995612
7.2,-11.9999999974027,-10.8265711766109,-11.2863124907286
7.22,-11.9999998658733,-10.8394529779797,-11.2863133044749
7.24,-12.0000002495107,-10.9256739361704,-11.2863138117702
7.26,-12.000000455527,-10.9822406251864,-11.2863142285672
7.28,-12.0000002835306,-10.9945968152738,-11.286314557654
7.3,-12.0000001277708,-10.9859076729992,-11.2863148469501
7.32,-12.0000002918859,-11.0401083392606,-11.2863150535107
7.34,-12.000000209308,-11.0796556914786,-11.2863151861288
7.36,-11.9999999929394,-11.1025118703547,-11.2863153698385
7.38,-12.0000003118742,-11.1249016492652,-11.2863155557991
7.4,-12.0000004806262,-11.1780519815094,-11.2863156639082
7.42,-12.0000001576721,-11.2517216228974,-11.2863157150145
7.44,-11.9999998197646,-11.2623900472919,-11.2863157892368
7.46,-11.9999998573246,-11.3571650717107,-11.2863158294531
7.48,-11.9999999430615,-11.2384876955264,-11.2863158151045
7.5,-12.0000000939935,-11.2889019268137,-11.2863158711269
7.52,-12.0000000209333,-11.3386575853418,-11.2863159501409
7.54,-11.9999996346856,-11.3406632187117,-11.2863159434599
7.56,-11.9999997016485,-11.3409076612779,-11.2863158671211
7.58,-11.9999997584356,-11.3839332227864,-11.2863158157826
7.6,-11.9999998903537,-11.4278264695262,-11.2863157939918
7.62,-11.9999999452029,-11.410552065868,-11.2863158088616
7.64,-11.9999999404452,-11.3545818891022,-11.2863158050179
7.66,-11.999999907551,-11.3590939446559,-11.2863157207021
7.68,-11.9999998595561,-11.3759395261191,-11.2863156693639
7.7,-11.9999998169469,-11.3556184726145,-11.2863156414774
7.72,-11.9999997328425,-11.3985786685743,-11.2863156476125
7.74,-11.9999996308923,-11.3989772522577,-11.2863156639236
7.76,-11.9999997212076,-11.398830538183,-11.2863156755811
7.78,-11.9999996131886,-11.3826754556377,-11.2863156777021
7.8,-11.9999995051696,-11.3645954873092,-11.2863156692418
7.82,-12.000000105468,-11.368670566376,-11.2863156537035
7.84,-12.0000005307555,-11.3918950444869,-11.2863156239339
7.86,-12.0000000370448,-11.4401431971886,-11.2863155793616
7.88,-11.9999997785355,-11.4504952492686,-11.2863155637863
7.9,-11.9999998632867,-11.452528798796,-11.2863155289523
7.92,-11.9999999714107,-11.4606051420356,-11.2863154791716
7.94,-12.0000001127067,-11.4767061907618,-11.2863155669416
7.96,-12.0000001447443,-11.4896920730659,-11.2863157246145
7.98,-12.000000250116,-11.4477710193545,-11.2863157430252
8,-12.000000250116,-11.424173447468,-11.2863157028794
8.02,-12.0000003328206,-11.4039903524071,-11.2863156895678
8.04,-12.0000006061509,-11.3915902426131,-11.2863157020044
8.06,-12.0000001931547,-11.4270069147862,-11.2863157414094
8.08,-11.9999999288237,-11.4119784983196,-11.2863157787384
8.1,-11.999999850009,-11.3914668356056,-11.2863158298982
8.12,-11.9999998386053,-11.3460396621282,-11.286315869604
8.14,-11.99999985701,-11.3279784301297,-11.2863159178354
8.16,-12.000000127225,-11.4097709975415,-11.2863160128239
8.18,-11.9999999347813,-11.3892228567432,-11.2863159995806
8.2,-11.9999998416144,-11.3612317446056,-11.2863159336418
8.22,-12.0000000353856,-11.3412179674776,-11.2863158658698
8.24,-12.0000001047117,-11.3209397137324,-11.2863158108697
8.26,-12.0000003000117,-11.2956101538524,-11.2863157720588
8.28,-12.0000001312011,-11.2987790741526,-11.2863157988368
8.3,-11.9999999195299,-11.2630264969268,-11.2863157790963
8.32,-11.99999980122,-11.2642049816709,-11.2863157441573
8.34,-11.9999997155893,-11.2736242360393,-11.2863157578432
8.36,-11.9999996880016,-11.2748150925796,-11.2863157830632
8.38,-11.9999997586075,-11.2577836940835,-11.2863158437613
8.4,-11.9999994833136,-11.2470588254028,-11.2863158553232
8.42,-11.9999997249192,-11.2540212413024,-11.2863158197248
8.44,-11.9999998278555,-11.2800060934998,-11.2863157671836
8.46,-11.9999998515042,-11.2995324805427,-11.2863157083744
8.48,-11.9999996564531,-11.2600617234013,-11.2863156569226
8.5,-11.999999805147,-11.2210731480404,-11.2863156318577
8.52,-12.0000000514318,-11.2322789591072,-11.2863155544355
8.54,-11.9999999680215,-11.2590921540118,-11.2863155452224
8.56,-12.0000000664827,-11.2820739963708,-11.2863155597473
8.58,-12.0000001490603,-11.3404484478086,-11.2863155760001
8.6,-12.0000001983103,-11.3614731144051,-11.2863155475419
8.62,-12.0000002341303,-11.3883679814504,-11.2863155567658
8.64,-12.0000001695085,-11.4593148370485,-11.2863156157851
8.66,-12.000000046053,-11.4851562989353,-11.2863156440269
8.68,-11.9999998648221,-11.4817411857302,-11.2863156866789
8.7,-12.0000000276016,-11.4684726177727,-11.2863157371701
8.72,-12.0000000730552,-11.4891660060457,-11.2863157867277
8.74,0.927800503680491,-11.5268543266671,-11.2863158327326
8.76,12.0000004647024,-11.482904980904,-11.2863158548302
8.78,12.0000003951079,-11.4728728578285,-11.2863158459842
8.8,11.999999844475,-11.2627019583157,-11.2863158009567
8.82,11.9999999371324,-10.6406862715847,-11.286315800287
8.84,11.9999998400771,-9.63666030192099,-11.2863158093384
8.86,12.0000005943846,-7.67549039906959,-8.56409248616682
8.88,12.0000005644769,-5.23331794014015,-4.1198514054326
8.9,12.000000335699,-2.49922802938318,-0.67061649196812
8.92,12.0000000551316,2.63547342103648,2.00638072924146
8.94,11.9999995081929,3.82684605081892,4.08403408711464
8.96,11.9999997431737,6.6954343532907,5.69652861868693
8.98,11.9999999076866,7.94278993461706,6.948007344653
9,11.999999925145,8.67677774247789,7.91929671149774
9.02,12.0000002386402,9.42851615464038,8.67312732835097
9.04,12.0000002600874,10.1561801918232,9.25818529072032
9.06,12.0000000833634,10.478107540551,9.71225648314172
9.08,12.0000000809753,10.603434192018,10.0646672565905
9.1,12.0000003593733,10.7592935429402,10.3381780047024
9.12,12.0000000537353,10.9250440125936,10.5504533571875
9.14,11.9999997899323,11.0006388174054,10.7152031626655
9.16,11.9999997782895,11.1138379595871,10.8430676941352
9.18,11.9999997981832,11.2213845404577,10.9423050295132
9.2,11.99999987248,11.2961787714101,11.0193244519311
9.22,11.9999999219651,11.356944717759,11.0791003141435
9.24,11.9999996901181,11.3694718263041,11.1254930957301
9.26,12.0000000600503,11.3623365906144,11.1614990983027
9.28,11.9999994560085,11.3638075753603,11.1894438358954
9.3,11.9999994504607,11.374192124503,11.211132124588
9.32,11.9999997027127,11.3327760637764,11.2279647110882
9.34,11.9999998378804,11.360987959824,11.241028716965
9.36,11.9999998142247,11.3799297894241,11.2511678177887
9.38,11.9999998592767,11.3470774691443,11.2590369874082
9.4,11.9999999893522,11.3127848385876,11.2651442279772
9.42,12.0000001216132,11.2786861712544,11.2698841378764
9.44,12.0000000055476,11.2248017098341,11.2735628984451
9.46,11.9999998894821,11.2040716390025,11.2764180621747
9.48,12.0000001519441,11.1255284181325,11.2786339879414
9.5,12.0000001819247,11.0532394886269,11.2803538070454
9.52,11.9999999161273,11.0111778027359,11.2816886090384
9.54,11.999999888095,10.9365944463417,11.2827245945637
9.56,12.0000003977939,10.93277344223,11.2835286123422
9.58,11.9999999986754,10.9341249288324,11.2841525968509
9.6,11.9999999953897,10.932230854027,11.2846369348385
9.62,12.0000004194614,10.897175161176,11.28501284234
9.64,12.0000004142681,10.8988075803554,11.2853045332089
9.66,12.0000002502301,10.9047863727232,11.2855309124898
9.68,12.0000000522659,10.9595786930222,11.2857067158047
9.7,11.9999998543016,10.987027264234,11.2858430750652
9.72,11.9999999431705,11.0211250796555,11.2859489046187
9.74,11.9999998502687,11.0874113747669,11.2860311296475
9.76,11.9999998067769,11.1216052300141,11.2860949444983
9.78,11.999999831257,11.1536223678094,11.2861444375156
9.8,11.999999856973,11.2278953791576,11.2861828080226
9.82,11.9999998832052,11.2511807386206,11.2862125462005
9.84,11.9999997452906,11.2239127183498,11.2862356451112
9.86,11.9999997528822,11.2029891905759,11.2862535529223
9.88,11.9999997671656,11.1886639571572,11.2862674422558
9.9,11.9999994848537,11.1732983894187,11.286278227108
9.92,11.9999999821161,11.1555658548107,11.2862866027911
9.94,11.9999998520129,11.137249273645,11.2862931087945
9.96,11.9999996459427,11.1736174190542,11.2862981291498
9.98,11.999999982197,11.1798329475398,11.2863020271133
10,12.0000001043695,11.1358274889182,11.2863050553826
10.02,12.0000001963773,11.1026471854462,11.2863073462161
10.04,12.0000002883851,11.1140407037303,11.2863092288718
10.06,12.0000002666792,11.1144714579812,11.28631066263
10.08,12.0000004420258,11.1759369260464,11.2863117319965
10.1,12.0000003053336,11.1836050781459,11.2863126327516
10.12,12.0000001869106,11.1902376555307,11.2863133575658
10.14,12.0000001021739,11.2037050655118,11.2863139394779
10.16,11.9999999703798,11.2056172317151,11.2863144104819
10.18,11.9999999419857,11.2011501399311,11.2863147714637
10.2,11.9999999697883,11.202382016722,11.2863150885495
10.22,11.9999996333678,11.2043635492321,11.2863153058606
10.24,12.0000001662673,11.2004849620674,11.2863154495821
10.26,12.0000005539708,11.2813580924946,11.2863155432832
10.28,11.9999997459892,11.2727204998871,11.2863155882539
10.3,11.9999999790831,11.2832334445675,11.2863156171772
10.32,12.000000077228,11.2562079924291,11.2863156454794
10.34,12.0000000000594,11.2542893336679,11.2863155966046
10.36,12.0000000731513,11.2464059011721,11.2863156708856
10.38,12.0000001800795,11.2257826611728,11.2863158101752
10.4,11.9999997237571,11.2272085589063,11.2863157481421
10.42,11.9999999473171,11.258352145005,11.2863157490802
10.44,11.9999997940834,11.2817128392957,11.2863157704748
10.46,11.99999969063,11.2623753071872,11.28631577083
10.48,11.9999998354969,11.3498442755046,11.2863157864967
10.5,12.0000000891287,11.3021428083141,11.2863158211718
10.52,12.000000393673,11.3177870688796,11.2863157519952
10.54,11.9999996657357,11.3348680252574,11.2863157453817
10.56,12.0000004405086,11.313876782667,11.2863157079822
10.58,12.0000002636734,11.2469285631697,11.2863156571717
10.6,12.0000001666626,11.2634428659244,11.2863156482417
10.62,12.0000002343065,11.3395801229029,11.2863156947187
10.64,12.0000003019503,11.3975188909166,11.2863157949183
10.66,12.0000001917368,11.4053181356849,11.2863157194019
10.68,11.9999998789997,11.3945082531501,11.2863158239375
10.7,12.0000002008168,11.4122892967875,11.2863158678326
10.72,11.9999997554544,11.3901931745877,11.2863158814725
10.74,12.0000001500536,11.3315261696734,11.2863159063024
10.76,12.0000002253356,11.348843494939,11.2863159398171
10.78,12.0000001148479,11.3567891465225,11.2863159426205
10.8,12.0000000224058,11.3489332058082,11.2863158789429
10.82,11.9999999885119,11.3508540114815,11.2863158972872
10.84,11.9999999968399,11.3638678777873,11.286315817744
10.86,11.9999999350376,11.353570157175,11.2863158391006
10.88,11.999999832607,11.3084334668094,11.2863158715281
10.9,12.0000003331343,11.2686100689323,11.2863158734299
10.92,12.0000003262223,11.2213406352694,11.2863158554403
10.94,12.0000002008494,11.1924124647713,11.2863158343412
10.96,11.9999999116771,11.2312996841325,11.2863158197196
10.98,11.9999997476091,11.2221449670051,11.2863157953578
11,11.9999999448922,11.2202536084625,11.2863157548813
11.02,12.000000266662,11.1777003743191,11.2863158288636
11.04,12.0000002648464,11.2000916149806,11.2863158848268
11.06,12.0000002604429,11.1721457360364,11.2863159018607
11.08,12.000000017566,11.1643893591769,11.2863158541895
11.1,11.9999997307584,11.1941961121376,11.2863157826433
11.12,11.9999997948144,11.1676766718302,11.2863157686574
11.14,12.0000002114007,11.2019632167881,11.2863158255583
11.16,12.0000001245475,11.1732989410411,11.2863158693375
11.18,12.0000000153929,11.204146820884,11.2863159023879
11.2,11.9999999353537,11.2420131046724,11.2863158768959
11.22,12.0000000481023,11.2026041598259,11.2863157967177
11.24,12.0000000102933,11.2095661902413,11.2863157479787
11.26,11.9999998429462,11.1860289534071,11.2863157978728
11.28,11.9999996877675,11.1682152435982,11.2863158183075
11.3,11.9999999563526,11.1572903487239,11.2863158111823
11.32,12.0000001531582,11.1083657275081,11.2863157887985
11.34,12.0000002629221,11.1090033562049,11.2863157951676
11.36,11.9999999436462,11.0757643173268,11.2863157921494
11.38,12.0000000879173,11.1289472860106,11.2863157545683
11.4,12.0000002926809,11.1168130675618,11.286315692725
11.42,12.0000001339323,11.1365517139,11.2863157012839
11.44,12.0000000200999,11.1900264592931,11.2863157493682
11.46,11.9999999556207,11.2134846548786,11.2863158098001
11.48,11.9999998528004,11.2253815581781,11.2863157894719
11.5,11.9999999572693,11.2574458566733,11.2863158040742
11.52,12.0000000236412,11.2673927560179,11.2863158585245
11.54,11.9999998437658,11.2960568116802,11.2863158673563
11.56,11.999999915006,11.2823537154855,11.2863158502409
11.58,11.9999999080019,11.2908007174825,11.28631582338
11.6,12.0000003101096,11.3662965056158,11.2863157808818
11.62,11.9999999907277,11.3803528913046,11.2863157698966
11.64,11.9999999766958,11.4034557653673,11.2863157753469
11.66,12.0000004404271,11.4186120393868,11.2863157417003
11.68,12.0000001082459,11.3885923198926,11.2863157305878
11.7,11.9999994452744,11.3660953628259,11.2863157204885
11.72,11.9999995414409,11.3829201408825,11.2863157973225
11.74,12.0000001355184,11.4337011531006,11.2863157897019
11.76,12.0000001752229,11.3718961279765,11.2863157808326
11.78,12.0000000535267,11.3725773705576,11.2863158715976
11.8,11.9999998995065,11.3785731286635,11.2863158720936
11.82,11.9999997715433,11.3938952101692,11.2863157328759
11.84,11.9999996577299,11.4119598282149,11.2863156450771
11.86,11.9999995544207,11.3465300258358,11.2863157020309
11.88,12.000000148657,11.3135147166463,11.2863157545941
11.9,11.9999998716564,11.3351671965525,11.2863157697634
11.92,11.9999998207817,11.3516360376208,11.2863157491043
11.94,12.0000001927145,11.3184041920906,11.2863157061251
11.96,12.0000000220624,11.3064093820683,11.2863156488025
11.98,11.9999998807675,11.3315401973342,11.2863155825597
12,-4.11027789374189,11.3846562524646,11.2863156562769
12.02,-11.9999999524064,11.4646964570893,11.2863156551615
12.04,-11.9999998189811,11.4640150766078,11.286315643583
12.06,-11.9999999592205,11.4003691261746,11.2863157129151
12.08,-12.0000000016447,10.6610817135213,11.2863157307903
12.1,-11.9999995865413,9.02110033506944,11.2863157149108
12.12,-11.9999995326682,7.77555353033479,7.8939541207846
12.14,-11.9999998496917,5.70769062891731,3.599748167301
12.16,-11.999999954545,2.31304317109793,0.266957535704088
12.18,-11.9999999733023,-1.12026582383315,-2.31966586681241
12.2,-11.9999999920597,-3.53375032547096,-4.32717888500313
12.22,-11.9999999584246,-6.38087334123567,-5.88523649410728
12.24,-12.000000019939,-7.74632275897495,-7.09446582647281
12.26,-12.0000004009749,-8.4997828480753,-8.03296494706779
12.28,-12.0000001652994,-9.13105008989578,-8.76134668561095
12.3,-12.0000002538337,-9.68929236231959,-9.32665349626799
12.32,-12.0000000061355,-9.85928275656482,-9.76539567486587
12.34,-11.999999667866,-10.0294003948069,-10.1059093391543
12.36,-11.9999999392211,-10.1522712862202,-10.3701865600783
12.38,-12.0000004577318,-10.2776805493144,-10.5752957252074
12.4,-11.9999997426082,-10.4843673202023,-10.7344836412175
12.42,-11.9999998251944,-10.7307407773903,-10.858031530028
12.44,-12.0000001620568,-10.9603524879678,-10.9539186463738
12.46,-12.0000000671097,-11.1882210179886,-11.0283378482771
12.48,-11.9999996638237,-11.3210868031039,-11.0860956430967
12.5,-11.9999997854674,-11.491275567349,-11.1309223491374
12.52,-12.0000003615996,-11.5986628979528,-11.1657128045033
12.54,-11.9999999175772,-11.5641540243767,-11.1927141594973
12.56,-11.9999999875562,-11.4379802851919,-11.2136703430854
12.58,-12.000000302775,-11.3473675808798,-11.2299346973868
12.6,-12.0000001342156,-11.3303777812276,-11.2425575953155
12.62,-12.0000001192616,-11.2724530427648,-11.2523544207974
12.64,-12.0000000561397,-11.1837914682547,-11.2599579893673
12.66,-11.999999647552,-11.1291213416637,-11.2658591271057
12.68,-11.9999999238582,-11.1286941328494,-11.2704390937461
12.7,-12.0000002572911,-11.1365970816254,-11.2739937334719
12.72,-12.0000001068368,-11.1407422876038,-11.2767525013996
12.74,-11.9999999849684,-11.1690267768599,-11.2788936149277
12.76,-12.0000002333911,-11.2032534488774,-11.2805553484747
12.78,-12.0000003232278,-11.2109616258522,-11.2818449560633
12.8,-12.0000000453995,-11.2087530764094,-11.2828458959387
12.82,-11.9999999358722,-11.1832995524877,-11.2836228089713
12.84,-12.0000002980771,-11.1993970897468,-11.2842257498829
12.86,-12.0000003099857,-11.225037067869,-11.2846936747245
12.88,-12.0000003587481,-11.1920954015012,-11.2850568897616
12.9,-11.999999601474,-11.1497630015308,-11.2853388047255
12.92,-11.9999997163107,-11.231648054115,-11.2855575441959
12.94,-11.9999994211692,-11.2041120548309,-11.2857272877604
12.96,-11.9999996879435,-11.1845378314046,-11.2858591042805
12.98,-12.0000001136266,-11.2795035260529,-11.2859614113519
13,-12.0000000945193,-11.2791996029757,-11.2860408235059
13.02,-11.9999998647131,-11.2697402372132,-11.2861022968804
13.04,-11.999999759506,-11.281569295576,-11.2861500313696
13.06,-11.9999996168478,-11.2450155964595,-11.2861870165966
13.08,-11.9999996427676,-11.171996995142,-11.2862157775008
13.1,-11.9999997338405,-11.1513453569838,-11.2862381888598
13.12,-11.9999997508228,-11.056947940455,-11.2862555785917
13.14,-11.9999998532383,-11.036655334446,-11.2862690266046
13.16,-12.0000000831929,-10.9042932912225,-11.2862794416336
13.18,-12.0000001337536,-10.8579081184522,-11.2862874948372
13.2,-12.0000001774394,-10.9046997552285,-11.2862937504941
13.22,-12.0000002767709,-10.9119285148107,-11.2862986247705
13.24,-12.0000003279717,-10.9124266236565,-11.2863024113375
13.26,-12.0000003330334,-10.9093874079922,-11.2863053717085
13.28,-12.0000002485342,-10.8908021543177,-11.2863077177139
13.3,-12.0000000229554,-10.8817006766844,-11.2863095491267
13.32,-11.9999999364538,-10.8764713980608,-11.2863109797097
13.34,-11.9999998750078,-10.8700760221787,-11.2863121109205
13.36,-11.9999996926485,-10.9099830445546,-11.2863129996499
13.38,-11.9999996574313,-10.9377998339727,-11.2863136904704
13.4,-12.0000003085492,-10.9411821379833,-11.2863142088324
13.42,-11.9999999846275,-10.8791881786631,-11.2863145636396
13.44,-12.00000015247,-10.9451304749304,-11.2863148207955
13.46,-11.9999998432596,-10.9431828512463,-11.2863150074389
13.48,-11.9999997358964,-10.9745554918804,-11.2863151138956
13.5,-11.9999998048157,-10.9357142334098,-11.2863151891024
13.52,-11.9999998805414,-10.9303811143509,-11.2863153845782
13.54,-11.9999999389347,-10.9819505745054,-11.2863154680809
13.56,-11.9999999283527,-11.0306577594879,-11.2863155682313
13.58,-11.9999998216454,-11.0178074512745,-11.2863155808485
13.6,-12.0000001025145,-11.0696637838067,-11.2863155680333
13.62,-12.0000001191301,-11.1219842637419,-11.2863155725997
13.64,-11.999999915632,-11.1447304688387,-11.2863155920894
13.66,-11.9999998376675,-11.1939506490604,-11.2863156195115
13.68,-12.0000000343913,-11.180808146581,-11.2863156385659
13.7,-12.0000002244946,-11.1616526919508,-11.2863156308849
13.72,-12.0000002660377,-11.1565641298747,-11.2863156840664
13.74,-12.0000001343205,-11.1458368901952,-11.2863157288401
13.76,-12.0000000081438,-11.1397022987479,-11.2863157207387
13.78,-11.999999902995,-11.13642792422,-11.286315698034
13.8,-12.0000000041357,-11.1428856647657,-11.286315721837
13.82,-12.0000002487048,-11.1454688637629,-11.2863157803411
13.84,-12.0000002145435,-11.1437919199383,-11.2863158344947
13.86,-12.0000001781202,-11.1994245069244,-11.2863158487882
13.88,-11.9999999292002,-11.2369488981487,-11.2863158333123
13.9,-11.9999997284887,-11.2369488981487,-11.28631579916
13.92,-11.999999800607,-11.2369972778036,-11.2863157939513
13.94,-12.0000001476139,-11.2330480647811,-11.2863158414079
13.96,-12.000000170858,-11.262430863052,-11.2863158710463
13.98,-12.0000000334762,-11.2886296380562,-11.2863158863793
14,-11.999999786817,-11.3036326156038,-11.2863158458641
14.02,-11.9999995817061,-11.3061245567478,-11.2863157721556
14.04,-11.9999996357685,-11.2719836472379,-11.2863157301355
14.06,-11.9999998760349,-11.2570573447808,-11.2863157705928
14.08,-12.0000001163013,-11.3031117598981,-11.2863158068868
14.1,-12.0000002903179,-11.3602444820525,-11.2863158061264
14.12,-12.0000000870422,-11.3699900938665,-11.2863157535969
14.14,-12.0000000076378,-11.364037982994,-11.2863156696376
14.16,-12.000000510898,-11.3506212030721,-11.2863156158596
14.18,-11.9999999478999,-11.3660641236333,-11.2863156247151
14.2,-12.0000001322789,-11.3948917758926,-11.2863156821811
14.22,-12.0000005072065,-11.4091189179274,-11.2863157634241
14.24,-12.0000004682854,-11.3791394646351,-11.2863157836739
14.26,-12.0000002758827,-11.3848174269437,-11.2863157826697
14.28,-12.0000003372065,-11.4505891973504,-11.2863158878625
14.3,-12.0000001861664,-11.4841841910307,-11.2863158509528
14.32,-12.0000000660655,-11.4739003682911,-11.2863158611316
14.34,-11.9999998518506,-11.4540753782008,-11.2863159479805
14.36,-11.9999999986378,-11.4272234960794,-11.2863160071895
14.38,-12.0000003822476,-11.4450440201704,-11.2863160126278
14.4,-12.0000001172469,-11.4482360859779,-11.2863160297616
14.42,-12.0000000631892,-11.4267728865976,-11.2863160112547
14.44,-11.9999998302117,-11.4519666911632,-11.2863159716014
14.46,-11.9999997979178,-11.4488922293201,-11.2863158957185
14.48,-12.000000295123,-11.4709880725547,-11.2863158677339
14.5,-12.000000177599,-11.4553696029131,-11.2863159267919
14.52,-12.0000000200459,-11.4337477850253,-11.2863159168261
14.54,-11.9999999233073,-11.4307972281314,-11.2863158977084
14.56,-11.9999999502449,-11.4369136113382,-11.2863158338126
14.58,-12.0000000327814,-11.4310264395599,-11.2863157774221
14.6,-11.9999999748792,-11.3813885417951,-11.2863158383537
14.62,-11.9999999050346,-11.4117251635324,-11.2863158608964
14.64,-11.999999615647,-11.4232075314521,-11.2863158452159
14.66,-11.9999994914816,-11.368761492907,-11.2863158126758
14.68,-11.9999996990278,-11.423134371,-11.2863157930932
14.7,-11.9999997624474,-11.4283346880953,-11.2863157952747
14.72,-11.9999997149437,-11.3952064611453,-11.2863157847752
14.74,-11.9999997155324,-11.3685712238229,-11.2863157619192
14.76,-12.0000001188859,-11.3686380687965,-11.2863156832436
14.78,-12.0000001443521,-11.369246318889,-11.2863155960368
14.8,-12.0000001100516,-11.3725076815299,-11.2863155720577
14.82,-12.0000001100516,-11.3765588251472,-11.2863155668015
14.84,-12.0000002621227,-11.3666649458746,-11.2863155527192
14.86,-12.000000202309,-11.3614867902185,-11.2863155419137
14.88,-12.0000001536916,-11.2802701616378,-11.2863156184621
14.9,-11.9999998606223,-11.3729279242146,-11.2863156832347
14.92,-11.9999998997856,-11.3451423122526,-11.2863157262829
14.94,-12.0000000513098,-11.3633862164792,-11.2863157596932
14.96,-12.0000001241225,-11.429505068392,-11.2863158176452
14.98,-11.9999999694487,-11.5094600368112,-11.2863158500275
15,-11.9999999760209,-11.5320801525247,-11.2863158649224
15.02,-12.0000002981308,-11.5506331638558,-11.2863158147705
15.04,-12.000000144093,-11.5747933659575,-11.2863157840937
15.06,-11.9999998236976,-11.5926783134853,-11.2863157921916
15.08,-12.0000000159767,-11.5733412297626,-11.2863158138088
15.1,-11.9999998744117,-11.5803643794262,-11.2863157980163
15.12,-11.9999996579059,-11.5433240339895,-11.2863157871434
15.14,-11.9999997074089,-11.5386227539082,-11.2863158465319
15.16,-11.999999957006,-11.5233204436045,-11.2863158601883
15.18,-11.9999998691423,-11.490568452545,-11.286315803321
15.2,-12.0000002812595,-11.5046026903978,-11.2863157996741
15.22,-11.9999999100566,-11.4946300432473,-11.2863157670341
15.24,-11.9999995243444,-11.4474495441377,-11.2863156961119
15.26,-11.9999995089613,-11.4835641796494,-11.2863156514921
15.28,-11.9999997112655,-11.4944698500119,-11.2863156694201
15.3,-12.0000001146559,-11.4734594492642,-11.2863156648326
15.32,-12.0000001146559,-11.449612985169,-11.2863157480523
15.34,-12.0000001123677,-11.4592848278668,-11.2863157344755
15.36,-1.30514361832029,-11.4714725031143,-11.2863156427185
15.38,12.0000005247069,-11.4716686400689,-11.2863155682654
15.4,12.0000003694137,-11.4361584099884,-11.2863155530809
15.42,12.000000082859,-11.3895509531685,-11.2863156262383
15.44,11.9999998674196,-11.0845227269164,-11.2863156830168
15.46,11.999999943806,-10.0684615392502,-11.2863157266015
15.48,11.9999999525179,-8.65079532489384,-9.03428629196694
15.5,11.9999998526918,-6.13971573320546,-4.48477509258979
15.52,11.9999996967486,-2.50980111280663,-0.953838650491974
15.54,11.9999996455924,-0.00597641189481968,1.78656827515435
15.56,11.999999733235,2.96759102891963,3.91343468763589
15.58,12.0000003176875,5.33109235416179,5.56412416545495
15.6,11.9999996203685,7.27457863919591,6.84524634291892
15.62,11.9999998505882,8.70631771369204,7.83954237412038
15.64,12.0000001856959,9.5494402037492,8.61122878614719
15.66,12.0000004105075,10.0165589907835,9.21014491821368
15.68,12.0000003802897,10.2950700474614,9.67497175506361
15.7,12.0000003317895,10.6217984313385,10.0357302015593
15.72,12.0000003107531,10.7914408067006,10.3157195088651
15.74,12.0000001778779,10.945594178794,10.533023002569
15.76,11.9999998610062,11.1567573372754,10.7016752202307
15.78,11.999999583281,11.2128552396007,10.8325685087993
15.8,11.9999995257647,11.2994989162074,10.9341565339102
15.82,11.9999998429993,11.3485528516821,11.0130003483518
15.84,11.9999997280978,11.3272497583787,11.074192082556
15.86,11.9999998998838,11.3096064169899,11.1216837777063
15.88,12.0000001106323,11.3547165263768,11.158542650615
15.9,12.0000002255819,11.429280596237,11.1871492562501
15.92,12.0000001769876,11.4928312541033,11.2093512132803
15.94,12.0000000468217,11.5177996479659,11.2265825158014
15.96,11.9999999269322,11.4951042284661,11.2399559358983
15.98,11.9999999404241,11.4443492176264,11.2503352622289
16,11.999999960356,11.4016431164216,11.258390840557
16.02,11.9999999975987,11.3433265674758,11.2646429068161
16.04,11.9999999975987,11.2568453508658,11.2694952088057
16.06,12.0000001021941,11.1363580850287,11.2732611178523
16.08,12.0000001416809,11.0019531121006,11.2761838649732
16.1,11.9999999808896,10.9272056272881,11.2784522509357
16.12,11.9999998145121,10.8421170358906,11.2802127798097
16.14,11.9999999426259,10.8150375845515,11.2815791576515
16.16,12.0000000751696,10.7816105445971,11.2826396217649
16.18,12.0000003397166,10.7776597626131,11.2834626841679
16.2,12.0000000834579,10.7865783386836,11.284101482219
16.22,11.9999994569595,10.8298515809937,11.2845972280701
16.24,11.9999994569595,10.8829822174633,11.2849819480195
16.26,11.9999996100399,10.9179536778224,11.2852805612936
16.28,11.9999997566623,10.9458723396629,11.2855123469584
16.3,11.999999791698,10.9848323899952,11.285692294618
16.32,11.9999998969934,11.0529193508372,11.2858319004421
16.34,12.0000000630229,11.0931873687009,11.2859401184664
16.36,12.0000002971092,11.0930689539009,11.286024107922
16.38,12.0000003534592,11.0859748356231,11.2860893254959
16.4,12.0000003534592,11.088355591485,11.2861399726015
16.42,12.0000003049768,11.0987118094345,11.2861792878749
16.44,11.9999997537261,11.1464729476956,11.2862098231565
16.46,11.9999999287649,11.1551283607896,11.2862335569579
16.48,12.0000002096346,11.1667157302116,11.2862520263703
16.5,12.0000003846128,11.1539459311578,11.2862663725939
16.52,12.0000004164557,11.1778839336541,11.2862775068899
16.54,12.0000001921644,11.1559888565848,11.2862861381569
16.56,12.0000000086832,11.1571805654297,11.2862927209211
16.58,11.9999998443677,11.187411574064,11.2862978667505
16.6,11.9999998443677,11.1907968416827,11.2863019196407
16.62,12.0000000835341,11.1940789657052,11.2863051019883
16.64,12.0000000461133,11.1940789657052,11.286307578556
16.66,11.9999997728453,11.187148572934,11.286309453424
16.68,11.9999999846288,11.1666896573009,11.2863108698983
16.7,12.0000001959041,11.1773126009061,11.2863119346428
16.72,11.999999988168,11.19688500345,11.2863127610052
16.74,11.999999831701,11.1990599826303,11.2863134527177
16.76,11.9999997993972,11.2012486519517,11.2863139816853
16.78,11.9999997358639,11.1827661945492,11.2863143346818
16.8,11.9999999593964,11.1742097439548,11.2863146532425
16.82,12.0000001846017,11.1956559052216,11.2863149449703
16.84,12.0000004285906,11.1946167502538,11.2863151276409
16.86,11.9999999595583,11.2240207877268,11.2863152364665
16.88,11.9999998274981,11.2064858134648,11.2863153141253
16.9,12.0000001080356,11.1845744297215,11.286315361019
16.92,11.9999999394566,11.2296127011206,11.2863154444834
16.94,11.9999998150709,11.2322857591374,11.2863155566829
16.96,12.0000004783214,11.2272949719722,11.2863156951396
16.98,11.9999996779225,11.231589613704,11.2863157038329
17,11.9999998992428,11.1922107502041,11.2863156827718
17.02,12.0000004958662,11.181758829344,11.2863157254992
17.04,12.0000002554676,11.1349858247673,11.2863157231626
17.06,12.0000000395407,11.1967011015272,11.286315695157
17.08,11.9999998448132,11.2272480296101,11.286315813083
17.1,11.9999999443977,11.1791523624241,11.286315736066
17.12,12.0000001501425,11.1906522193935,11.2863157228957
17.14,12.0000004432311,11.2508666979607,11.2863158383059
17.16,12.0000002132394,11.2698539837221,11.2863158772562
17.18,12.0000000267687,11.2669304665394,11.286315862018
17.2,11.99999998857,11.2766143391423,11.2863158091875
17.22,11.9999999956506,11.2879714994983,11.2863157891546
17.24,11.9999999336616,11.2998554850376,11.2863158169308
17.26,12.000000035483,11.324295104045,11.2863159002043
17.28,12.0000001207906,11.3215923205231,11.2863159164043
17.3,12.0000001481869,11.3388367544925,11.286315889712
17.32,11.9999999100117,11.4044622862574,11.2863158609522
17.34,11.9999998175047,11.4248134643673,11.2863158401223
17.36,11.9999998539492,11.3721387560328,11.2863158109028
17.38,12.0000002859485,11.3783213228922,11.2863158096659
17.4,12.0000003387521,11.3926597262384,11.2863158266692
17.42,11.9999997673014,11.3366838144451,11.2863158456345
17.44,11.9999996499456,11.3236184189667,11.286315810201
17.46,11.9999996149545,11.3328447092063,11.2863157632212
17.48,11.9999995707473,11.2994232719707,11.2863157344337
17.5,11.9999997484299,11.3352210931993,11.286315803058
17.52,11.9999999319537,11.3926980812213,11.2863158674371
17.54,12.0000000907286,11.3882693063787,11.2863157970716
17.56,12.0000002495035,11.4001664622968,11.2863157177481
17.58,12.0000004627999,11.3699695663423,11.2863156488161
17.6,12.0000002089799,11.3526172070595,11.2863155860082
17.62,11.9999998908455,11.3380382103751,11.286315574677
17.64,11.9999998823592,11.3169625190829,11.2863156045275
17.66,11.999999844654,11.3284020785513,11.2863156611284
17.68,11.9999997806181,11.317105344257,11.2863157384905
17.7,11.9999997284667,11.3008327590256,11.2863158434464
17.72,11.9999999905245,11.2980736583065,11.2863158714568
17.74,11.9999999249342,11.2996196713796,11.2863158262061
17.76,11.9999998207783,11.3092713259113,11.2863157892995
17.78,11.999999806547,11.3118338412187,11.2863157527161
17.8,11.9999997823295,11.2770784380796,11.2863157108392
17.82,11.9999999282083,11.274026083795,11.2863156673563
17.84,12.0000001013933,11.2691211844082,11.2863156887905
17.86,11.9999999250154,11.2039399260749,11.2863156916145
17.88,11.9999997582361,11.1777272036283,11.2863156718739
17.9,11.9999997525232,11.1694523958208,11.2863156535564
17.92,11.9999997347254,11.156273315182,11.2863156342403
17.94,11.9999997671079,11.1371288568327,11.2863156499668
17.96,12.0000000818683,11.1296961733558,11.28631569864
17.98,11.999999520611,11.1403445625025,11.2863156992759
18,11.9999997134001,11.1470011508675,11.2863156646505
18.02,11.9999999061891,11.1536345967707,11.2863156365743
18.04,12.0000003249427,11.1526668988536,11.2863156110363
18.06,12.0000001459405,11.1618094458975,11.2863155980347
18.08,11.9999998200724,11.1363423471744,11.2863156542235
18.1,11.9999998426845,11.1312312567687,11.2863155796477
18.12,11.9999999758053,11.1247245116101,11.2863155623642
18.14,11.999999785225,11.1192618683802,11.2863155895462
18.16,11.999999772082,11.1353873911076,11.2863156988199
18.18,12.0000000085809,11.16932689469,11.286315745936
18.2,12.0000000085809,11.178945320109,11.286315713885
18.22,11.9999999110447,11.2004804472534,11.2863156937712
18.24,11.9999997487273,11.2340328581727,11.286315706192
18.26,11.9999996129865,11.2897674638014,11.2863156757013
18.28,11.9999995953412,11.2806714207365,11.2863156492695
18.3,11.999999706929,11.2898958746022,11.2863156785552
18.32,11.999999955913,11.3063448321054,11.2863157012843
18.34,12.0000000040676,11.3138476402294,11.2863156983863
18.36,11.9999998342726,11.3110108755659,11.2863156619578
18.38,11.9999997186718,11.2999630116258,11.286315605102
18.4,11.9999997935386,11.2978078578696,11.2863155572599
18.42,11.9999998231453,11.2899915327656,11.2863155436262
18.44,11.9999998702577,11.3338154803386,11.2863155854737
18.46,12.0000000370249,11.3459954887808,11.2863156280921
18.48,12.0000000311837,11.321697106052,11.2863156254149
18.5,11.999999780166,11.3051888426911,11.2863155989949
18.52,11.9999997759679,11.3359786860036,11.2863155942548
18.54,11.9999997376518,11.3868826230668,11.2863155968102
18.56,11.9999998801265,11.3950634617274,11.286315608714
18.58,12.0000000264189,11.3759414277674,11.2863156530691
18.6,11.9999998160123,11.3347826325651,11.2863156862637
18.62,11.9999999873375,11.2699994096397,11.2863156591694
18.64,12.0000004500496,11.2285893902732,11.2863156372571
18.66,12.0000001574966,11.2476326197066,11.2863156121824
18.68,11.9999996465911,11.2835233406653,11.2863156227226
18.7,12.0000003683832,11.3004096529083,11.2863156617081
18.72,12.0000002236773,11.2983115381,11.2863156476596
18.74,12.0000002094109,11.357962005887,11.2863156728326
18.76,12.0000003287864,11.4622829578491,11.2863157898035
18.78,12.0000005795487,11.4994170885102,11.286315818983
18.8,12.0000005820813,11.5244550035555,11.2863157340475
18.82,1.6969529740929,11.4931712253946,11.2863158201167
18.84,-11.9999999721942,11.535969396193,11.2863158564452
18.86,-12.0000001213982,11.4784736864004,11.2863158816361
18.88,-12.0000000956025,11.254983381896,11.2863159263242
18.9,-11.999999967387,10.6769864123085,11.2863160138105
18.92,-12.0000004545181,9.36714975629934,11.2863160822431
18.94,-12.0000004797815,7.56881069445939,9.1167903599444
18.96,-12.000000004944,6.06631707207039,4.54880771927853
18.98,-11.9999996732001,2.23218754666422,1.00353528049066
19,-12.0000001078988,-1.52417177694256,-1.74799805878635
19.02,-12.0000002271572,-3.11837289460777,-3.88349984802829
19.04,-11.9999997299986,-5.72069566717129,-5.54089144370853
19.06,-12.0000001004965,-6.59790341135948,-6.82721522794597
19.08,-12.0000000301651,-7.5776129033197,-7.82554821675003
19.1,-11.9999999462496,-9.37686289586121,-8.6003677285331
19.12,-11.9999997642634,-9.77030105655587,-9.20171560352118
19.14,-11.9999995757676,-10.0368756782024,-9.66842975522555
19.16,-11.9999998842031,-10.2058882471341,-10.0306527442594
19.18,-12.0000004115177,-10.4108254069444,-10.3117789274636
19.2,-12.0000003146823,-10.521801371776,-10.5299647024662
19.22,-12.0000001609587,-10.736547684714,-10.6993015822069
19.24,-11.9999997273772,-10.9619554158868,-10.8307261605099
19.26,-12.0000001940107,-11.0554484182661,-10.9327264933589
19.28,-12.0000002259084,-11.0828356406776,-11.0118903805096
19.3,-11.9999999937408,-10.9906371360878,-11.0733306428901
19.32,-11.9999995198266,-10.9134683786086,-11.1210152316701
19.34,-11.9999993166824,-10.8404612241878,-11.1580238462583
19.36,-11.99999954098,-10.7710505062666,-11.1867466355943
19.38,-11.9999994444864,-10.8087426307729,-11.2090388747192
19.4,-11.9999996906576,-10.8350494546195,-11.2263401862974
19.42,-11.9999999216317,-10.8824602466012,-11.2397679166667
19.44,-12.000000141883,-11.0112570883092,-11.2501892579601
19.46,-12.0000001896632,-11.0474912797773,-11.2582773575086
19.48,-12.0000001924692,-11.1272426076747,-11.2645546869474
19.5,-12.0000001868385,-11.1812872657613,-11.2694265859423
19.52,-12.0000001535848,-11.1532310229531,-11.2732077837325
19.54,-12.0000000257295,-11.0999010185905,-11.2761424705335
19.56,-11.999999815165,-11.0411622489137,-11.2784201665791
19.58,-11.9999999789775,-10.9798980320168,-11.2801879269969
19.6,-12.000000018333,-10.921298794031,-11.2815599100854
19.62,-12.0000000318177,-10.8701083881419,-11.2826247233199
19.64,-12.0000000217977,-10.8715573127598,-11.2834511321069
19.66,-11.9999998774551,-10.8930863727218,-11.284092492094
19.68,-11.999999809157,-10.9483858669261,-11.284590215817
19.7,-11.9999996082628,-10.9831498163287,-11.2849765403478
19.72,-11.9999995523783,-10.9977458186268,-11.285276380269
19.74,-11.9999998800001,-11.0294428620581,-11.2855090928806
19.76,-12.0000000921576,-11.0535923122998,-11.2856897021402
19.78,-12.0000001007062,-11.0588694454639,-11.2858298450072
19.8,-12.0000001500651,-11.0781697026487,-11.2859385973785
19.82,-12.0000000505939,-11.0639972076185,-11.2860229592455
19.84,-12.0000000049506,-11.0640019160755,-11.2860884218508
19.86,-11.9999997915477,-11.1060499711829,-11.2861392972419
19.88,-11.9999995526439,-11.1507835599066,-11.2861788269874
19.9,-11.9999998333053,-11.1682844458477,-11.2862095083516
19.92,-11.9999998874873,-11.1402969508897,-11.2862333309622
19.94,-11.9999998247644,-11.1262696016216,-11.286251799063
19.96,-11.9999996993678,-11.1354338761163,-11.2862661227918
19.98,-11.9999996569474,-11.1291310721482,-11.2862771946927
20,-11.9999996569474,-11.1753439159503,-11.2862857374368
20.02,-11.9999996600543,-11.1472247559522,-11.286292426674
20.04,-11.9999998256859,-11.1705301211963,-11.2862976296895
20.06,-11.9999999120721,-11.1739960111772,-11.2863016546118
20.08,-11.9999999213605,-11.1928124963843,-11.2863047520029
20.1,-11.9999999735679,-11.2182051403972,-11.2863071469971
20.12,-12.0000000827715,-11.2000689541601,-11.2863090057841
20.14,-11.999999729882,-11.1869019714262,-11.2863104490677
20.16,-11.9999996196322,-11.1792818415825,-11.2863116040967
20.18,-11.9999999202844,-11.1794673734019,-11.2863125187206
20.2,-11.9999999560661,-11.1928170101194,-11.2863132305283
20.22,-12.000000165393,-11.2355183787508,-11.2863137939651
20.24,-12.0000001032914,-11.2499875919579,-11.2863142542512
20.26,-11.9999995641077,-11.2404534468801,-11.2863145371769
20.28,-11.9999999195364,-11.2553319817858,-11.2863147335439
20.3,-12.0000003170571,-11.2740710764512,-11.2863149492557
20.32,-12.0000003954092,-11.2513479102273,-11.2863151242071
20.34,-12.0000000331967,-11.2204127879976,-11.2863153040674
20.36,-11.9999998129664,-11.1832447940975,-11.2863154305826
20.38,-11.9999998901269,-11.2176942078568,-11.2863154152362
20.4,-11.9999999970455,-11.2868370004423,-11.2863154781687
20.42,-11.9999997839651,-11.3093502360832,-11.2863156107178
20.44,-11.9999999554647,-11.3023836210901,-11.2863157300898
20.46,-12.0000001383078,-11.2846771947128,-11.2863157464643
20.48,-11.9999999164875,-11.2836362075068,-11.2863157127987
20.5,-11.9999998465917,-11.2645748002471,-11.2863157029181
20.52,-12.0000000708784,-11.2475469399701,-11.2863157177637
20.54,-12.0000002758786,-11.3010461120054,-11.2863156844169
20.56,-12.000000076939,-11.2647643382139,-11.2863156946489
20.58,-12.0000001022129,-11.2791194688911,-11.2863157410916
20.6,-12.0000001405552,-11.3029226099869,-11.2863157304274
20.62,-12.0000004018163,-11.2960976958364,-11.2863157074327
20.64,-12.0000001632505,-11.3251518429413,-11.2863157368146
20.66,-12.0000001587141,-11.3140786469348,-11.2863158027854
20.68,-12.0000000901246,-11.3306887159184,-11.2863158120953
20.7,-12.0000001478074,-11.3149474797561,-11.2863158246427
20.72,-12.0000002054903,-11.2760304514809,-11.2863158424548
20.74,-12.0000001285305,-11.3145092100115,-11.286315911293
20.76,-11.9999996525778,-11.3546061210672,-11.2863159144842
20.78,-11.9999999024821,-11.3307125880402,-11.2863159160057
20.8,-12.0000002415243,-11.2946058676919,-11.2863159027436
20.82,-11.9999998502379,-11.3730969459515,-11.286315904597
20.84,-12.0000001631621,-11.3909582216537,-11.2863159181818
20.86,-12.0000001920131,-11.3338697849062,-11.2863159125196
20.88,-12.0000002287636,-11.3383932889038,-11.2863158079032
20.9,-12.0000003619799,-11.3629955097784,-11.2863157793316
20.92,-12.0000002388034,-11.3620959292979,-11.2863158285494
20.94,-11.9999994671036,-11.3554955650136,-11.2863157843543
20.96,-11.9999997804103,-11.344611733392,-11.2863158159468
20.98,-12.0000000607365,-11.3568039063106,-11.2863158465413
21,-12.0000001575449,-11.4090883756706,-11.2863158780247
21.02,-12.0000000291094,-11.4637150137005,-11.2863159305109
21.04,-11.9999999348011,-11.5096156968475,-11.2863159453088
21.06,-11.9999998754108,-11.5147417588716,-11.2863157942957
21.08,-11.9999998086083,-11.4863128677723,-11.2863157430659
21.1,-11.9999996848882,-11.4768639258692,-11.2863157623344
21.12,-12.0000002473468,-11.4898694626895,-11.286315797674
21.14,-11.9999997218072,-11.5213041235926,-11.2863157980567
21.16,-11.9999997373505,-11.5106896417736,-11.2863157784951
21.18,-11.9999997373505,-11.5313098222624,-11.2863157508072
21.2,-11.9999997321994,-11.5593804365357,-11.2863157152515
21.22,-11.9999998326753,-11.5455442715343,-11.2863156616044
21.24,-12.0000005384049,-11.495371026973,-11.2863157384058
21.26,-12.0000000114133,-11.4788881369693,-11.2863156873488
21.28,-11.9999998966345,-11.4343193853488,-11.2863156509958
21.3,-12.0000000080301,-11.3555411832986,-11.2863156227818
21.32,-11.9999996127772,-11.2892339015459,-11.2863155997998
21.34,-11.9999996520504,-11.2590649266017,-11.2863156031205
21.36,-11.9999996913236,-11.2544308613242,-11.2863157543041
21.38,-11.9999997103128,-11.2429256303045,-11.2863157606705
21.4,-11.9999996564551,-11.1841185592868,-11.2863157414424
21.42,-11.9999998331599,-11.2584599268025,-11.2863157499759
21.44,-12.0000000088224,-11.2488958195948,-11.28631567337
21.46,-12.0000001571851,-11.220393312726,-11.2863156221849
21.48,-12.0000001446954,-11.2062304552308,-11.2863155907293
21.5,-11.9999999525607,-11.2175745584056,-11.2863155703147
21.52,-11.9999998190605,-11.2308626496583,-11.2863155431298
21.54,-11.9999998994835,-11.2380949358034,-11.2863155592402
21.56,-11.9999999153237,-11.2640063007641,-11.2863156087332
21.58,-11.9999999936253,-11.3154513496966,-11.2863156783863
21.6,-11.9999998441564,-11.3662249531796,-11.286315729815
21.62,-11.9999997248954,-11.3221051134474,-11.2863157292714
21.64,-12.0000000064161,-11.3432278794166,-11.2863157007383
21.66,-11.9999999951856,-11.3432278794166,-11.2863156955281
21.68,-11.9999999361182,-11.3237946151018,-11.2863156948199
21.7,-11.9999998606213,-11.3257593894876,-11.2863157107583
21.72,-11.9999997647708,-11.2912724324354,-11.2863156916545
21.74,-11.9999997897254,-11.2591934636549,-11.2863156517148
21.76,-12.000000067434,-11.2441140756806,-11.2863156799973
21.78,-11.9999996587639,-11.255906650865,-11.2863156995828
21.8,-11.9999993182957,-11.2729207146579,-11.2863157023456
21.82,-11.9999994798818,-11.2912666302273,-11.2863156885923
21.84,-11.9999995520867,-11.3328020616397,-11.2863156577348
21.86,-11.9999998242198,-11.3975011312197,-11.2863156390406
21.88,-11.9999994610019,-11.436271718321,-11.2863156830093
21.9,-12.0000000488856,-11.4186119578171,-11.2863156310798
21.92,-11.9999998934414,-11.4121003901951,-11.2863155190837
21.94,-12.0000001618023,-11.3945699210962,-11.2863154661875
21.96,-12.0000003566714,-11.4283026802272,-11.2863154403384
21.98,-12.0000002657205,-11.4029364943886,-11.2863154775799
22,-12.0000001344376,-11.3946832107929,-11.2863154300002
22.02,-11.999999891538,-11.4264893731832,-11.2863155168645
22.04,-11.9999996766771,-11.4342863579404,-11.2863155515489
22.06,-11.9999996766771,-11.457008967261,-11.286315634977
22.08,-12.0000001917914,-11.5040928321968,-11.2863157407605
22.1,-12.0000001867243,-11.5563803316489,-11.2863158037089
22.12,-11.9999999504925,-11.5392135241724,-11.2863158249196
22.14,-11.9999999753157,-11.5199658007818,-11.2863157902338
22.16,-12.0000000099801,-11.5244030146195,-11.2863157180701
22.18,-11.9999998704679,-11.5195103588333,-11.286315662063
22.2,-11.9999998693942,-11.5073248444892,-11.2863157270633
22.22,-12.0000003721662,-11.522652555839,-11.286315776444
22.24,-12.0000002233694,-11.5444969479184,-11.2863157650253
22.26,-12.0000004066698,-11.5541032410901,-11.2863157613902
22.28,-6.82696188950876,-11.5568006983879,-11.2863157658683
22.3,12.0000003083081,-11.549488288524,-11.2863157399665
22.32,11.9999996781532,-11.5414134600307,-11.2863157196377
22.34,11.9999998025644,-11.4957888118062,-11.2863158097296
22.36,11.99999973683,-10.9970572388952,-11.2863158483188
22.38,11.9999996710956,-10.1559586713992,-11.2863159168662
22.4,11.9999996291826,-8.93966315639205,-10.1970227019788
22.42,11.9999997691394,-6.95584995188086,-5.38719041328582
22.44,11.9999998940363,-4.23028579002713,-1.65421539292608
22.46,11.9999999944044,-1.22542921026431,1.24299646136904
22.48,12.0000000061354,1.2125057703658,3.49156130718705
22.5,12.0000002147643,5.16076794629372,5.23670253646046
22.52,11.9999998560493,6.51102620393538,6.59112997051242
22.54,11.9999998269511,8.40935503050584,7.64231924203111
22.56,12.0000006734202,9.20541506148938,8.4581613177426
22.58,12.0000003531369,9.83352601014515,9.09134728272085
22.6,12.0000000772659,10.2547804019007,9.58277137914164
22.62,12.0000001398996,10.4750486553354,9.96417223529298
22.64,12.000000182742,10.6480987908563,10.2601824640492
22.66,12.0000001809707,10.7684561483067,10.4899199545065
22.68,12.0000000369194,10.9017347390507,10.6682224709856
22.7,11.9999998197643,11.0835707325841,10.8066053707222
22.72,12.0000001998228,11.1518384321115,10.9140061314791
22.74,12.0000001348063,11.1981845618498,10.9973613111811
22.76,12.0000000103105,11.2140099581522,11.0620543897378
22.78,11.9999998858147,11.3031609078871,11.1122635526644
22.8,11.9999998371455,11.3693995967928,11.1512315250414
22.82,12.0000001875459,11.4164319587315,11.1814750437297
22.84,12.0000001656133,11.4670926352203,11.2049475230088
22.86,12.0000004364219,11.5588514859606,11.2231648143447
22.88,12.0000001050647,11.6229268842257,11.2373034715244
22.9,11.9999998257341,11.5889565155311,11.2482766461989
22.92,12.0000004236185,11.5138835473795,11.2567930635412
22.94,11.9999998589891,11.4300858683703,11.2634028427005
22.96,12.0000001176849,11.3239676750264,11.2685327760692
22.98,11.999999857984,11.1606648855483,11.2725142429751
23,11.9999996015459,11.059225586802,11.2756042429039
23.02,11.9999996347309,10.9130649347127,11.278002374347
23.04,11.9999999212685,10.8256917224385,11.2798637221235
23.06,12.0000000690787,10.7484845870298,11.2813082201267
23.08,12.0000001943826,10.7207413010068,11.2824293688158
23.1,12.0000003196865,10.7427300500108,11.2832994526191
23.12,12.0000004410989,10.8064615808165,11.2839746822945
23.14,12.0000003639712,10.8818005735813,11.2844987440621
23.16,11.9999999762711,10.908436823733,11.2849055357439
23.18,12.0000000868021,10.9848814989064,11.2852212833321
23.2,12.0000001203454,10.9848814989064,11.2854663656426
23.22,12.0000001449605,11.0272015607712,11.2856566036863
23.24,12.0000001486047,11.0607162479872,11.2858042755417
23.26,12.0000001799741,11.0644469656847,11.2859188694024
23.28,12.0000002113435,11.0353792090057,11.2860077255914
23.3,12.0000002266722,11.0482214708579,11.2860767113425
23.32,12.0000001202199,11.0596594306578,11.2861302591696
23.34,12.0000000537808,11.0410083022969,11.2861718235375
23.36,12.0000001938803,11.0710104914746,11.2862040829665
23.38,12.0000004422381,11.1163189367555,11.2862291265462
23.4,12.0000004422381,11.171646204273,11.2862485698088
23.42,11.9999996822972,11.1541358255121,11.2862636632127
23.44,12.0000000451666,11.1516082633939,11.2862753549894
23.46,12.0000000827088,11.140481732933,11.2862844151435
23.48,12.0000003479201,11.1116670536065,11.2862914763512
23.5,12.0000001791248,11.1302062834143,11.2862970089459
23.52,12.0000000103295,11.0799778424738,11.2863013028666
23.54,11.9999999272893,11.0610360469614,11.2863044754142
23.56,12.0000000802825,11.0685998714872,11.2863070140806
23.58,11.9999997230608,11.0771339826607,11.2863089922789
23.6,11.9999996714264,11.0444988511884,11.286310583431
23.62,12.0000000611159,11.0155525968285,11.2863117828019
23.64,12.0000003865739,11.0304849549504,11.2863126781063
23.66,12.0000002340052,11.0503185257042,11.2863133554781
23.68,12.000000114483,11.0669420757257,11.2863139134114
23.7,12.000000114483,11.0630086956573,11.2863142712102
23.72,11.9999998588773,11.1055224015206,11.28631453803
23.74,12.0000003282069,11.1310801959332,11.2863148271698
23.76,12.0000001371083,11.097214685154,11.2863151201072
23.78,11.9999999511884,11.1556003502547,11.2863153153332
23.8,11.9999997839641,11.1482492756116,11.2863154416828
23.82,11.9999996739489,11.1710361258174,11.2863155397444
23.84,11.9999996872327,11.1911809735849,11.2863155620281
23.86,12.0000002052324,11.1785039104739,11.2863156781501
23.88,12.0000002416491,11.1594343729935,11.2863157280341
23.9,12.0000002763623,11.1405269652034,11.2863157276003
23.92,12.0000002815777,11.1346254094514,11.286315692051
23.94,12.0000001106025,11.1596283639619,11.2863156412947
23.96,11.9999999492292,11.1923796306723,11.2863156046992
23.98,12.0000002590715,11.2403065529749,11.2863156853728
24,12.0000001808381,11.2430909449078,11.286315755653
24.02,11.9999998620103,11.2846363737243,11.286315817508
24.04,11.9999998051496,11.3115737232724,11.2863158666127
24.06,12.0000004944006,11.3429426941245,11.2863158687211
24.08,12.000000071775,11.3183918525647,11.2863158363768
24.1,11.9999994895857,11.2846078840121,11.2863158765179
24.12,11.9999998123255,11.3201686267257,11.2863158911982
24.14,11.9999997585265,11.3338429972992,11.2863158354558
24.16,11.9999996371232,11.3020274708167,11.2863157802202
24.18,11.9999995453127,11.2995289229913,11.2863158824875
24.2,11.9999998646967,11.3446299477049,11.2863158728657
24.22,12.000000119074,11.3432284683561,11.2863157428058
24.24,11.9999996164785,11.3321741290256,11.2863157098243
24.26,12.0000003838923,11.3255465575414,11.2863156728984
24.28,11.9999994499641,11.3285615075964,11.2863156186757
24.3,11.9999994639765,11.3798987941859,11.28631555726
24.32,11.9999996332623,11.4032132526924,11.2863155768476
24.34,12.0000004623269,11.4251464268204,11.2863156456143
24.36,11.9999995290534,11.431897137902,11.286315593153
24.38,12.00000022551,11.4783819756792,11.2863157140323
24.4,11.9999997734282,11.4633666826945,11.2863156111899
24.42,11.9999994029652,11.423283764809,11.2863155343231
24.44,11.9999999178116,11.4343328717698,11.2863155103125
24.46,11.9999997817563,11.4634742024462,11.2863156662548
24.48,11.9999997592682,11.474373153236,11.2863155907631
24.5,11.9999997800873,11.4075085437881,11.2863156788267
24.52,11.9999998468431,11.4158969476059,11.2863156519786
24.54,11.9999998344155,11.3817260864312,11.2863155531326
24.56,11.9999998470048,11.3151448678395,11.2863155848287
24.58,12.0000001961665,11.3328755249602,11.2863155807791
24.6,12.0000000038153,11.2594519313407,11.2863155729009
24.62,12.0000001470401,11.2180897200984,11.2863155711704
24.64,11.9999999771207,11.2635541527868,11.2863155838842
24.66,11.9999996983161,11.2573491917867,11.2863155911346
24.68,11.9999994572205,11.2180213869374,11.2863155994127
24.7,11.9999994983639,11.186428012487,11.2863156793609
24.72,11.9999996372447,11.1709824289243,11.2863157009061
24.74,12.0000000221817,11.1146281040053,11.2863157477867
24.76,12.0000003425077,11.1226997957362,11.2863157483912
24.78,12.0000003425077,11.0531056273763,11.2863156901521
24.8,11.9999999440217,11.0266340014615,11.2863155941841
24.82,11.9999997871602,11.0192257436531,11.2863155283657
24.84,12.0000004355826,11.051781615684,11.2863155065275
24.86,12.0000002992722,10.9810814591747,11.2863155706352
24.88,11.9999999877804,11.0071329142048,11.2863156878416
24.9,11.9999996762886,11.0087805579815,11.286315778807
24.92,12.0000003343563,11.0442867116439,11.2863157654967
24.94,11.9999999395812,11.1244368503168,11.2863157221359
24.96,12.0000001125938,11.1341162100001,11.2863158250222
24.98,11.9999996670538,11.0979688551966,11.2863158761705
25,11.9999994577279,11.240398417121,11.2863158502762
25.02,11.9999998917991,11.2982003742991,11.286315764588
25.04,12.0000002099418,11.3065459780372,11.2863158366545
25.06,12.0000001135677,11.326576672125,11.2863158094579
25.08,12.0000000382563,11.3272987435571,11.2863158247818
25.1,12.0000000268816,11.3305024159444,11.2863157428569
25.12,11.9999999309797,11.2980157026023,11.2863156351959
25.14,11.9999998735295,11.2560886907029,11.2863156430417
25.16,11.9999999809541,11.2699823489492,11.2863157161226
25.18,12.0000002452082,11.2740414673973,11.2863157525481
25.2,12.0000003412502,11.2442543491996,11.2863157649599
25.22,12.0000003874148,11.2758468113941,11.2863157721978
25.24,11.9999999533444,11.2975777830644,11.286315757621
25.26,12.0000000682756,11.2769562009734,11.2863157342104
25.28,11.9999996396757,11.3168720969606,11.2863157386616
25.3,11.9999997719803,11.3929581601443,11.2863157977606
25.32,11.9999999042849,11.4143833769998,11.2863158638518
25.34,12.0000000365894,11.4224380462844,11.286315924867
25.36,12.000000198407,11.4798708007452,11.2863158808189
25.38,11.9999999328704,11.5079139888647,11.2863158708339
25.4,12.0000001616161,11.5149713938251,11.2863157728335
25.42,11.9999999292702,11.4817571917811,11.2863157246337
25.44,12.0000001836947,11.4301426977022,11.2863157150847
25.46,11.9999999815897,11.4228627182487,11.2863157355331
25.48,11.9999998450848,11.4576005342509,11.2863157854775
25.5,11.9999999025503,11.4874289653821,11.2863157683257
25.52,11.9999999490502,11.4849672502388,11.2863158031812
25.54,11.9999999689176,11.4788072140952,11.2863157813076
25.56,12.0000000255576,11.4941393664448,11.2863158179058
25.58,11.9999999329334,11.451461862672,11.2863158037526
25.6,12.0000000275744,11.4585169266652,11.2863157640241
25.62,12.0000000004683,11.4457602843242,11.2863157452908
25.64,11.9999998903954,11.4640897222758,11.2863157405433
25.66,12.0000000185801,11.4962064462523,11.2863157410421
25.68,12.0000004946946,11.5059824696228,11.286315753356
25.7,11.9999995645218,11.492229214401,11.286315743409
25.72,12.0000000882745,11.464593592862,11.2863157556177
25.74,11.99999993002,11.4648655432517,11.2863157593852
25.76,6.98885231376471,11.479585360125,11.2863157391311
25.78,-12.0000003134823,11.4955544278684,11.2863157504036
25.8,-12.00000025792,11.528769943215,11.2863158594084
25.82,-12.0000000845712,11.5630574015739,11.2863157481408
25.84,-12.0000000551971,10.7854267414501,11.2863157720718
25.86,-12.0000005922508,10.4447560715906,11.2863157573211
25.88,-12.0000005598664,8.34829565272474,10.2311120496945
25.9,-12.0000004122381,6.15830052549466,5.41364761077791
25.92,-12.0000002532166,4.57088095232494,1.67474905558506
25.94,-12.0000001106162,2.58260419017094,-1.2270600705998
25.96,-12.0000001219217,-2.95045230734216,-3.47919292825945
25.98,-12.0000001332273,-4.39422057761857,-5.22710346616205
26,-12.0000000662758,-6.13320205397982,-6.58368019967687
26.02,-11.9999995651189,-7.82716679979002,-7.63653751069048
26.04,-11.9999995718957,-8.54225823580979,-8.45367411437282
26.06,-11.9999995810001,-9.75334009844244,-9.08786472865659
26.08,-11.9999997121968,-9.95893429937116,-9.5800685467473
26.1,-11.9999998325627,-10.1469818134878,-9.96207451376195
26.12,-11.9999999352325,-10.3358977314324,-10.2585544385873
26.14,-12.0000001481624,-10.6109697453633,-10.4886563670423
26.16,-12.0000004291839,-10.7142451310772,-10.6672415519094
26.18,-12.0000000104786,-11.0291574547639,-10.8058439037212
26.2,-11.9999998087215,-11.376726666098,-10.9134150698847
26.22,-12.000000376331,-11.5065237835581,-10.9969025156581
26.24,-12.0000000321422,-11.5271113324715,-11.0616982602793
26.26,-12.0000000321422,-11.3804476973409,-11.1119871489213
26.28,-11.9999999037636,-11.3375718460947,-11.1510170870001
26.3,-11.999999992828,-11.2255855954002,-11.1813086556575
26.32,-12.0000000260275,-11.1180402957524,-11.2048183046464
26.34,-11.9999999492353,-11.0087866384378,-11.223064577104
26.36,-12.0000002363339,-11.0281431340769,-11.2372256806588
26.38,-12.0000001640132,-11.0326678823474,-11.2482163024802
26.4,-12.0000000679828,-11.0303088150632,-11.2567462440021
26.42,-11.999999907788,-11.0074089445419,-11.2633664644282
26.44,-12.0000000347327,-10.9853612231556,-11.2685045130129
26.46,-12.0000002598778,-11.0107998747818,-11.2724922050516
26.48,-11.9999999100708,-11.004992230643,-11.2755871666184
26.5,-11.9999999025252,-10.9768382253893,-11.2779891924454
26.52,-11.9999998949796,-10.955345970585,-11.2798534165867
26.54,-11.9999999044418,-11.0051218266355,-11.2813002321375
26.56,-12.0000000386861,-11.0118798855666,-11.2824231517632
26.58,-12.0000001729304,-11.043219219585,-11.2832947121087
26.6,-12.0000002167872,-11.0363365121372,-11.2839710680875
26.62,-12.0000001945079,-11.0216733942286,-11.2844959954175
26.64,-12.0000001807094,-11.0469657110685,-11.2849033969484
26.66,-12.0000001245132,-11.0263208951757,-11.2852195887165
26.68,-11.9999999350357,-10.9805036786961,-11.2854650176436
26.7,-12.0000001318275,-10.9889733515925,-11.2856555265836
26.72,-11.9999999840316,-11.0035998805034,-11.2858033923543
26.74,-11.9999998362357,-11.0155775438265,-11.2859181482647
26.76,-11.9999998048309,-11.1053353154428,-11.2860072089557
26.78,-12.000000185565,-11.1981244289216,-11.2860763183155
26.8,-12.0000001524599,-11.2884293341338,-11.2861299151152
26.82,-11.9999998245776,-11.3763573490091,-11.2861715537468
26.84,-11.9999998245776,-11.5200466314771,-11.286203838924
26.86,-12.0000000353001,-11.552094414409,-11.2862288647601
26.88,-12.0000001452107,-11.5493111592513,-11.2862482810332
26.9,-11.9999999655845,-11.5557091588413,-11.286263430434
26.92,-12.0000001259442,-11.5721836780536,-11.2862751811156
26.94,-11.999999928271,-11.613341058157,-11.2862842319341
26.96,-11.9999999591313,-11.4656289262693,-11.2862912563954
26.98,-11.9999999591313,-11.4942113711118,-11.2862967525458
27,-11.9999995886783,-11.3745748653728,-11.2863010413256
27.02,-11.9999997642336,-11.2624163847018,-11.2863043320809
27.04,-11.999999806064,-11.2088364384625,-11.2863069198472
27.06,-11.9999997047777,-11.1677823857886,-11.286308886623
27.08,-12.0000005798037,-11.1260229799178,-11.2863104195622
27.1,-12.0000002281372,-11.1247659900895,-11.2863116092968
27.12,-12.0000003242537,-11.1378212995453,-11.286312454659
27.14,-11.9999999960153,-11.1139093951208,-11.2863131477229
27.16,-11.9999997064161,-11.1232469464687,-11.2863136944272
27.18,-11.9999995768393,-11.119658994004,-11.2863140974038
27.2,-11.9999997076695,-11.0985416543281,-11.2863145944147
27.22,-11.9999996592122,-11.1505976389751,-11.2863149061006
27.24,-12.0000001418912,-11.1894710921267,-11.2863151682436
27.26,-12.0000000413881,-11.1436464746027,-11.2863153025787
27.28,-11.9999999684299,-11.1773263509029,-11.2863153458566
27.3,-12.0000000446892,-11.1855410600622,-11.2863153521601
27.32,-11.9999997708467,-11.2413680770039,-11.2863153846014
27.34,-12.0000004780758,-11.2237829825693,-11.2863153995758
27.36,-12.0000005769173,-11.2153159486345,-11.286315512836
27.38,-12.0000004650501,-11.3425991539632,-11.2863155795756
27.4,-12.0000003834917,-11.2960243537741,-11.2863156160103
27.42,-12.0000003834917,-11.2716765838119,-11.2863156603457
27.44,-12.0000002554216,-11.2777179577393,-11.2863156370917
27.46,-12.0000002112586,-11.2873486395478,-11.286315767966
27.48,-12.0000004790426,-11.2966305651941,-11.2863158903526
27.5,-11.9999999876344,-11.3278018882546,-11.2863159617824
27.52,-11.9999999779476,-11.2992460671032,-11.2863160000461
27.54,-12.0000001078746,-11.2885159790124,-11.2863160297431
27.56,-12.0000003039729,-11.3718928246772,-11.2863160258235
27.58,-11.9999998121411,-11.4204963536173,-11.286316013482
27.6,-11.9999998520024,-11.4075915323946,-11.2863160602912
27.62,-11.9999999044486,-11.4360386707689,-11.286315993144
27.64,-11.9999999678508,-11.4446567230531,-11.2863159389904
27.66,-12.0000001108478,-11.4720402664044,-11.2863159243199
27.68,-12.0000002028142,-11.5141853098162,-11.2863159542266
27.7,-11.999999994838,-11.5369842252053,-11.286315873872
27.72,-12.000000036559,-11.4526572856103,-11.2863158199013
27.74,-11.9999999848364,-11.460725961703,-11.2863157890576
27.76,-11.9999996009096,-11.4857906155947,-11.2863157784701
27.78,-11.9999996445354,-11.4711840276966,-11.2863158003641
27.8,-11.9999996881611,-11.476827524251,-11.2863158367217
27.82,-11.9999997442399,-11.475784963197,-11.2863158211456
27.84,-11.9999998624635,-11.4659858993708,-11.286315817842
27.86,-11.9999998991658,-11.4564649170002,-11.2863158043867
27.88,-11.9999999663233,-11.4456251138525,-11.2863157131
27.9,-12.0000001815704,-11.4103348676198,-11.2863156514374
27.92,-11.9999999529632,-11.3451136387153,-11.2863156127666
27.94,-11.9999997248408,-11.3617364534944,-11.2863155945623
27.96,-11.9999996257728,-11.3886402556885,-11.2863156053282
27.98,-11.9999997966894,-11.3505473836243,-11.2863156214121
28,-11.999999967606,-11.3356688223331,-11.2863156480366
28.02,-11.9999998699367,-11.3494063980119,-11.286315714025
28.04,-11.9999998127405,-11.3418272807433,-11.2863157171014
28.06,-11.9999999251058,-11.2745379324574,-11.286315671453
28.08,-12.0000001215451,-11.2481411422956,-11.2863156151638
28.1,-12.0000004442397,-11.2123397877075,-11.2863156074671
28.12,-12.0000002891679,-11.1721908057361,-11.2863156374838
28.14,-12.000000134096,-11.1522697312857,-11.2863156402137
28.16,-12.0000000909564,-11.1278805533343,-11.2863156302886
28.18,-11.9999998393847,-11.1278805533343,-11.2863156462465
28.2,-11.9999996270082,-11.1066779334142,-11.2863156999961
28.22,-11.999999667112,-11.0953451025626,-11.2863158096621
28.24,-11.9999998145399,-11.0882379604268,-11.2863158621216
28.26,-11.9999998570447,-11.0418734290956,-11.2863158701825
28.28,-11.9999996187615,-11.039478060375,-11.2863158673548
28.3,-11.999999711048,-11.055255171603,-11.2863158121863
28.32,-11.9999996868366,-11.0777556229109,-11.2863157246489
28.34,-11.999999662832,-11.0936002532402,-11.2863156651547
28.36,-11.9999998510395,-11.0967695495995,-11.2863156500246
28.38,-12.0000002983537,-11.1512166540896,-11.2863156472321
28.4,-12.0000001108905,-11.2237337677127,-11.2863155948893
28.42,-11.9999994817351,-11.178325975967,-11.2863155736982
28.44,-12.0000000242802,-11.1844838649083,-11.2863155521532
28.46,-12.0000002990483,-11.2082893242897,-11.2863155303773
28.48,-12.0000000120512,-11.2162867902937,-11.2863155531077
28.5,-12.0000001367936,-11.2534655263874,-11.2863156649407
28.52,-12.0000001746385,-11.2947418293618,-11.2863157122613
28.54,-11.9999997526743,-11.3114790451467,-11.2863156165055
28.56,-12.0000001221224,-11.3034455516252,-11.2863156564325
28.58,-11.9999995322428,-11.2728189405649,-11.2863157452787
28.6,-12.000000592385,-11.1838437947185,-11.2863157538
28.62,-12.000000229779,-11.1890675562734,-11.2863157866807
28.64,-11.9999999515136,-11.1659761019494,-11.2863158201689
28.66,-11.9999999664197,-11.1483579546588,-11.286315757306
28.68,-11.9999999664197,-11.1061820469817,-11.2863157863124
28.7,-12.0000003586564,-11.1986570091534,-11.286315684613
28.72,-11.9999998314685,-11.2249332997496,-11.2863158289182
28.74,-12.0000000443035,-11.2339934011478,-11.286315864561
28.76,-11.9999999091326,-11.3055214157532,-11.2863158336292
28.78,-11.999999775173,-11.3373255568471,-11.2863158127613
28.8,-11.9999996928145,-11.328165121178,-11.2863157965655
28.82,-11.9999999532795,-11.3547782881409,-11.2863158665895
28.84,-12.0000002988413,-11.3409523824863,-11.2863158099255
28.86,-12.0000004468751,-11.3463537839414,-11.2863158107647
28.88,-11.999999944911,-11.3775355182442,-11.2863157829529
28.9,-11.999999944911,-11.3345913338857,-11.2863157331597
