9.4996,0.0007998,0.074849,-0.00039316,0.074685,-1.9882e-26
9.4967,0.0059053,0.074915,-0.00016979,0.07511,-1.5273e-26
9.4899,0.01762,0.075568,-3.7804e-05,0.07609,-4.6741e-27
9.4792,0.036438,0.076804,3.7155e-05,0.077658,1.2287e-26
9.4646,0.061937,0.078625,8.0776e-05,0.079779,3.5201e-26
9.4466,0.093444,0.08104,1.7596e-05,0.082397,6.3442e-26
9.4253,0.13054,0.083856,7.4404e-05,0.085478,9.6622e-26
9.4013,0.17241,0.087117,0.00011113,0.088956,1.3399e-25
9.375,0.21808,0.090785,3.6226e-05,0.092644,1.5882e-25
9.3468,0.26698,0.094485,7.8241e-05,0.096453,1.5568e-25
9.317,0.31844,0.098427,1.7567e-05,0.10044,1.3525e-25
9.2858,0.37208,0.10246,6.2991e-05,0.10457,9.5182e-26
9.2535,0.42743,0.10669,3.4301e-06,0.10882,3.3641e-26
9.2202,0.48426,0.11095,4.8168e-05,0.11315,-5.1031e-26
9.186,0.54224,0.11535,-1.1148e-05,0.11754,-9.014e-26
9.1509,0.60131,0.11974,3.3695e-05,0.12191,-5.6063e-26
9.1152,0.6611,0.1239,7.4046e-05,0.12598,3.6914e-26
9.0791,0.72103,0.128,-5.4961e-06,0.13,1.9181e-25
9.0427,0.78098,0.13198,2.2922e-05,0.13398,4.0942e-25
9.006,0.84088,0.13598,-4.5173e-05,0.1379,6.9045e-25
8.9687,0.90099,0.13985,1.5376e-05,0.1418,1.0377e-24
8.931,0.96113,0.14369,7.0173e-05,0.14567,1.452e-24
8.8932,1.0208,0.14747,-1.3783e-05,0.14911,1.9337e-24
8.8552,1.0799,0.15067,5.0484e-05,0.15228,2.4729e-24
8.8174,1.1381,0.15384,-2.4991e-05,0.15533,2.7868e-24
8.7794,1.1956,0.15685,-5.6092e-05,0.15825,1.6373e-24
8.7409,1.2528,0.15966,3.2206e-05,0.1611,3.6547e-25
8.7019,1.3096,0.16252,-2.4964e-05,0.16388,-1.0285e-24
8.6625,1.3661,0.16521,3.5483e-05,0.16659,-2.5492e-24
8.6226,1.4221,0.1677,-2.3366e-05,0.16868,-4.3989e-24
8.5821,1.4777,0.16964,1.5069e-05,0.17061,-6.3655e-24
8.5412,1.5326,0.17148,5.0673e-05,0.17243,-8.4153e-24
8.5001,1.5867,0.17331,-1.0773e-05,0.17414,-1.0532e-23
8.4589,1.6396,0.17494,2.178e-05,0.17575,-1.2715e-23
8.4176,1.6915,0.17653,-2.1337e-05,0.17722,-1.2049e-23
8.3761,1.7424,0.17785,2.0262e-05,0.17851,-5.8627e-24
8.3344,1.7921,0.17903,-1.4361e-05,0.17933,2.6342e-25
8.2926,1.8407,0.17952,2.587e-05,0.17974,4.5097e-24
8.2507,1.888,0.1799,-7.2557e-06,0.18003,6.1463e-24
8.2087,1.9342,0.18016,-2.2746e-05,0.18022,5.2732e-24
8.1664,1.9792,0.18025,2.5817e-05,0.18033,1.9678e-24
8.124,2.0231,0.18036,-1.2679e-05,0.18035,-3.6847e-24
8.0814,2.0658,0.18036,-1.9232e-05,0.1803,-1.1614e-23
8.0383,2.1076,0.18022,1.9742e-05,0.18018,-2.1568e-23
7.9949,2.1482,0.18001,-7.3371e-06,0.17981,-1.8136e-23
7.9513,2.1878,0.17936,1.9112e-05,0.17883,-5.4704e-24
7.9077,2.2261,0.17825,-1.2779e-05,0.17762,1.5596e-23
7.8639,2.2632,0.17696,1.0721e-05,0.17633,4.4652e-23
7.82,2.2991,0.1757,-2.0853e-05,0.17499,8.1318e-23
7.7758,2.334,0.17428,2.4668e-06,0.17358,1.2543e-22
7.7312,2.3679,0.17291,-2.6926e-05,0.17213,1.7682e-22
7.686,2.4009,0.17139,-3.3079e-06,0.17063,2.357e-22
7.64,2.4332,0.16981,1.9033e-05,0.16903,2.7105e-22
7.5934,2.4646,0.16814,-1.7835e-05,0.16716,1.2285e-22
7.5461,2.4952,0.16618,7.0183e-06,0.16523,-5.2275e-23
7.4981,2.525,0.16428,-1.8841e-05,0.16324,-2.5406e-22
7.4492,2.5542,0.16216,1.6298e-05,0.16107,-4.8091e-22
7.3994,2.5826,0.15973,-1.2425e-05,0.1583,-7.1868e-22
7.3487,2.6103,0.15684,1.7161e-05,0.15547,-9.7449e-22
7.2973,2.6371,0.15406,-1.0714e-05,0.15258,-1.247e-21
7.2452,2.6632,0.15106,1.5614e-05,0.14958,-1.3315e-21
7.1925,2.6884,0.14793,-1.032e-05,0.14621,-4.9198e-22
7.1392,2.7127,0.14447,1.0043e-05,0.1428,4.0245e-22
7.0853,2.7362,0.14112,-1.1641e-05,0.13935,1.3485e-21
7.0306,2.7589,0.1376,1.6893e-06,0.13586,2.3491e-21
6.9751,2.7807,0.13405,1.3134e-05,0.13235,3.4017e-21
6.9193,2.8016,0.13062,-6.1435e-06,0.12884,4.4976e-21
6.863,2.8216,0.12706,3.8771e-06,0.12533,5.6362e-21
6.8063,2.8407,0.12337,-7.8529e-06,0.12133,1.7236e-21
6.749,2.8589,0.11931,3.6371e-06,0.11734,-2.3064e-21
6.691,2.8763,0.11538,-4.4627e-06,0.11336,-6.424e-21
6.6323,2.8928,0.11134,5.0898e-06,0.10941,-1.0634e-20
6.5732,2.9084,0.10746,-1.8547e-06,0.10549,-1.4919e-20
6.5134,2.9231,0.10359,-4.1227e-06,0.10162,-1.9284e-20
6.4528,2.937,0.099639,4.3489e-06,0.097629,-1.5907e-20
6.3915,2.95,0.095518,-1.3584e-06,0.093458,6.5423e-21
6.3296,2.9621,0.091543,-1.4469e-06,0.089607,2.8948e-20
6.2667,2.9734,0.087741,2.4687e-06,0.086008,5.1405e-20
6.2032,2.9838,0.084322,4.5553e-07,0.082663,7.3854e-20
6.1391,2.9933,0.081047,1.4525e-06,0.07957,9.6286e-20
6.0747,3.0019,0.078142,4.2097e-07,0.076695,1.1273e-19
6.0101,3.0096,0.07505,6.2006e-08,0.073517,3.2766e-20
5.9453,3.0164,0.072076,1.1417e-06,0.070606,-4.6984e-20
5.8803,3.0222,0.06924,-3.5733e-07,0.06795,-1.2679e-19
5.8149,3.0272,0.066778,3.6605e-06,0.065537,-2.0678e-19
5.7488,3.0311,0.064425,7.9494e-07,0.063353,-2.8747e-19
5.682,3.0341,0.062293,-4.0409e-06,0.06135,-3.439e-19
5.6148,3.0362,0.060193,5.3473e-06,0.058992,-3.5428e-20
5.5472,3.0372,0.05787,-1.9859e-06,0.056835,2.7502e-19
5.4792,3.0373,0.055882,8.2955e-06,0.054863,5.8754e-19
5.4105,3.0363,0.053891,-6.814e-06,0.053058,9.0328e-19
5.3414,3.0344,0.052253,7.7714e-06,0.051405,1.2214e-18
5.2719,3.0313,0.050547,-9.3219e-06,0.049665,1.0354e-18
5.2022,3.0273,0.048638,8.457e-06,0.047561,-2.279e-19
5.1325,3.0222,0.046481,-1.1111e-05,0.04553,-1.493e-18
5.0629,3.0161,0.044571,9.5083e-06,0.04355,-2.7545e-18
4.9934,3.009,0.042529,-9.3055e-06,0.041596,-4.0135e-18
4.9241,3.0009,0.040666,1.2972e-05,0.039645,-5.2672e-18
4.8549,2.9918,0.038469,-1.5755e-06,0.037099,-3.1357e-18
4.7856,2.9815,0.035707,1.8288e-05,0.034185,5.2427e-19
4.7159,2.9699,0.032649,-3.7663e-06,0.031116,4.1074e-18
4.6459,2.9571,0.029427,-2.3611e-05,0.027853,7.589e-18
4.5761,2.9433,0.02614,3.5738e-06,0.024377,1.0929e-17
4.5066,2.9284,0.024866,2.2728e-05,0.026167,1.4503e-17
4.437,2.9123,0.02822,-1.0026e-05,0.030451,2.2174e-17
4.3673,2.895,0.032909,5.6346e-06,0.035471,2.9492e-17
4.2977,2.8765,0.038236,-2.3917e-05,0.041237,3.6414e-17
4.2286,2.8569,0.044406,-2.5219e-06,0.047703,4.2868e-17
4.1602,2.8364,0.05124,7.416e-06,0.054864,4.8817e-17
4.0921,2.8148,0.058943,0.0027521,0.06356,0.015071
4.0242,2.7921,0.068736,0.034784,0.074016,0.054294
3.9567,2.7683,0.079338,0.073288,0.084667,0.092014
3.8895,2.7437,0.090005,0.11019,0.095436,0.12812
3.823,2.7184,0.10084,0.14543,0.10621,0.16242
3.7573,2.6925,0.11155,0.17878,0.11694,0.19486
3.6924,2.6662,0.1222,0.21261,0.12724,0.23389
3.6283,2.6394,0.13216,0.25725,0.13706,0.28061
3.565,2.6122,0.14192,0.30403,0.14665,0.3274
3.502,2.5844,0.15136,0.35092,0.15603,0.37449
3.4394,2.5561,0.16059,0.39816,0.16519,0.42191
3.3774,2.5276,0.17073,0.44547,0.17704,0.46883
3.316,2.4986,0.18364,0.49207,0.19022,0.51434
3.255,2.4693,0.19686,0.53535,0.20353,0.55635
3.1943,2.4395,0.21049,0.57752,0.21767,0.59879
3.1341,2.4093,0.2251,0.62019,0.2326,0.64157
3.0743,2.3786,0.24038,0.66311,0.24837,0.68474
3.015,2.3476,0.25661,0.70647,0.2649,0.72817
2.9562,2.3162,0.27347,0.75,0.28224,0.77191
2.8981,2.2845,0.29104,0.79243,0.29974,0.81187
2.8407,2.2525,0.30871,0.83125,0.31786,0.85069
2.7838,2.2201,0.3273,0.8702,0.3368,0.88967
2.7274,2.1872,0.34666,0.9093,0.35667,0.92897
2.6715,2.1538,0.36695,0.94873,0.37717,0.96852
2.6164,2.1202,0.38618,0.98804,0.39524,1.0075
2.5619,2.0862,0.40456,1.0271,0.41402,1.0467
2.5083,2.052,0.42344,1.0649,0.43291,1.0821
2.456,2.018,0.44249,1.0991,0.45211,1.116
2.4048,1.9841,0.46188,1.1328,0.47175,1.1497
2.3548,1.9504,0.48178,1.1665,0.49181,1.1831
2.3059,1.9167,0.50202,1.1998,0.51233,1.2165
2.2581,1.883,0.5228,1.2331,0.53329,1.2496
2.2112,1.8493,0.54394,1.2661,0.55471,1.2827
2.1653,1.8157,0.5656,1.2991,0.57651,1.3155
2.1204,1.7821,0.58748,1.3304,0.5984,1.3445
2.076,1.7482,0.60905,1.3585,0.61889,1.3724
2.0323,1.7141,0.62828,1.3863,0.6378,1.4002
1.9895,1.6802,0.64739,1.414,0.65698,1.4278
1.9479,1.6466,0.66663,1.4415,0.67635,1.4552
1.9073,1.6133,0.68611,1.4688,0.69583,1.4823
1.8677,1.5803,0.70564,1.4958,0.71548,1.5092
1.829,1.5475,0.72541,1.5226,0.7353,1.536
1.7909,1.5147,0.74534,1.5493,0.75542,1.5627
1.7534,1.4818,0.76558,1.5759,0.77575,1.5882
1.7166,1.4492,0.78592,1.5995,0.79606,1.6107
1.6803,1.4166,0.80634,1.622,0.81667,1.6333
1.6445,1.3839,0.82709,1.6445,0.83759,1.6559
1.6093,1.3513,0.84727,1.6671,0.85596,1.6782
1.5742,1.3185,0.86456,1.6894,0.87318,1.7006
1.5393,1.2853,0.88195,1.712,0.89081,1.7234
1.5045,1.2521,0.89971,1.7348,0.90872,1.7464
1.4703,1.219,0.91777,1.7579,0.92676,1.7693
1.4363,1.1858,0.93589,1.7809,0.94507,1.7925
1.4025,1.1525,0.95431,1.8042,0.96365,1.8159
1.3692,1.1195,0.97292,1.8275,0.98224,1.8388
1.3368,1.0872,0.99143,1.8484,1.0005,1.8579
1.3051,1.0554,1.0096,1.8673,1.0187,1.8767
1.2741,1.0242,1.0278,1.8861,1.0368,1.8954
1.244,0.99371,1.0458,1.9047,1.0547,1.9138
1.2144,0.96363,1.0629,1.9229,1.0701,1.9319
1.1855,0.93398,1.0768,1.9408,1.0835,1.9498
1.1572,0.90492,1.0903,1.9587,1.0968,1.9674
1.1293,0.87606,1.1035,1.9762,1.1102,1.9851
1.1017,0.84742,1.1168,1.9939,1.1235,2.0027
1.0745,0.81915,1.1302,2.0116,1.1368,2.0203
1.0473,0.79083,1.1435,2.0291,1.1502,2.038
1.0201,0.7624,1.157,2.047,1.1638,2.056
0.99316,0.73418,1.1706,2.0649,1.1775,2.0739
0.96664,0.70638,1.1843,2.0824,1.191,2.0899
0.94017,0.6786,1.1978,2.0971,1.2046,2.1043
0.91351,0.65056,1.2114,2.1116,1.2184,2.1189
0.88676,0.6224,1.2253,2.1263,1.2324,2.1337
0.86029,0.59452,1.2394,2.1411,1.2464,2.1485
0.83435,0.56718,1.2521,2.1558,1.257,2.163
0.80864,0.54006,1.2618,2.1702,1.2666,2.1774
0.78299,0.51299,1.2714,2.1847,1.2762,2.192
0.75755,0.48615,1.281,2.1992,1.2858,2.2066
0.7325,0.45973,1.2906,2.2138,1.2954,2.221
0.70752,0.4334,1.3002,2.2283,1.3049,2.2355
0.68251,0.40706,1.3098,2.2428,1.3146,2.2502
0.6577,0.38098,1.3194,2.2575,1.3243,2.2648
0.6333,0.35537,1.3291,2.2721,1.3338,2.2793
0.60905,0.32997,1.3386,2.2866,1.3433,2.2938
0.58494,0.30475,1.3481,2.301,1.3529,2.3079
0.56121,0.28,1.3575,2.3133,1.3623,2.3187
0.53807,0.25593,1.3669,2.3241,1.3715,2.3293
0.51532,0.23229,1.3761,2.3346,1.3806,2.3398
0.49293,0.20907,1.3851,2.345,1.3896,2.3501
0.471,0.18635,1.3938,2.3553,1.3969,2.3603
0.44927,0.16386,1.3994,2.3654,1.4019,2.3704
0.42775,0.14161,1.4044,2.3754,1.4069,2.3805
0.40655,0.11972,1.4094,2.3855,1.4118,2.3904
0.3854,0.097909,1.4143,2.3954,1.4168,2.4004
0.36422,0.076096,1.4192,2.4054,1.4217,2.4105
0.34318,0.05448,1.4241,2.4155,1.4266,2.4205
0.32245,0.033232,1.4291,2.4255,1.4315,2.4304
0.30179,0.012097,1.434,2.4354,1.4364,2.4403
0.28114,-0.0089658,1.4388,2.4453,1.4413,2.4503
0.26072,-0.029732,1.4437,2.4552,1.4461,2.4601
0.24067,-0.05005,1.4485,2.4651,1.4509,2.4699
0.2207,-0.070246,1.4532,2.4747,1.4556,2.4796
0.20067,-0.090454,1.458,2.4845,1.4604,2.4894
0.18072,-0.11051,1.4627,2.4933,1.4652,2.4966
0.16097,-0.13033,1.4676,2.4999,1.4699,2.5031
0.14103,-0.15031,1.4723,2.5063,1.4747,2.5096
0.12072,-0.17066,1.4771,2.5129,1.4796,2.5162
0.10014,-0.19126,1.482,2.5196,1.4845,2.523
0.079596,-0.21179,1.4859,2.5263,1.4866,2.5297
0.059451,-0.23186,1.4871,2.533,1.4878,2.5363
0.039894,-0.25128,1.4884,2.5396,1.4889,2.5427
0.020496,-0.27051,1.4894,2.5459,1.4899,2.5491
0.00093358,-0.28986,1.4905,2.5523,1.491,2.5555
-0.018802,-0.30935,1.4915,2.5588,1.4921,2.562
-0.038498,-0.32872,1.4926,2.5652,1.4932,2.5685
-0.057836,-0.34766,1.4937,2.5717,1.4942,2.5749
-0.076678,-0.36603,1.4948,2.578,1.4952,2.5811
-0.095555,-0.38439,1.4958,2.5842,1.4962,2.5873
-0.11491,-0.4032,1.4967,2.5904,1.4972,2.5936
-0.13484,-0.42253,1.4977,2.5969,1.4983,2.6002
-0.15515,-0.44219,1.4987,2.6035,1.4993,2.6069
-0.17553,-0.46183,1.4998,2.6102,1.5003,2.6136
-0.19558,-0.48104,1.5008,2.6169,1.5013,2.6202
-0.21514,-0.4997,1.5019,2.6218,1.5023,2.6232
-0.23477,-0.51837,1.5028,2.6247,1.5033,2.6261
-0.25476,-0.53735,1.5037,2.6275,1.5042,2.629
-0.27501,-0.55655,1.5047,2.6304,1.5052,2.6319
-0.29522,-0.57564,1.5056,2.6333,1.5061,2.6348
-0.31501,-0.59426,1.5064,2.6362,1.5058,2.6376
-0.33424,-0.6123,1.5045,2.639,1.5031,2.6402
-0.35346,-0.63029,1.5017,2.6416,1.5003,2.6429
-0.37285,-0.6484,1.4988,2.6442,1.4974,2.6455
-0.39224,-0.66647,1.4959,2.6468,1.4945,2.6481
-0.41133,-0.68416,1.493,2.6494,1.4916,2.6507
-0.43003,-0.70142,1.4902,2.652,1.4888,2.6531
-0.4489,-0.71881,1.4873,2.6544,1.4859,2.6556
-0.46812,-0.73648,1.4843,2.6568,1.4829,2.658
-0.48753,-0.75426,1.4813,2.6593,1.4798,2.6605
-0.50681,-0.77183,1.4783,2.6617,1.4768,2.6629
-0.52559,-0.78884,1.4752,2.664,1.4738,2.6652
-0.54377,-0.8052,1.4724,2.6664,1.4709,2.6674
-0.56193,-0.82149,1.4695,2.6685,1.468,2.6696
-0.58029,-0.83791,1.4665,2.6706,1.4651,2.6717
-0.59871,-0.85432,1.4635,2.6722,1.462,2.6718
-0.61691,-0.87044,1.4605,2.671,1.459,2.6703
-0.6348,-0.88624,1.4576,2.6696,1.456,2.6687
-0.65301,-0.90233,1.4545,2.6679,1.4529,2.6671
-0.67186,-0.91901,1.4513,2.6662,1.4497,2.6653
-0.69127,-0.93618,1.448,2.6644,1.4463,2.6635
-0.71095,-0.95358,1.4445,2.6625,1.4428,2.6616
-0.73056,-0.97086,1.441,2.6606,1.4393,2.6597
-0.74994,-0.98793,1.4373,2.6587,1.4341,2.6577
-0.7695,-1.0051,1.4304,2.6566,1.4267,2.6556
-0.789,-1.0222,1.423,2.6545,1.4193,2.6534
-0.80869,-1.0394,1.4155,2.6523,1.4117,2.6512
-0.82878,-1.057,1.4078,2.65,1.4039,2.6488
-0.84921,-1.0748,1.3999,2.6476,1.3959,2.6464
-0.86974,-1.0925,1.3918,2.6451,1.3878,2.6438
-0.89002,-1.11,1.3838,2.6425,1.3798,2.6413
-0.90991,-1.127,1.3759,2.64,1.3719,2.6386
-0.92998,-1.1441,1.368,2.6373,1.3639,2.6359
-0.9506,-1.1617,1.3598,2.6345,1.3556,2.6331
-0.97178,-1.1796,1.3514,2.6316,1.3471,2.6301
-0.99326,-1.1977,1.3427,2.6276,1.3383,2.6242
-1.0147,-1.2156,1.3339,2.6203,1.3295,2.6164
-1.0358,-1.2332,1.3251,2.6125,1.3207,2.6085
-1.0572,-1.251,1.3163,2.6046,1.3118,2.6005
-1.0789,-1.269,1.3072,2.5964,1.3026,2.5922
-1.1011,-1.2873,1.2978,2.5879,1.2931,2.5837
-1.1232,-1.3056,1.2884,2.5793,1.2836,2.575
-1.1453,-1.3237,1.2789,2.5707,1.2741,2.5663
-1.1675,-1.3419,1.2693,2.5618,1.2644,2.5573
-1.1902,-1.3605,1.2594,2.5527,1.2544,2.5481
-1.213,-1.3792,1.2491,2.5434,1.2426,2.5386
-1.236,-1.3979,1.2352,2.5338,1.2277,2.5289
-1.2593,-1.4169,1.2201,2.5239,1.2124,2.5189
-1.2831,-1.4361,1.2046,2.5137,1.1967,2.5085
-1.3071,-1.4555,1.1887,2.5032,1.1808,2.4979
-1.3311,-1.4749,1.1728,2.4926,1.1647,2.4871
-1.3554,-1.4943,1.1565,2.4816,1.1484,2.4761
-1.38,-1.5139,1.14,2.4703,1.1317,2.4631
-1.4048,-1.5335,1.1232,2.4545,1.1145,2.4457
-1.4302,-1.5535,1.1058,2.4368,1.0969,2.4277
-1.4562,-1.574,1.0877,2.4184,1.0786,2.409
-1.4828,-1.5948,1.0692,2.3994,1.0597,2.3897
-1.5102,-1.6162,1.05,2.3797,1.0401,2.3695
-1.5385,-1.6382,1.03,2.3591,1.0198,2.3485
-1.5672,-1.6604,1.0094,2.3377,0.99894,2.3269
-1.5961,-1.6828,0.9884,2.316,0.97772,2.3049
-1.6254,-1.7054,0.9669,2.2936,0.95598,2.2822
-1.6552,-1.7283,0.94484,2.2706,0.93368,2.2589
-1.6854,-1.7515,0.92237,2.247,0.91085,2.235
-1.7165,-1.7751,0.89841,2.2226,0.88433,2.2099
-1.7485,-1.7995,0.86874,2.1968,0.85302,2.1835
-1.7812,-1.8242,0.83681,2.1687,0.82043,2.1519
-1.8143,-1.8491,0.80371,2.1338,0.78675,2.1154
-1.8483,-1.8746,0.76945,2.0965,0.7519,2.0774
-1.8833,-1.9007,0.73387,2.0577,0.71567,2.0378
-1.919,-1.9272,0.697,2.0174,0.67827,1.9968
-1.9553,-1.9541,0.65922,1.9758,0.63988,1.9546
-1.9926,-1.9815,0.62012,1.9328,0.60006,1.9107
-2.031,-2.0097,0.57941,1.8879,0.55853,1.8648
-2.0704,-2.0384,0.53704,1.841,0.51544,1.817
-2.1107,-2.0677,0.49338,1.7925,0.47095,1.7676
-2.1521,-2.0977,0.44794,1.742,0.42461,1.716
-2.1949,-2.1284,0.40008,1.6845,0.37523,1.6517
-2.2385,-2.1596,0.34975,1.6179,0.32559,1.5839
-2.2825,-2.1911,0.30857,1.5487,0.29162,1.5132
-2.327,-2.223,0.27498,1.477,0.25857,1.4404
-2.3723,-2.2553,0.24249,1.4032,0.22642,1.3654
-2.4186,-2.2885,0.21062,1.3266,0.19499,1.2874
-2.4659,-2.3223,0.17956,1.2472,0.16445,1.2066
-2.5136,-2.3566,0.1497,1.1654,0.13505,1.1237
-2.562,-2.3917,0.12074,1.0805,0.10658,1.0343
-2.6112,-2.4273,0.092723,0.98336,0.078988,0.93176
-2.6614,-2.464,0.06574,0.8788,0.052775,0.82521
-2.7128,-2.5016,0.040337,0.77018,0.028023,0.71431
-2.7658,-2.5406,0.016256,0.65659,0.0047411,0.59792
-2.8205,-2.5809,0.000277,0.53629,1.3497e-16,0.47326
-2.8766,-2.6225,2.702e-05,0.40826,1.208e-16,0.34231
-2.9341,-2.6654,-2.7309e-05,0.27429,1.0544e-16,0.20535
-2.9928,-2.7094,-7.6327e-05,0.17034,8.8225e-17,0.14584
-3.0521,-2.7543,1.1804e-05,0.12408,6.9886e-17,0.10349
-3.1118,-2.7996,-3.7597e-05,0.085113,5.06e-17,0.068006
-3.1718,-2.8451,2.6624e-05,0.05323,3.0482e-17,0.039699
-3.2324,-2.8906,6.0357e-05,0.028563,9.567e-18,0.018638
-3.2939,-2.936,-3.2573e-05,0.011102,-1.2155e-17,0.004874
-3.3562,-2.9811,7.2889e-06,0.0014934,-1.5583e-17,6.2236e-17
-3.4194,-3.0257,2.3219e-05,-1.086e-05,-1.5277e-17,4.8026e-17
-3.4836,-3.0695,-3.9289e-05,-3.0835e-05,-1.4176e-17,3.3849e-17
-3.5485,-3.1122,4.4283e-06,-1.1939e-05,-1.2301e-17,1.9757e-17
-3.6143,-3.1539,4.1483e-05,3.4058e-06,-9.6801e-18,5.736e-18
-3.681,-3.1944,-3.4492e-05,-1.9241e-05,-6.3391e-18,-8.2662e-18
-3.7487,-3.2336,1.9151e-05,-1.3188e-07,-2.1677e-18,-1.6268e-17
-3.8173,-3.2714,-3.9691e-05,-1.5719e-05,2.2196e-18,-1.2664e-17
-3.8865,-3.3077,2.8012e-05,5.511e-06,6.1866e-18,-8.9075e-18
-3.9566,-3.3426,-2.6523e-05,-8.0955e-06,8.5185e-18,-4.9132e-18
-4.0274,-3.3759,4.6819e-05,1.1813e-05,7.4328e-18,-8.2888e-19
-4.0992,-3.4078,-9.3365e-06,-1.6224e-06,6.4239e-18,2.9806e-18
-4.1718,-3.4383,-6.7654e-05,-1.3264e-05,5.4011e-18,3.1239e-18
-4.245,-3.4672,3.5533e-05,9.266e-06,4.4443e-18,2.1208e-18
-4.3186,-3.4945,-3.2654e-05,-3.8548e-06,3.5822e-18,1.1726e-18
-4.3928,-3.5204,4.8704e-05,1.0938e-05,2.8105e-18,2.7625e-19
-4.4675,-3.5448,-5.9701e-05,-6.5489e-06,2.1236e-18,-5.7465e-19
-4.5426,-3.5677,3.74e-05,7.8704e-06,1.5158e-18,-9.1011e-19
-4.6181,-3.5892,-6.3661e-05,-5.2061e-06,9.8842e-19,-6.3889e-19
-4.6937,-3.6093,3.8397e-05,6.9636e-06,5.4273e-19,-3.8596e-19
-4.7697,-3.6279,8.2618e-05,9.6808e-06,1.722e-19,-1.486e-19
-4.8468,-3.6452,-3.3879e-05,-6.5946e-07,-1.2938e-19,7.6417e-20
-4.9248,-3.6612,4.6581e-05,2.5874e-06,-3.6198e-19,2.1168e-19
-5.004,-3.6759,-2.1477e-05,-1.0199e-06,-5.2313e-19,1.5164e-19
-5.0842,-3.6893,-8.513e-05,-1.5283e-06,-6.2815e-19,9.2193e-20
-5.1648,-3.7014,1.4516e-05,-9.2672e-07,-6.8217e-19,3.3623e-20
-5.2456,-3.7121,-4.1259e-05,4.474e-08,-6.905e-19,-2.4143e-20
-5.3265,-3.7214,3.2578e-05,-2.1046e-06,-6.5041e-19,-5.2175e-20
-5.4076,-3.7294,-4.0478e-05,1.4974e-06,-5.2994e-19,-3.6763e-20
-5.4886,-3.7361,2.1454e-05,-2.4767e-06,-3.7913e-19,-2.1622e-20
-5.5697,-3.7413,5.4994e-05,-6.5959e-06,-2.3532e-19,-6.8059e-21
-5.6512,-3.7451,-4.7989e-05,4.2844e-06,-9.6053e-20,7.8504e-21
-5.733,-3.7475,-3.6102e-06,-1.3763e-06,5.2319e-20,1.195e-20
-5.8149,-3.7485,1.5232e-05,-4.6057e-06,2.0856e-19,8.2178e-21
-5.897,-3.748,-5.064e-05,6.8733e-06,3.6589e-19,4.501e-21
-5.9788,-3.746,-1.4273e-06,-1.813e-06,5.2593e-19,7.8779e-22
-6.0605,-3.7426,3.9387e-05,-1.0845e-05,6.9101e-19,-2.9477e-21
-6.1421,-3.7377,-3.9406e-05,7.4131e-06,7.6291e-19,-3.0102e-21
-6.2235,-3.7313,1.7764e-05,-7.144e-06,8.1183e-19,-2.0166e-21
-6.3047,-3.7234,-4.2169e-05,9.8019e-06,8.3882e-19,-1.0014e-21
-6.3855,-3.714,2.7799e-05,-1.0992e-05,7.6937e-19,3.9349e-23
-6.4659,-3.703,-2.6636e-05,6.6493e-06,6.7495e-19,1.0996e-21
-6.5459,-3.6905,4.6174e-05,-1.9428e-05,5.2764e-19,9.0581e-22
-6.6258,-3.6764,-8.9572e-06,5.3448e-07,3.6733e-19,6.2384e-22
-6.7054,-3.6605,-6.5049e-05,2.4281e-05,1.9768e-19,3.2998e-22
-6.7844,-3.6432,3.3308e-05,-1.7717e-05,2.1402e-20,2.3543e-23
-6.8628,-3.6242,-3.0398e-05,1.173e-05,-1.6102e-19,-2.9759e-22
-6.9405,-3.6036,4.3546e-05,-2.5205e-05,-3.3826e-19,-2.2862e-22
-7.0177,-3.5814,-5.4337e-05,2.6652e-05,-5.1085e-19,-1.5534e-22
-7.0941,-3.5575,3.1797e-05,-2.1287e-05,-6.758e-19,-7.7444e-23
-7.1701,-3.5318,6.5739e-05,-4.5276e-05,-8.3255e-19,5.8943e-24
-7.246,-3.504,-4.6147e-05,2.6417e-05,-9.8073e-19,9.5855e-23
-7.3216,-3.4741,2.5032e-05,-2.4229e-05,-1.1341e-18,8.7676e-23
-7.3971,-3.442,-5.0921e-05,3.2e-05,-1.2786e-18,6.3955e-23
-7.472,-3.4079,2.3215e-05,-2.6063e-05,-1.409e-18,3.8108e-23
-7.5465,-3.3717,-2.4002e-05,1.2988e-05,-1.5237e-18,9.9177e-24
-7.6203,-3.3336,-6.8121e-05,5.4094e-05,-1.6199e-18,-2.0715e-23
-7.6929,-3.2938,8.8348e-06,-1.3649e-05,-7.2293e-19,-2.7297e-23
-7.7641,-3.2524,-2.9834e-05,2.5144e-05,6.0024e-20,-1.9779e-23
-7.8338,-3.2096,2.3072e-05,-2.6596e-05,7.0835e-19,-1.2537e-23
-7.902,-3.1652,-2.6293e-05,2.6744e-05,1.2202e-18,-5.5678e-24
-7.9687,-3.1194,1.5591e-05,-1.8695e-05,1.5914e-18,1.1145e-24
-8.034,-3.0719,3.6179e-05,-4.4329e-05,1.8208e-18,7.5212e-24
-8.098,-3.0225,-2.8627e-05,3.6491e-05,1.8237e-18,6.1831e-24
-8.1608,-2.9714,-1.2854e-06,1.097e-06,1.6307e-18,4.3085e-24
-8.2221,-2.9185,9.503e-06,-1.4069e-05,8.667e-19,2.3889e-24
-8.2821,-2.8639,-2.7913e-05,4.2046e-05,6.7545e-20,7.3249e-25
-8.3405,-2.8079,-1.7587e-07,9.8778e-07,1.9903e-20,-2.4315e-25
-8.3973,-2.7505,2.1352e-05,-3.3814e-05,7.2252e-19,-5.3899e-25
-8.4527,-2.6914,-1.9668e-05,3.6261e-05,2.2464e-18,-1.6504e-25
-8.5065,-2.6309,8.8446e-06,-1.4823e-05,4.7204e-18,2.809e-25
-8.5588,-2.569,-1.9719e-05,4.0797e-05,8.0687e-18,5.5415e-25
-8.6094,-2.5059,1.2748e-05,-2.3712e-05,4.5297e-18,6.4736e-25
-8.6584,-2.4416,-1.1612e-05,2.8182e-05,-5.5846e-18,5.7801e-25
-8.7058,-2.3761,1.9018e-05,-4.1411e-05,-1.929e-17,3.5565e-25
-8.7516,-2.3092,-4.2714e-06,1.2115e-05,-3.6559e-17,-1.6459e-26
-8.7958,-2.2411,-2.4397e-05,6.8765e-05,-5.7284e-17,-5.3437e-25
-8.8382,-2.1722,1.1348e-05,-2.9918e-05,-7.8604e-17,-9.4311e-25
-8.8789,-2.1025,-1.0535e-05,3.5455e-05,-2.886e-17,-9.0955e-25
-8.9177,-2.0321,1.3065e-05,-4.1349e-05,3.9576e-17,-8.4741e-25
-8.9548,-1.9609,-1.5442e-05,6.199e-05,1.0773e-16,-7.6107e-25
-8.9901,-1.8891,7.852e-06,-2.9836e-05,1.7536e-16,-6.5243e-25
-9.0236,-1.8169,-1.3058e-05,6.5743e-05,2.4253e-16,-5.2352e-25
-9.0551,-1.7445,6.9011e-06,-3.0306e-05,1.0818e-15,-3.7907e-25
-9.0847,-1.6718,1.2629e-05,-7.0657e-05,3.2701e-15,-2.403e-25
-9.1125,-1.5982,-4.9794e-06,3.7983e-05,4.5171e-15,-1.1049e-25
-9.1385,-1.524,-8.9975e-06,9.4665e-05,4.8973e-15,1.0104e-26
-9.1626,-1.4501,1.4489e-06,-1.4889e-05,4.4969e-15,1.2105e-25
-9.1847,-1.3764,-1.1871e-06,2.6354e-05,3.4234e-15,2.2214e-25
-9.2047,-1.3031,0.12388,-4.8365e-05,0.25952,2.2962e-25
-9.2221,-1.2299,0.39562,1.9453e-05,0.53128,1.4187e-25
-9.2363,-1.1568,0.66623,-3.4494e-05,0.80095,1.2951e-26
-9.2467,-1.0836,0.93552,3.7541e-05,1.07,-1.0517e-25
-9.2529,-1.0106,1.2043,-1.3025e-05,1.3385,-2.1737e-25
-9.2544,-0.93771,1.4616,5.3001e-05,1.567,-3.1286e-25
-9.2513,-0.86543,1.6669,3.3272e-07,1.7666,-4.0177e-25
-9.2434,-0.79375,1.8659,-2.5972e-05,1.9649,-5.0056e-25
-9.2308,-0.72261,2.0634,5.4748e-05,2.1612,-6.1387e-25
-9.2138,-0.65233,2.2578,-1.142e-05,2.3535,-7.2397e-25
-9.1926,-0.58287,2.4472,-2.4543e-05,2.5313,-5.9689e-25
-9.1674,-0.51413,2.5616,4.374e-05,2.5914,-3.9908e-25
-9.1387,-0.44637,2.6207,-6.0177e-06,2.6495,-1.1259e-25
-9.1073,-0.37953,2.6777,-4.8702e-05,2.7054,2.6349e-25
-9.0735,-0.31328,2.7326,1.7061e-05,2.7594,7.2939e-25
-9.0378,-0.24759,2.7857,-3.016e-05,2.8115,1.2833e-24
-9.0006,-0.18232,2.8337,2.2258e-05,2.8384,1.9117e-24
-8.9624,-0.1175,2.8084,-3.497e-05,2.7786,2.5325e-24
-8.9238,-0.052937,2.7493,1.2428e-05,2.7202,3.1527e-24
-8.8851,0.011444,2.6917,-4.6876e-05,2.6633,3.7647e-24
-8.8467,0.075949,2.6354,2.065e-05,2.6077,4.3643e-24
-8.8089,0.14056,2.5804,-2.7941e-05,2.5531,3.797e-24
-8.7719,0.20535,2.5251,5.9826e-05,2.4848,1.34e-24
-8.7362,0.26993,2.4079,-1.3196e-05,2.3317,-7.4752e-25
-8.7018,0.3344,2.2566,-4.119e-05,2.182,-1.6801e-24
-8.669,0.39921,2.108,-4.7854e-05,2.0344,-1.5193e-24
-8.6375,0.46475,1.9611,4.3012e-05,1.888,-3.143e-25
-8.6077,0.53079,1.8153,-1.0863e-05,1.7429,1.8736e-24
-8.5795,0.59727,1.6707,3.5544e-05,1.5858,4.895e-24
-8.5531,0.66397,1.4652,-1.3567e-05,1.3453,8.2024e-24
-8.5287,0.73086,1.2261,3.7797e-05,1.1074,1.2186e-23
-8.5064,0.79767,0.98973,-4.4482e-06,0.87261,1.6731e-23
-8.4864,0.86444,0.75617,-2.8421e-05,0.64017,2.1738e-23
-8.4685,0.93131,0.5245,4.0692e-05,0.40915,2.7128e-23
-8.4527,0.99802,0.30033,1.1689e-05,0.23212,3.2616e-23
-8.439,1.0644,0.21534,-3.5078e-06,0.19806,3.7767e-23
-8.4267,1.1304,0.17947,4.2944e-05,0.16029,4.0111e-23
-8.4155,1.1956,0.14016,2.0437e-05,0.11985,3.7886e-23
-8.405,1.2599,0.098948,-3.1919e-06,0.077954,3.538e-23
-8.3946,1.3232,0.056431,-2.2155e-05,0.034843,3.2368e-23
-8.3839,1.3857,0.013482,3.0943e-05,-3.2344e-18,2.8006e-23
-8.3725,1.4472,-4.2866e-05,-4.933e-06,-2.7701e-18,2.0748e-23
-8.3601,1.5076,-6.0815e-06,3.1658e-05,-2.3595e-18,1.2609e-23
-8.3466,1.5666,-3.82e-05,-1.3889e-05,-2.0086e-18,3.4438e-24
-8.3316,1.6245,-3.5124e-06,1.8499e-05,-1.7239e-18,-6.9687e-24
-8.3149,1.6809,-4.1074e-05,-2.8884e-05,-1.5131e-18,-1.878e-23
-8.2963,1.7362,-5.6513e-06,4.2183e-06,-1.3852e-18,-3.2249e-23
-8.2756,1.7903,3.1648e-05,3.6129e-05,-1.327e-18,-4.2085e-23
-8.2531,1.8429,-2.7201e-05,-2.5605e-05,-1.2452e-18,-4.3159e-23
-8.2286,1.8942,1.6364e-05,1.2917e-05,-1.127e-18,-3.9398e-23
-8.2022,1.9441,-3.2397e-05,-3.3915e-05,-9.675e-19,-3.0287e-23
-8.1736,1.9929,3.7918e-05,2.5688e-05,-7.6152e-19,-1.5299e-23
-8.1431,2.0404,-2.4209e-05,-2.7724e-05,-5.0444e-19,6.0394e-24
-8.1107,2.0867,4.4042e-05,2.6206e-05,-1.9162e-19,3.4196e-23
-8.0765,2.1318,-2.4372e-05,-2.7816e-05,1.7993e-19,6.9455e-23
-8.0405,2.1758,4.5173e-05,2.3895e-05,4.0434e-19,1.0636e-22
-8.003,2.2186,-2.7142e-05,-2.8842e-05,3.1243e-19,5.8622e-23
-7.9639,2.2603,3.4069e-05,1.4266e-05,2.2945e-19,-1.6273e-23
-7.9233,2.301,-3.6677e-05,-3.3054e-05,1.5822e-19,-1.1603e-22
-7.8811,2.3408,7.7121e-06,-2.8199e-06,9.8692e-20,-2.4163e-22
-7.837,2.3799,-4.8681e-05,-3.6164e-05,5.1117e-20,-3.9414e-22
-7.7909,2.4186,1.3368e-05,2.4207e-06,1.5755e-20,-5.7564e-22
-7.7428,2.4569,6.669e-05,3.1647e-05,-6.6198e-21,-7.8681e-22
-7.6933,2.4944,-7.8838e-06,-8.0424e-06,-1.5324e-20,-1.0265e-21
-7.6424,2.5312,4.0195e-05,1.7065e-05,-1.3576e-20,-1.2088e-21
-7.5904,2.5673,-1.8932e-05,-1.2508e-05,-5.2971e-20,-4.6632e-22
-7.5372,2.6026,-5.1756e-05,-2.6918e-05,-9.1503e-20,3.927e-22
-7.4823,2.6375,3.6154e-05,1.4233e-05,-1.2182e-19,1.3681e-21
-7.426,2.6718,-3.7722e-06,-2.4945e-06,-1.4362e-19,2.4588e-21
-7.3681,2.7056,-4.4707e-05,-1.8187e-05,-1.5677e-19,3.6673e-21
-7.3086,2.7389,5.4388e-05,2.1032e-05,-1.6114e-19,5.0001e-21
-7.2476,2.7717,6.3492e-06,3.3825e-06,-1.5616e-19,5.6956e-21
-7.1852,2.8039,-3.3703e-05,-1.0075e-05,-1.4804e-19,5.4376e-22
-7.1214,2.8355,3.8886e-05,1.4536e-05,-1.4572e-19,-5.1687e-21
-7.0562,2.8664,-1.5964e-05,-2.4545e-06,-1.4924e-19,-1.1426e-20
-6.9898,2.8967,4.2035e-05,1.4691e-05,-1.5859e-19,-1.8226e-20
-6.9223,2.9261,-2.5986e-05,-4.1983e-06,-1.7369e-19,-2.5539e-20
-6.8537,2.9548,2.8303e-05,1.0054e-05,-1.8807e-19,-2.8513e-20
-6.784,2.9826,-4.4921e-05,-7.0308e-06,-1.4971e-19,-2.7888e-21
-6.7131,3.0096,1.1339e-05,6.0735e-06,-1.1377e-19,2.2785e-20
-6.6409,3.0357,7.0228e-05,1.7087e-05,-8.0286e-20,4.8172e-20
-6.5681,3.0608,-3.2664e-05,-1.972e-06,-4.9362e-20,7.3232e-20
-6.4945,3.0848,3.5451e-05,9.049e-06,-2.088e-20,9.8014e-20
-6.4202,3.1076,-4.508e-05,-2.1702e-06,-1.2461e-20,3.9864e-20
-6.3451,3.1294,6.2927e-05,1.0623e-05,-1.399e-20,-5.7597e-20
-6.2696,3.1498,-3.3159e-05,6.0777e-07,-1.6819e-20,-1.5462e-19
-6.1936,3.169,6.6841e-05,8.2425e-06,-2.0876e-20,-2.5131e-19
-6.1174,3.1869,-3.3795e-05,1.2616e-06,-2.6046e-20,-3.4728e-19
-6.0411,3.2034,6.4224e-05,4.9327e-06,-2.6951e-20,-2.2329e-19
-5.9651,3.2185,-3.7278e-05,1.5127e-06,-2.2902e-20,1.2822e-19
-5.8891,3.2321,4.5747e-05,1.62e-06,-1.9255e-20,4.7781e-19
-5.8134,3.2443,-4.9115e-05,2.5407e-06,-1.5977e-20,8.2489e-19
-5.7378,3.255,9.2809e-06,8.4712e-07,-1.302e-20,1.1709e-18
-5.6621,3.2642,-6.0889e-05,6.1096e-06,-1.2965e-20,9.7363e-19
-5.5859,3.2718,1.6641e-05,1.9324e-07,-1.824e-20,-3.9142e-19
-5.5092,3.2778,-3.7725e-05,7.4675e-06,-2.3119e-20,-1.7668e-18
-5.4318,3.2822,4.0883e-05,-3.3778e-06,-2.7838e-20,-3.155e-18
-5.3538,3.2849,-1.2651e-05,5.4135e-06,-3.2606e-20,-4.5521e-18
-5.2755,3.286,5.9939e-05,-8.8696e-06,-3.7897e-20,-4.1102e-18
-5.1972,3.2854,2.9228e-06,1.7988e-06,-4.4436e-20,2.2512e-18
-5.1189,3.2832,-2.5676e-05,8.1173e-06,-5.1567e-20,8.5941e-18
-5.0407,3.2794,6.3144e-05,-1.4949e-05,-5.9435e-20,1.491e-17
-4.9629,3.274,-9.3018e-06,3.1969e-06,-6.8104e-20,2.1154e-17
-4.8855,3.267,-2.389e-05,1.0095e-05,-7.232e-20,0.0005236
-4.8085,3.2583,5.0768e-05,0.0017089,-5.9193e-20,0.0029017
-4.732,3.2482,-4.1606e-06,0.00402,-5.023e-20,0.0051054
-4.6562,3.2365,-5.2097e-05,0.0061397,-4.6125e-20,0.0071038
-4.5805,3.2232,1.9503e-05,0.0079993,-4.764e-20,0.0088715
-4.5052,3.2084,-3.3234e-05,0.0097667,-5.7666e-20,0.01352
-4.4298,3.1918,2.4581e-05,0.039561,-1.0455e-19,0.065508
-4.3546,3.1738,-3.9512e-05,0.091203,-1.5313e-19,0.11674
-4.2793,3.1544,1.3373e-05,0.14208,-2.0343e-19,0.16731
-4.204,3.1337,6.6127e-05,0.19223,-2.5513e-19,0.21704
-4.1293,3.112,-2.6125e-05,0.24144,-3.0769e-19,0.2656
-4.055,3.0895,3.2831e-05,0.29012,-2.6843e-19,0.31488
-3.9813,3.0661,-3.7704e-05,0.33971,-2.0073e-19,0.36451
-3.9081,3.0421,5.3523e-05,0.3894,-1.2002e-19,0.41436
-3.8356,3.0174,-2.8881e-05,0.43933,-2.6127e-20,0.46427
-3.7639,2.9922,5.3743e-05,0.48925,8.1259e-20,0.51427
-3.6932,2.9666,-3.0518e-05,0.53862,1.5073e-19,0.56169
-3.6234,2.9407,4.8661e-05,0.5839,1.642e-19,0.60611
-3.5549,2.9145,-3.4433e-05,0.62796,2.2471e-19,0.64971
-3.4875,2.888,3.1715e-05,0.67146,2.6187e-19,0.6932
-3.4213,2.8613,-4.3875e-05,0.7149,2.7586e-19,0.73651
-3.356,2.8342,2.249e-06,0.75817,2.6697e-19,0.77981
-3.2915,2.8066,-5.1837e-05,0.80045,2.441e-19,0.81987
-3.2274,2.7782,8.2862e-06,0.83913,2.1355e-19,0.85844
-3.1638,2.7491,5.6809e-05,0.87782,1.7249e-19,0.89729
-3.1011,2.7195,-1.1044e-05,0.91675,1.2098e-19,0.93618
-3.0394,2.6896,2.9929e-05,0.95561,5.9124e-20,0.97505
-2.9788,2.6594,-2.1254e-05,0.99447,-1.2815e-20,1.0138
-2.9193,2.629,2.8775e-05,1.0328,-7.8924e-20,1.0507
-2.861,2.5984,-1.6657e-05,1.0675,-1.262e-19,1.0842
-2.8038,2.5675,-3.7837e-05,1.101,-1.8082e-19,1.1176
-2.7474,2.5361,3.0154e-05,1.1343,-2.2302e-19,1.151
-2.692,2.5044,-2.3238e-05,1.1675,-3.0708e-19,1.184
-2.6375,2.4723,3.6797e-05,1.2005,-4.8767e-19,1.2171
-2.584,2.4401,-7.5865e-06,1.2336,-7.625e-19,1.25
-2.5316,2.4076,-4.1053e-05,1.2663,-9.8542e-19,1.2814
-2.4799,2.3747,1.1098e-05,1.2956,-1.0214e-18,1.3098
-2.429,2.3414,-2.8412e-05,1.3241,-1.1629e-18,1.3383
-2.3785,2.3074,1.3528e-05,1.3527,-1.411e-18,1.3671
-2.3287,2.2731,4.7119e-05,1.3815,-1.7648e-18,1.396
-2.2799,2.2387,-1.9408e-05,1.4105,-2.2193e-18,1.4249
-2.232,2.2042,7.1778e-06,1.4393,-2.7719e-18,1.4536
-2.185,2.1696,-4.8155e-05,1.4681,-3.4209e-18,1.4824
-2.1385,2.1346,0.0061629,1.4964,0.01969,1.5094
-2.0923,2.099,0.035834,1.5217,0.052212,1.534
-2.0466,2.0632,0.06918,1.5463,0.08626,1.5587
-2.0017,2.0276,0.10373,1.5711,0.12146,1.5834
-1.9573,1.9921,0.13958,1.5958,0.15789,1.6083
-1.9135,1.9567,0.17662,1.6207,0.19542,1.6332
-1.8704,1.9217,0.21447,1.6456,0.23373,1.658
-1.8278,1.887,0.25329,1.6704,0.27296,1.6829
-1.7857,1.8525,0.29289,1.6955,0.31308,1.7079
-1.7437,1.8181,0.33354,1.7199,0.35393,1.731
-1.7017,1.7835,0.37454,1.7417,0.39544,1.7523
-1.6594,1.7485,0.41743,1.763,0.44075,1.7738
-1.6169,1.7134,0.46489,1.7847,0.48876,1.7957
-1.5746,1.6784,0.51233,1.8067,0.53579,1.8177
-1.5322,1.6434,0.55902,1.8288,0.58207,1.84
-1.4898,1.6083,0.60487,1.8514,0.62767,1.8627
-1.4468,1.5727,0.6504,1.8742,0.67313,1.8859
-1.4033,1.5364,0.69589,1.8977,0.71854,1.9097
-1.3595,1.4999,0.74111,1.9217,0.76323,1.9326
-1.3157,1.4636,0.78489,1.9424,0.80642,1.9522
-1.272,1.4272,0.8277,1.9622,0.84881,1.9721
-1.2281,1.3908,0.86969,1.9822,0.89055,1.9922
-1.184,1.3539,0.91007,2.0024,0.92746,2.0127
-1.1396,1.3167,0.94361,2.023,0.95959,2.0335
-1.0952,1.2794,0.97542,2.044,0.99117,2.0545
-1.0508,1.2419,1.0068,2.0651,1.0222,2.0758
-1.0066,1.2045,1.0375,2.0866,1.0527,2.0973
-0.96258,1.167,1.0676,2.1077,1.0824,2.1169
-0.91875,1.1294,1.0968,2.1252,1.1112,2.1334
-0.87511,1.0918,1.1255,2.1418,1.1396,2.1501
-0.83171,1.0542,1.1535,2.1585,1.1674,2.1669
-0.78843,1.0164,1.1811,2.1754,1.1949,2.1838
-0.745,0.97798,1.2085,2.1924,1.2216,2.2011
-0.70144,0.93908,1.2309,2.2098,1.2402,2.2186
-0.65766,0.89955,1.2495,2.2275,1.2587,2.2365
-0.61374,0.85947,1.2679,2.2456,1.2771,2.2547
-0.56958,0.8187,1.2862,2.2633,1.2952,2.2708
-0.5253,0.77744,1.3042,2.2772,1.3131,2.2838
-0.48126,0.73608,1.3219,2.2904,1.3306,2.2969
-0.43738,0.69455,1.3393,2.3034,1.3478,2.31
-0.39362,0.65278,1.3563,2.3167,1.3648,2.3233
-0.34961,0.61036,1.3732,2.33,1.3816,2.3368
-0.30525,0.56723,1.3889,2.3436,1.3941,2.3506
-0.26085,0.52377,1.3981,2.3575,1.402,2.3645
-0.2168,0.48045,1.4058,2.3715,1.4096,2.3784
-0.17301,0.43716,1.4133,2.3844,1.4169,2.389
-0.12942,0.39382,1.4204,2.3929,1.4239,2.3967
-0.08572,0.35011,1.4274,2.4005,1.4309,2.4044
-0.041935,0.30605,1.4342,2.4082,1.4376,2.412
0.0021518,0.26143,1.441,2.4158,1.4443,2.4197
0.046289,0.21658,1.4476,2.4235,1.4508,2.4274
0.090047,0.17199,1.4526,2.4313,1.4525,2.435
0.13348,0.12762,1.4515,2.4387,1.4504,2.4425
0.17649,0.083582,1.4493,2.4462,1.4482,2.4499
0.21932,0.039623,1.4471,2.4524,1.446,2.4534
0.26201,-0.0043231,1.4448,2.4537,1.4437,2.4538
0.30495,-0.048657,1.4425,2.4538,1.4413,2.4539
0.34822,-0.093439,1.4401,2.4538,1.4388,2.4538
0.39162,-0.13846,1.4375,2.4537,1.4363,2.4536
0.43533,-0.18388,1.435,2.4533,1.4337,2.4531
0.47926,-0.22954,1.4304,2.4527,1.4253,2.4523
0.52306,-0.27511,1.4201,2.4518,1.4149,2.4512
0.56678,-0.32059,1.4098,2.4505,1.4046,2.4499
0.61035,-0.36593,1.3995,2.4481,1.3945,2.4444
0.65393,-0.41128,1.3894,2.4396,1.3844,2.4348
0.69746,-0.45657,1.3793,2.4299,1.3744,2.4248
0.74102,-0.50186,1.3694,2.4196,1.3644,2.4144
0.78445,-0.54701,1.3594,2.409,1.3545,2.4036
0.82786,-0.59213,1.3495,2.398,1.3442,2.3923
0.87149,-0.63741,1.3358,2.3863,1.3274,2.3803
0.91531,-0.68282,1.319,2.374,1.3107,2.3677
0.95935,-0.7284,1.3025,2.3611,1.2943,2.3546
1.0035,-0.77398,1.2861,2.3466,1.278,2.3365
1.0477,-0.81959,1.2699,2.3251,1.2618,2.3136
1.0919,-0.86514,1.2538,2.302,1.2459,2.2901
1.1362,-0.91075,1.238,2.278,1.2301,2.2659
1.1807,-0.95645,1.2222,2.2534,1.2145,2.2408
1.2256,-1.0025,1.2059,2.2278,1.1958,2.2146
1.2709,-1.0487,1.1848,2.2008,1.1738,2.187
1.3162,-1.095,1.1629,2.1729,1.1521,2.1586
1.3618,-1.1414,1.1414,2.144,1.1308,2.1293
1.4076,-1.1879,1.1202,2.1114,1.1096,2.0916
1.4533,-1.2343,1.0991,2.0712,1.0887,2.0506
1.4993,-1.2809,1.0784,2.0296,1.0681,2.0084
1.5456,-1.3277,1.0579,1.9868,1.0477,1.9649
1.5927,-1.375,1.0375,1.9423,1.0271,1.9195
1.6403,-1.4228,1.0138,1.8957,1.0007,1.8714
1.6887,-1.4711,0.98758,1.8465,0.97444,1.8213
1.7378,-1.5198,0.96139,1.7955,0.94845,1.7693
1.7875,-1.5691,0.93556,1.7411,0.92257,1.71
1.8377,-1.6187,0.90965,1.6763,0.89685,1.6421
1.8885,-1.6687,0.88412,1.6072,0.87138,1.5719
1.9398,-1.7192,0.85873,1.5358,0.84621,1.4993
1.9919,-1.7701,0.83365,1.4618,0.82063,1.4237
2.0446,-1.8216,0.80526,1.3838,0.78987,1.3435
2.0976,-1.8733,0.77469,1.3025,0.75967,1.261
2.1509,-1.9252,0.74481,1.2188,0.73001,1.1761
2.2044,-1.9774,0.71521,1.1272,0.70054,1.0765
2.2583,-2.0299,0.68599,1.0246,0.67149,0.97224
2.3125,-2.0827,0.65714,0.91883,0.64292,0.86491
2.3671,-2.136,0.62886,0.80985,0.61483,0.75437
2.4219,-2.1895,0.59991,0.69724,0.58373,0.63881
2.477,-2.2433,0.56726,0.57899,0.55097,0.51857
2.5325,-2.2976,0.53485,0.45678,0.51879,0.39445
2.5884,-2.3523,0.50281,0.34342,0.48681,0.30575
2.6446,-2.4073,0.47096,0.27158,0.4553,0.23853
2.7015,-2.4627,0.43976,0.20762,0.42445,0.17777
2.7594,-2.5183,0.40932,0.14999,0.39428,0.12339
2.8182,-2.574,0.37894,0.098814,0.36248,0.07509
2.8778,-2.6296,0.34554,0.053757,0.32873,0.033937
2.9382,-2.6848,0.31238,0.016932,0.29631,0.001394
2.9992,-2.7394,0.28034,2.8131e-05,0.26453,7.1603e-17
3.0609,-2.7932,0.2492,-1.2588e-06,0.23423,5.6576e-17
3.1235,-2.846,0.21974,-2.1325e-05,0.20552,4.0461e-17
3.1871,-2.8977,0.19179,1.2614e-05,0.17848,2.3238e-17
3.252,-2.9483,0.16575,-1.8219e-05,0.1544,5.071e-18
3.3182,-2.9977,0.14652,-4.3289e-05,0.1384,-1.1673e-17
3.3849,-3.0454,0.12999,7.3022e-07,0.12144,-1.2802e-17
3.4523,-3.0915,0.11275,2.1393e-05,0.10418,-9.4166e-18
3.5208,-3.136,0.095544,-1.9619e-05,0.086801,-5.9548e-18
3.5901,-3.1789,0.078053,1.1349e-05,0.06937,-2.4276e-18
3.6604,-3.2201,0.060703,-2.0178e-05,0.051912,1.1648e-18
3.7311,-3.2596,0.04317,1.2238e-05,0.034491,4.4316e-18
3.8023,-3.2973,0.025811,-1.197e-05,0.017082,3.3954e-18
3.8738,-3.3334,0.0084656,1.7118e-05,6.4219e-17,2.3436e-18
3.9457,-3.3677,1.1515e-05,8.1768e-07,6.1221e-17,1.2337e-18
4.0182,-3.4005,-6.032e-05,2.0456e-05,5.854e-17,1.8527e-19
4.0916,-3.4318,1.6693e-05,1.8514e-08,5.6152e-17,-8.1087e-19
4.1659,-3.4618,0.00049844,1.3087e-05,0.0016717,-9.5753e-19
4.2414,-3.4904,0.0028302,-5.1186e-06,0.0038219,-6.6926e-19
4.3178,-3.5178,0.0046686,6.1342e-06,0.0054642,-3.9274e-19
4.3952,-3.5438,0.0061441,-8.2661e-06,0.0066252,-1.2744e-19
4.4731,-3.5686,0.0070145,2.4664e-06,0.0073286,1.2609e-19
4.5514,-3.592,0.0075281,6.8471e-06,0.0077975,2.0482e-19
4.6305,-3.6142,0.0078891,5.412e-06,0.0079581,1.3893e-19
4.7104,-3.6351,0.0078917,-4.7967e-06,0.0076549,7.6488e-20
4.7909,-3.6548,0.0073286,-2.9868e-07,0.006926,1.7451e-20
4.872,-3.6733,0.0063663,2.2099e-06,0.0058155,-3.8447e-20
4.9538,-3.6905,0.0051428,-3.9946e-06,0.0043045,-4.823e-20
5.0359,-3.7065,0.0034269,-1.3148e-06,0.0025432,-3.2877e-20
5.1184,-3.7211,0.0016467,-3.2725e-06,0.00062837,-1.8118e-20
5.201,-3.7345,6.1783e-05,-2.3029e-06,3.7448e-17,-3.9045e-21
5.2836,-3.7465,3.2922e-05,-2.0511e-06,3.6499e-17,9.7322e-21
5.3661,-3.757,-4.5188e-05,-4.8213e-06,3.5809e-17,8.4593e-21
5.4488,-3.7662,1.2248e-05,-2.6441e-06,3.5287e-17,5.1669e-21
5.5315,-3.7739,7.1206e-05,2.5458e-06,3.4914e-17,1.9854e-21
5.6139,-3.7802,-3.4982e-05,-7.1179e-06,3.4676e-17,-1.0933e-21
5.6958,-3.7849,3.3402e-05,1.1029e-06,3.4542e-17,-3.6375e-21
5.7773,-3.7881,-4.8598e-05,-1.1097e-05,3.4323e-17,-2.6823e-21
5.8586,-3.7897,5.8941e-05,7.6243e-06,3.422e-17,-1.7475e-21
5.9393,-3.7897,-3.7412e-05,-1.1068e-05,3.4221e-17,-8.2749e-22
6.0198,-3.788,-7.7619e-05,-2.3262e-05,3.4326e-17,9.0329e-23
6.1006,-3.7844,4.9574e-05,9.7385e-06,3.4411e-17,7.0623e-22
6.1816,-3.779,-3.3308e-05,-1.6143e-05,3.4259e-17,4.9287e-22
6.2628,-3.7715,5.5332e-05,1.3441e-05,3.4184e-17,2.7544e-22
6.344,-3.7621,-3.2664e-05,-1.8602e-05,3.4171e-17,5.2289e-23
6.4252,-3.7506,2.3955e-05,3.6996e-06,3.421e-17,-1.7928e-22
6.5061,-3.7372,7.7983e-05,2.883e-05,3.4998e-17,-2.8088e-22
6.5863,-3.7219,1.7934e-05,-1.1481e-05,0.00088765,-2.0434e-22
6.6656,-3.7048,0.0030155,1.3303e-05,0.0051578,-1.2315e-22
6.7438,-3.6859,0.0074602,-1.9478e-05,0.0099121,-4.0985e-23
6.8212,-3.6651,0.012533,1.5947e-05,0.015178,4.2574e-23
6.8976,-3.6425,0.018222,-1.433e-05,0.021816,7.9776e-23
6.9732,-3.6178,0.025701,-3.2585e-05,0.029712,6.0053e-23
7.0485,-3.591,0.033757,2.459e-05,0.037747,3.9233e-23
7.1232,-3.5621,0.041794,-6.9087e-07,0.045846,1.7201e-23
7.1973,-3.5311,0.04987,-2.8215e-05,0.053973,-6.2027e-24
7.2712,-3.4978,0.058081,3.9654e-05,0.061958,-2.438e-23
7.3444,-3.4626,0.065655,6.1459e-06,0.069323,-1.8921e-23
7.4168,-3.4254,0.07294,-2.3511e-05,0.076597,-1.3084e-23
7.4888,-3.3861,0.080228,2.9557e-05,0.083769,-6.8256e-24
7.56,-3.345,0.087275,-1.1727e-05,0.090777,-1.2735e-25
7.6304,-3.302,0.094009,3.2444e-05,0.096931,6.7061e-24
7.7,-3.2573,0.099613,-1.9783e-05,0.1022,6.7612e-24
7.7688,-3.2108,0.1047,2.2478e-05,0.10713,4.8255e-24
7.8367,-3.1627,0.10947,-3.5001e-05,0.11184,2.9676e-24
7.9039,-3.1127,0.11412,9.2083e-06,0.11634,1.184e-24
7.9706,-3.0606,0.11844,-5.2704e-05,0.1206,-5.2528e-25
8.0371,-3.0063,0.12265,1.7516e-05,0.12464,-2.1647e-24
8.1031,-2.9498,0.12642,8.5664e-05,0.12802,-1.7403e-24
8.1683,-2.8918,0.12924,-9.6392e-06,0.13031,-1.0086e-24
8.2326,-2.8322,0.13124,-5.1583e-05,0.1322,-4.3938e-25
8.2962,-2.7707,0.13308,5.4776e-05,0.13383,-9.5285e-26
8.359,-2.7077,0.13451,-2.1594e-05,0.13517,1.6814e-26
8.4209,-2.6431,0.13577,6.9875e-05,0.13622,-1.0702e-25
8.4815,-2.5775,0.13651,-1.752e-05,0.13674,-2.4741e-25
8.541,-2.5108,0.13676,5.6072e-05,0.13648,-2.9804e-25
8.599,-2.4434,0.13606,-2.8356e-05,0.13564,-2.8874e-25
8.6556,-2.3752,0.13515,2.2264e-05,0.1346,-2.2924e-25
8.7108,-2.3063,0.13396,-4.2323e-05,0.13334,-1.2061e-25
8.7647,-2.2364,0.13265,2.5831e-05,0.13189,3.6481e-26
8.8174,-2.1657,0.13107,-2.6093e-05,0.13025,2.4117e-25
8.8688,-2.094,0.12906,4.4725e-05,0.12774,2.4371e-25
8.9188,-2.0216,0.12638,-6.9148e-06,0.12502,2.0868e-25
8.9675,-1.9486,0.12365,6.01e-05,0.12221,1.6676e-25
9.0146,-1.8755,0.12077,4.9044e-06,0.11932,1.184e-25
9.06,-1.8024,0.11783,-2.3568e-05,0.11636,6.4018e-26
9.104,-1.729,0.11478,-2.4574e-05,0.11309,5.0096e-27
